text,label
คุณชาย กอล์ฟ แลกกับโมราต้า และเบียร์ ลีโอ ลังนึง,neutral
แล้วที่เกิดอุบัติเหตุแล้วไป รพ รัฐ ไปห้องฉุกเฉิน เค้าก็ให้ใช้สิทธิ์ บัตรทอง 30 บาท อันนั้น ไม่ใช้ งบประมาณรัฐเหรอครับ ขับไปชนเสาไฟ เงินซ้อมเสาไฟ ไม่ใช่ของรัฐเหรอครับ เงินเดือนหมอพยาบาล ที่ดูแลคนเจ็บ มิใช่ เงินจากรัฐเหรอครับ,neutral
กินกะหนูไงง,positive
สำนักงานทรัพย์สิน เมื่อเป็นเจ้าของ ควรสั่งรื้อทิ้งได้นะ,neutral
งืออ,neutral
ก้อนไม่ได้ทำอะไรน้า :),neutral
เธอบอกว่าเหล้าเบียร์ไม่เตะ🙌 เธอเสือกกะเดะไปจิบสปาย😂 แคปชั่น แคปชั่นกวนตีน แคปชั่นเด็ด แคปชั่นอ่อย แคปชั่นโสด แคปชั่นเสี่ยว,negative
เช้าๆอากาศเย็น ไม่ต้องตกใจ!! หากหน้าจอรถยนต์มิตซูบิชิของท่านมีสัญลักษณ์นี้แสดงที่หน้าปัดนะคะ ปกติ ดีค่ะ ท่านใดทราบบ้างว่า สัญลักษณ์นี้คือ?,negative
บ่นกันเยอะเเต่ชื่อไม่ลงก็นั้นเเหละดูดกันเเบบเเอบๆในบ้าน พกออกไปข้างนอกทีเหมือนพกยาบ้าไปเหอพๆ,neutral
เต้ ภูริต = ทายาทผู้บริหารเบียร์สิงห์ เพิ่งไปหาจากกูเกิลมาเนี่ย55 เป็นไงล่ะคุ้นมาก ถอดหน้ากากออกมา ใครวะ55 themasksinger3,negative
ไปดิๆๆ,positive
ม่ายย มันเน้นไก่หมู กูเน้นกุ้งกับปลสหมึกกรอบ,negative
ครอบครัวรัก รักครอบครัว น่ากินจุง,positive
Dmax G1 ที่บ้าน 15 ปีเครื่องเดิมๆไม่เปลี่ยนไม่เคยมีปัญหา ซื้อใหม่อีกคันสงสัยคงต้องเอา Dmax กลับมาพิจารณาใหม่,negative
รีโว่แค็ป ราคา9แสนกว่าเลยหรอคับ,neutral
อุณหภูมิมนุษย์เดือด=(คุณวุฒิ+วัยวุฒิ)/ผลประโยชน์ ถ้าตัวหารเยอะ จุดเดือดก็จะตำ่ไปด้วย เดือดง่ายนะหมอ,neutral
อยู่ด้วยกันนานๆน่ะอยากทำแบบนี้บ้างจัง💏,neutral
รอกินฟรี,neutral
"ปี 2017 Shopee ขาดทุน 1,400 ล้านบาท Grab ขาดทุน 990 ล้านบาท Lazada ขาดทุน 570 ล้านบาท แล้วทำไม Startup ที่จดทะเบียนในประเทศไทยทั้ง 3 บริษัท ถึงยอมที่จะขาดทุน ลงทุนแมนจะเล่าให้ฟัง",neutral
เรื่องเหล้าของวันวาน ปล.ขิ่นแม่งอ่อน เหมียวบุญมี เหมียวมะขิ่น เหมียวเตนล์ 텐냥 tigerjamsth tigerbeerth,negative
ทำไมเค้าไม่ผลิตยาคูลล์ให้ขวดใหญ่เท่ากับขวดเบียร์ช้างอะครับ,neutral
"วันที่ 1 พ.ย. นี้พบกับงาน Jamnight by Jameson ที่รวบรวมศิลปินร้องเพลงเพราะ ฟังสบาย ไม่ว่าจะเป็น EWERY, TEN TO TWELVE และ PAUSE ได้ที่ร้าน Older เวลา 19.00 น. *จำกัดอายุ 20 ปีขึ้นไป JamnightbyJameson JamsonThailand",neutral
- The chainsmokers & coldplay ฟังได้เรื่อยๆ เบสไม่หนักเกิน ไดนามิกครบ รวมๆแล้งลงตัวที่สุด เหมือน Jack Daniel's,neutral
จะชวนพ่อไปกินเอ็มเค และให้พ่เจ่าย ฮือออ ทำไมกูเลวว,negative
แม่ค้ารถเข็นส้มตำผ่านหน้าบ้านกูประจำ กูบังเอิญเห็นค่ำๆวันที่นางไม่เข็นมาขาย อิดอกขับฟอร์จูนเนอร์,positive
ตรังไม่มีแมคโดนอล,neutral
รอดูนาวาร่าเเปลงกายรับรองมาแน่พี่ไทยทำชัว,neutral
พรุ่งนี้มั้ย,positive
อีสัสสยังไม่เข็ดกับแสงโสมอีกก,negative
แจกตั๋วเครื่องบิน ไปเกาหลี กรุงเทพ - อินชอน 1 ใบ ถ้า พรรคไทยรักษาชาติ ชนะการเลือกตั้งปี 2019 และทูลกระหม่อมหญิงอุบลรัตน์ฯ มหิดล ได้รับตำแหน่งนายกคนต่อไป แจกจริงไม่จ้อจี้ ไม่แจกเรียกคนมารุมกระทืบได้จ้า กติกา รี +ฟอล กูไม่ใช่แอคเสี้ยมม อย่าเสือกรีพอต ทรงพระสเลนเดอร์,neutral
แพ้ผ้าอนามัยอะทำไงดี😭 — เปลี่ยนยี่ห้อที่ใช้,negative
แง้ะะะ,neutral
โอ้ย..ช่วงนี้งดออกงาน พลาดแล้ว ห่อมาฝากเลย,neutral
กูพึ่งกินมะคืนม่ะค่ะ,neutral
นิสสันในภาพยังเป็นรถยนต์ต้นแบบ แต่ที่มีขายแล้วคือเทสล่า Tesla model X ที่วิ่งได้หกร้อยกว่ากิโลเมตรต่อการชาร์ทไฟหนึ่งครั้งครับ มีขายแล้วด้วย,neutral
สำหรับชั้ลกากสุดก็บิโอเร กับ นีเวีย,negative
หิว อีกนิดจะขับไปซื้อแมคแล้ว ไม่ไหวแล้วโว้ย,negative
เปลี่ยนๆๆขอโฮการ์เด้น 55,positive
หมอรักษาโรคหัวใจไม่เก่งด้วย หมอเก่่งแต่ผ่าตับไตแล้วกินๆ,neutral
โรงพยาบาลพญาไทศรีราชา ขอเชิญทุกท่านร่วมบริจาคชุดดำสุภาพ เพื่อแบ่งปันให้สำหรับผู้ที่ไม่มีในงานพิธีถวายพระเพลิงพระบรมศพพระบาทสมเด็จพระปรมินทรมหาภูมิพลอดุลเดชบรมนาถบพิตร ตั้งแต่วันนี้ถึงวันที่ 25 ตุลาคม 2560 นี้ค่ะ โดยท่านสามารถร่วมแสดงน้ำใจได้ 2 ช่องทางดังนี้ ◽ ชั้น 2 ณ ที่ว่าการอำเภอศรีราชา ◽ ชั้น 4 แผนกทรัพยากรบุคคล รพ. พญาไท ศรีราชา,neutral
ออกนาวาร่า ดีกว่า,neutral
ไปคิดอยู่ห้องง,neutral
วันนี้ก็ได้นะ555,neutral
นพ.ท่านไม่เคยศึกษาเลยสินะ หลับหูหลับตาพูดไปเรื่อย,neutral
วันไหนดี อือิ,positive
กินเสดแระเลยไปเข้าฟิตเนต มันก็จะดีนะ,neutral
นิสสัน จ้องติดท็อป 3 แดนมังกร,neutral
รองพื้น TRUEMATCH is my SOULMATE! อยากได้รองพื้น TRUEMATCH เพราะเป็นรองพื้นที่ชอบมากๆ ค่ะ ทาแล้วทำให้ผิวดูสวย เด้ง โกลว แบบเป็นธรรมชาติ ยิ่งถ่ายรูปออกมานี่หน้าเนียนเด้ง สวยงาม ดูผิวใสเป็นธรรมชาติ มีโทนสีที่เหมาะกับผิวเรามากๆ ไม่เป็นคราบ ไม่หนาจนทำให้รู้สึกเหนอะผิวด้วยค่ะ ชอบมากๆ เลย LOrealParisTH TrueMatch TrueToMyShade ลอรีอัลปารีสเมคอัพ,positive
"มาปลุกสัญชาตญาณของสิ่งมีชีวิต ทั้งระบบนิเวศน์ในป่า..ตี้! กับ ""ปรากฏการณ์จันทร์เต็มดวงใหม่"" ครั้งนี้ ที่ร้านโกดัง9 พะเยา ร่วมค้นหาไปพร้อมกันกับ T Bone วันที่ 22 ธันวาคมนี้ เสือ เหยื่อ กระต่าย นก ชะนี SangSomNorthmoonป่าตี้ redefinefullmoon นกไม่นกรู้กัน จะเสือหรือจะเหยื่อก็ว่ามา โกดัง9",positive
<Jusme Color> Essence Foundation ส่วนตัวใช้แล้วไม่ดรอปจริงๆ ค่ะ คอนเฟิร์ม แต่ไม่ค่อยควบคุมความมันเท่าไหร่ ยังมันตรงบริเวณทีโซนอยู่ ตัวนี้คิดว่าเหมาะกับคนผิวแห้งและผิวไม่มันมากกว่าค่ะ ตอนนี้ใช้จะหมดขวดแล้ว มีรองพื้นตัวไหนที่ควบคุมความมันกว่านี้มั้ยคะ,negative
อันนี้เคลมว่าไม่มีแอลน่ะค่ะ จริงๆแบรนด์ไทยนะ ถ้าจำไม่ผิด 55 คือเค้าบอก non chemical เราเคยใช้บิโอเร…,negative
วันนี้สัญญาณแย่มากปกติเล่นได้ไว เป็นไรคะ ระบบมีปัญหารึป่าว งง มากกก,negative
มันก็จะเศร้าๆเทเหล้าเป็นกลม น้ำอัดลม+โซดา พอคืนต่อมา+เบียร์ ถ้ายังไม่เพลีย+ ชีวาส ถ้าตัดจัยไม่ขาด+ไฮนาเก้น. รัยงี้ชีวิตกุรส์แม่ง😂😂ก็กูมันคนอินดี้ พ่ามพ้ามมม,negative
ลูกสูบของวีออสไม่ได้ออกแบบมาเพื่อติดแก้ส lpg ก็มีคนเอาไปติดแก็สไม่เกินปีลูกสูบมีปัญหาแน่นอน แต่โคโรลล่า เขาออกแบบมาเพื่อติดแก็สได้ มีทั้งติดตั้งที่โรงงานเลยและติดตามข้างนอก ถ้าเอาviosไปติดหมดประกันศูนย์แน่นอน ราคาซ่อมและเปลี่ยนลูกสูบก็หลายหมื่น แต่โคโรล่าเขาเกิดมาเพื่อสิ่งนี้,negative
mazda cx 5 น้ำดัน ปัญญาโลกแตก,negative
เค้าชอบ MG3,positive
พี่ก้อนน,neutral
Noo,negative
ป้ะลอง,positive
ทิตหน้าเจอกานน 😻,neutral
แต่เทียน่ามันขายไม่ดี นิสสันคงเน้นทำอีโคคาเต็มตัว555+,negative
เอาบัตรเลาไปป~,neutral
สภาพหลังจากโดนบารบีก้อน555,neutral
ถ้าทำประตูเปิดเหมือนRX8 เจ้า CHR จะเป็นผู้บุกเบิกรถทรงนี้อย่างเต็มตัว..เพราะมันจะเข้ากับบุคลิกรถแคปทึบสปอร์ต..น่าเสียดาย,negative
ACLS รพ.สมิติเวช ศรีราชา 7-8 พ.ย.60,neutral
เซเว่นมีแล้วคับ,neutral
แคบหมูเซเว่นไม่อร่อยเหมือนแคบหมูจริงๆแบบออริจินัลอะ มันมั่ยชั่ยอะ!!,negative
เกริ่นก่อนนะครับ ผมเป็นคนที่เหี้ยมาก อ่า โอเค ผมลองป๋องดำมาอ่ะครับ สั้นๆ เสียดายตังค์,negative
บ่ายๆ พี่ก้อนำเสนอนะคะ,neutral
สาขาโฮมโปรกิ่งแก้ว พนักงานไร้มารยาทมาก พูดจาไม่ดี ชักสีหน้าใส่ กระแทกของเสียงดังลั่นร้าน ไม่ได้ทำกับเราคนเดียว ทำกับลูกค้าทุกคนในร้าน เจอแบบนี้ทุกครั้งไม่เคยแก้ไขเลย,negative
เลี้ยงเค้าหรอ,neutral
จะพุ่งตัว,neutral
ทีแรกจะซื้อมาสด้าสองและซีเอ๊ก3 พร้อมกันสองคันเพราะชอบสเปกรถสวยดี เพื่อนห้ามไว้ก่อนบอกอย่าเสี่ยงเลย ดีที่ไม่ซื้อ ถ้ามีปันหามาเราประท้วงคงโดนฟ้อง555+,negative
299 499 599...😁😁😁,neutral
Nissan city Car กับข้อเสนอพิเศษ ดาวน์ต่ำผ่อนสบาย น่าสนใจมาก แฟนชอบนิสสันมาร์ชครับ ว่าจะพาแฟนไปลองขับดูสักวันครับ,positive
ให้เฮียพีเลี้ยงสิ คริ ๆ,neutral
14 กุมภาพันธ์ ทูลกระหม่อมหญิงอุบลรัตน์ เสด็จเยี่ยมสมาชิกและติดตามผลการดำเนินงานโครงการ TO BE NUMBER ONE ทรงเปิดชมรมและศูนย์เพื่อนใจ TO BE NUMBER ONE โรงเรียนพิจิตรพิทยาคม อำเภอเมือง จังหวัดพิจิตร,neutral
อันนี้น้ำจิ้มไม่อร่อย,negative
คอนซีลเลอร์คลป.ใช้ดีนะ ใช้แต่ของนางจนลืมของnarsไปแล้ว 😂,negative
ไฟท้ายคล้ายโตโยต้ายาริสเลยแต่สวยกว่า,neutral
ขอรูปLa museหน่อยนะคะ อยากไปจัดมากค่ะ เสียดายไม่มีeucerin ขอบคุณมากนะคะ,positive
เปรี้ยวปากเลยยย,positive
คงไม่ไปกินแล้วอ่าค่ะ เสียความรู้สึก พนักงานเดินกันไปๆมาๆ ไม่มีคัยสนจัยจะถามสักคน ปล่อยให้ลูกค้านั่งรออยู่ได้ ราคาก็แพง บริการห่วยแตก ไปกินที่ร้านอื่นราคาเท่ากันบริการดีกว่านี้เยอะ,negative
คิดๆๆ คลีเอทช่วยกันๆๆๆ,neutral
อันนี้อยากกก,neutral
ผ้าอนามัยแบบสอดก็ใช้ไม่เป็น กลัว 55,negative
ป่ะๆๆ พรุ่งนี้มั้ยย,positive
ซูซูกิ ciaz remap ได้ไหมครับ,neutral
ไม่เคยคิดใช้Isuzuเลย นวกรรมเหมือนเดิมๆไม่พัฒนาเท่าไร แค่รถกระบะชูเรื่องประหยัดน้ำมัน ขายและโตได้เฉพาะปท ไทย ที่อื่นๆไม่นิยม ถ้าจัดอันดับขนาดบริษัทรถยนต์ถือว่าเล็กมาก,negative
อีเหี้ยจีนทำเบียร์ช้างปลอม,negative
คริสมาสต์นี้ ใครยังไม่มีแพลนไปไหน มารวมตัวกันที่นี่ !! 🍻💕🇹🇭 TEAMDND Presents the perfect reunion party “DND X’MAS HOMECOMING” วันอาทิตย์ที่ 24 ธันวาคมนี้ ที่ DND พบกับคอนเสิร์ตจาก “Tillybirds” และ “Image The Voice” Free Entry!!! A GOOD TIME IS NOT TO BE DISTURBED RSVP : 094.414.9266 / Line @: .donotdisturb DNDDoNotDisturb DNDBoutiquePlayhouse ChivasExtra untoldproject hangoverprojectbkk cliqueofficialbkk ignitebkk,neutral
สิงห์ไม่ไหวจริง นี่กินแต่ออร่ากับเนสเล่,negative
กุยอมจ่ายเต็ม555,negative
พิจารณา ไม่นาน เรื่องก้เงียบ,neutral
QIPAO PARTY ศุกร์ที่ 16 กุมภาพันธ์นี้ที่ DEMO ปาร์ตี้ต้อนรับเทศกาลตรุษจีน เตรียมชุดกี่เพ้าให้พร้อม งานนี้จัดเต็มทั้ง DEMO Dresscode : กี่เพ้า 20+Bring ID. Party by CLAP reservation pls call 088-888-88 02-22 English service 099-999-99,neutral
จอยจี้คนเดิม เพิ่มเติมคือผมสั้นแล้ว ลุคนี้บอกเลยว่าไม่ได้เห็นบ่อยๆ แน่ 💖 แว๊บไปงานเปิดตัวแป้งตัวใหม่ล่าสุดของ Mille Beaute ของมันต้องมี เพราะเป็นสูตรชาโคล สวยด้วย ดูดซับสิ่งสกปรกด้วย เก๋เว่อร์ มี 3 เฉดสีนะฮะ,negative
สนใจค่ะ รบกวนส่งรายละเอียดเเละ โปรโมชั่น honda civic 1.8e ให้ด้วยค่ะ,neutral
เพื่อประหยัดน้ำมันฮะ​ ไม่ให้รถแบกน้ำหนักมาก​ อีกอย่างชื่อก็บอกละครับ​ Mazda 2 คือใช้ไปกะแฟนสองคนพอ,neutral
ตามคิว โตรอบเทียง อิอิอิ,positive
ยาดองศพพ่อมึงดิ55,negative
ฆ่ามานน,neutral
แคนแคน และ ลิโด canbnk48 จดหมายเด็กแมว,neutral
เชื่อได้หรอ,negative
💥ไม่เสียค่าผ่านประตู<ทุกวัน>. . 💥โปร500 รับRoyal Stag 1ขวด+มิกเซอร์10อย่าง <โปรนี้ใช้ได้ทุกวัน ก่อน24.00น>🎈. 💥สนใจบัตรคอนเสิร์ตPre-sale 150฿ จาก200฿ ตั้งแต่วันนี้จนถึง7 ธ.ค 60 in box มาเลยย,negative
อาทิตย์หน้าเลยไหมล๊า,neutral
แพ้อินนิสฟรีชาเขียวระเบิดระเบ้อ ดีนะที่ของแถมดี เท่ากับซื้อโปสลูกในราคา 850เนาะ ไสยๆ,negative
น่าจะเป็นเพลง slide ของเฮียคาลวินนะ เพราะ Jack Daniel's รสชาตินุ่มเหมือนกัน กินแล้วไม่ได้กระอักกระอ่วน แต่มันไหลไปตามฟีล 😘,positive
อย่างเมาเลยกินง่ายไม่มีกลิ่นแต่ขึ้นตามหลังเมาสุดๆ,neutral
ชาวกรุงตื่นเต้น รถบ้านสุดฮิป U Motel ที่ถูกเนรมิตขึ้นมาจาก U Beer SleepWithU UMotel อย่าลืมติดดาวเพจ เพื่อไม่พลาดเรื่องราวและกิจกรรม,neutral
แท็กแต่ของกินเนอะ 555,neutral
แต่เราไม่ฟันธงนะ ว่ามันคืออะไร อาจจะเป็นเอ็น อย่างที่พนักงานบอกก็ได้เนอะคิดในแง่ดี แต่ช่วงนี้งดไปก่อนละกัน,neutral
เบียร์ช้าง ปวดหัวตายย,negative
หนองของวัวที่ติดเชื้อไวรัสรึป่าว,negative
ทำไมไม่เอาวิชาที่ท่านมีไปวิจัยร่วมกันให้เกิดประโยชกับปชช.ล่ะถ้าวิจัยร่วมกันแล้วสามารถบอกได้ว่าคนเป็นโรคประจำตัวนั้นนี่รักษาไม่ได้นะไม่ดีกว่าสั่งห้ามรักษาเหรอ หรือกลัวเสียหน้าที่เนียนมาแต่มาสู้วิชาบ้านๆไม่ได้ แทนที่จะคิดถึงผลประโยชปชช.จริงกับทำอะไรก้ไม่รุ้ ครามของลุงที่รักษามะเร็งให้ทุเลาอีกรายทำไมไม่วิจัยร่วมกันแถมกีดกันลุงแกอีกจนแกจะเอาสูตรไปขายฝรั่ง ของดีมีไม่ช่วยกันวิจัยศึกษา วันไหนฝรั่งเอาสูตรไปคิดค้นเพิ่มเติมแล้วรักษาได้ เราไม่ซื้อยาจากเขามาแพงๆเหรอรึอาจพอใจที่ว่ามันคือยี่ห้อยาจากต่างประเทศมันดูเท่ไม่เหมือนยาอะไรไม่รุ้มาจากลุงแก่ๆจากบ้านนอกเหรอครับ,neutral
KULOV MAX 7 ได้จริงใช่ไหมคะ อย่าหลอกพวกหนูนะ😂 อินบ้อกไปแล้วว,negative
ลงทะเบียน,neutral
ก็ดี พร้อมหน้าพร้อมตา,neutral
เลี้ยงน่ะ,neutral
ไหนบอกจะลดนน วะ55,neutral
มันน่าาสนจายยย,neutral
แกล้มฮูกาเด้นไป,neutral
วันศุกร์มั้ยย,neutral
ออกรถ honda jazz ไปเมื่อ 30 มีนา เซลไม่เห็นบอกว่ามีลุ้นของรางวัลอะไรเลยค่ะ,negative
จากกระแสตอบรับงาน Heineken Presents Star Venture ที่ผ่านมา ทางทีมงานประกาศเปิดรอบพิเศษให้แก่แฟนเพจ Thairath ในรอบ 18:30 น. เพียง 10 ท่านเท่านั้นเพียงท่าน -แคปหน้าจอโพสนี้ -Inbox ลงทะเบียนผ่านเพจ Heineken ซึ่งเปิดให้ลงทะเบียนตั้งแต่เวลา 13:00 - 15:00น. -ผู้ที่ลงทะเบียนก่อนมีสิทธิ์ก่อน -ผู้ที่ได้รับสิทธิ์ต้องมาก่อนเวลา30นาที -ผู้ที่มาหลังเวลาที่กำหนดถือว่าสละสิทธิ์ -ผู้เข้าร่วมกิจกรรมต้องมีอายุ 20 ปีขึ้นไป StarVenture OpenYourWorld,neutral
ตัดสินใจจะไปเอา Accord hybrid tech 1.86 ล. แต่ไปลองtest drive BMW 330e .. สรุปเพิ่มเงิน 8 ส. เอา 330e top + BSI 5 ปี ครับ 😂😂,neutral
เมื่อไรดี,neutral
อยากราคาเท่าไรค่ะ,neutral
จิ๊บๆเงินโยมเอาไปถวายพระแล้วชื้อรถแล้วมันไม่น่าหนักกะบาลใครน่ะ พระชื้อรถเบนช์มีถมเถไป แค่ซีวิคทำเป็นตื่นเต้น อย่าว่าอิจฉาพระน่ะเดียวนี้มันยุคไหนแล้ว ถ้าพระชื้อเครืองบินทนไม่ได้จะไม่ไปผูกคอตายเหรอปลงๆบ้าง,negative
ยังอยากกินเหมือนเดิม ไม่เปลี่ยนแปลง,positive
แต่กุจะชีทเดย์ทุกวันไม่ได้เนอะะ,neutral
เครื่องสำอางไม่ได้มีแค่ใช้เติมแต่งความสวยหรือเปล่าคะ หรือว่าคำว่าเครื่องสำอางหมายถึงแค่ของที่ใช้ตกแต่งใบหน้า เราว่าเครื่องสำอางมีหลายประเภทนะคะ,neutral
ไปกินกันมะ หลังเลิกงานชิวๆ,positive
ตังเก็บเต็มทุกเดือนแต่เน้ตนี้แย่มาก พอเลย1ทุ่มไปเล่นไม่ได้เลยย เล่นได้อีกที่7โมงเช้า ถ้าวันไหนฟ้าคึร้มก้อเจ๋งอีก เดือนละ1500นี้ไม่ใช่ถูกนะ ทำให้มันคุ้มราคาหน่อยคะ ถ้าเป้นแบบนี้อีกย้ายค่ายแน่นอน,negative
ไอ้สังคมอักเสบมันโหนกระแสอีก,negative
หรือแพ้คีลส์ ? คือไม่ควรปะ สิวขึ้นอีกละ ฮืออ,negative
โอ้ยเข้ากับบรรยากาศ,positive
ก่อนจะเพิ่มเน็ตช่วยแก้ที่สัญญาณก่อนไหมคะ? ในเมื่อฐานลูกค้าใช้เยอะต้องมีแต่สิ่งดีๆสิคะไม่ใช่เอะอะล่มๆแบบนี้ ชอบตอนที่เป็น Orange มากกว่า😆,negative
และสเมอร์นอฟผสมเบียร์ ก็ทำเราใจสั่นได้,neutral
แก้วรั่ว555,neutral
นั่นสิ รออยู่เนี้ยะ,neutral
เออใช่ๆๆ,neutral
ไอ่สัสบุหรี่ไฟฟ้าอันเดียว,negative
ยอมใจพี่นิสสัน!! รถราคา 5 แสน แต่ราคาทะเบียนซื้อรถข้างๆ ได้ 3 คันเลยทีเดียว!!,neutral
หายสงสัย!! หมอเทวดา เปิดใจ สูตรสมุนไพรรักษามะเร็งมีส่วนผสม 3 อย่างนี้ ลั่นชัดจ่ายยากว่า 10 ปี ไม่เคยมีคนเสียชีวิต,neutral
จาอาวว Jack Daniel,positive
ไวแท้หลาว,neutral
เนื้อวัว,neutral
ถ้าทำได้น่าจะดีนะครับ,positive
เรฟลอน โฟโต้เรดดี้ แอร์ บลัช เอฟเฟ็ค เมคอัพ ทุกเฉด รับคูปองส่วนลด 100 บาท โปรโมชั่น Watsons Beauty in Summer (29 มี.ค. - 25 เม.ย. 61),positive
เคยเอามันหมูในBBQ plaza มาลองกินด้วยตอนเด็กๆ คิดว่าเกรียมน่ากินดี อีเวรเหนียวเคี้ยวไม่ออกโว้ย คายทิ้ง เลยรู้ว่ามีห…,negative
ทำไมถึงคิดว่าเหมือนฟอร์ดละครับ ไม่คิดว่าฟอร์ดเหมือน Toyota Tundra บ้างหรอ เพราะ Tundra มันมีมานานกว่าฟอร์ดเรนเจอร์ตัวปัจจุบันอีก,neutral
เห็นดราม่าบาบีก้อนว่ามีพยาธิตัวตืดอยู่ แล้วมีคนถามว่าถ้าสุกจะกินได้ไหมคะ? ไม่เท่าไหร่ มีคนถามว่า ถ้าเคี้ยวละเอียดๆ…,negative
MG มีหมดอะ มากะรถเลย,neutral
เป็นบางสาขาค่ะ บางร้านได้ชิ้นบางมากก แต่บางร้านได้ดีค่ะ,negative
เย็นนี้ไปลองกันมั้ย กินเบาๆ,positive
mamondeเราใช้ก็รู้สึกแห้งมากเหมือนกัน ใครว่าดีเราว่าแห้งมากอะ,negative
เพิ่งเอาของออเรนทอลมา 555,neutral
เป็นคนที่ชอบกินปิ้งย่างมากนะ แต่ไม่ค่อย เข้า Bar B Q plaza เลย ตัดคะแนนความอร่อยของน้ำจิ้ม กลิ่นถั่วโชยมา,negative
นึกว่าจำผิด555,neutral
บุฟเฟต์เบียร์ เบียร์ช้าง กับ ซานมิเกล ครับ,neutral
ราคาก็ปานกลางถูกกว่าวีโก้อีกครับ แพงกว่าวีออสนิดเดียว,negative
กูมีแต่ซุปเปอร์ตีนกู จะแดรกม่ะ,neutral
ม่าย...ทันแล้ว 😭,neutral
ยอมใจตัวเองเมื่อก่อน ต้องนั่งรถตู้ ไปขึ้น Mrt แล้วมาลงเรือ เพื่อขึ้นรถ 2 แถว แถมเดินต่อ เพื่อไปหาคนๆ นึ่ง กูลงทุนทำขนาดนี้ไปได้ยังไง,neutral
อ่าวๆ ผิดเม้นโทษทีคับ,neutral
ลองเลี้ยงพี่สักครั้งดิ,neutral
แพงเว่อร์ เบียร์ช้างต้นทุนขวดละไม่ถึง 50 ขาย 120 😰😰😰์,negative
รถ ฟอร์ด ทีนี้ก็ต้องเทียบกระจกว่ารุ่นไหน แล้วปริ้นส์ประกาศแจ้งเจ้าของอู่หรือศูนย์ (ขอให้น้องปลอดภัย),neutral
รับขวัญไหม,neutral
อยากกิน บาบีก้อน มากกว่า,neutral
คันนี้สิ ใช่เลย! ฮอนด้า ซีวิค แฮทซ์แบ็ก ใหม่ แนวนอนแถวที 5 คันที่ 4 ค่าา ❤ ฮอนด้า👍👍👍❤❤❤ EnjoyHondaThailand,neutral
ใช่ครับต้องให้ โรงงานยาสูบ เป็นคนทำน้ำยาขายนำก่อน ส่วนการนำเข้าก็อาจจะตามมา,neutral
อยากกินเหมือนกันน อยากกินทุกอย่างงง,positive
อยากใช้ 3ce velvet ฮือออ แพ้หนักมาก แต่คือสีมันสวย!! 😭😭😭,negative
กินไรระวังๆด้วย เป็นเรื่องนี้บ่อยอะ แต่ว่สต้องหาเวลาไปกินบาบิก้อนนะเดี๋ยวจะยาวจนถึงจองบัตรรอบหน้าซะก่อน55,negative
แสงโสมไง ละกูไม่ชอบไง,negative
อ้วน พอแล้วนะ! วันจันทร์ก็ได้นะ 55,neutral
อยากลองของ canmake ค่าา 😍😍😍,positive
อะตอมซามูไร กลิ่น ชัดไหมครับ,neutral
เบลนแม่งเหี้ยย รสชาติหมาไม่แดก,negative
เป็นหมอ ที่ไม่มี วิสัยทัส,negative
น่าจะมีบัตรโปรโมชั่นอะไรพิเศษเล็กๆน้อยๆให้กะลูกค้าท่านนี้หน่อยนะ,neutral
อย่าไปใช้เลยครับไอ้เหี้ยเน็ตtrueส้นตีนโคตรห่วย,negative
สวัสดีครับเพื่อนๆ วันนี้เบียร์จะพาเพื่อนๆมาดูหน้าจอเรือนไมล์ของ Nissan Sylphy กันครับ ว่าหน้าจอจะบอกอะไรเราบ้าง ตัวเลขแต่ละตัวจะหมายถึงอะไร เข้าไปชมกันได้เลยครับ แล้วติดตามรีวิวใหม่ ๆ ได้ที่ และ นะครับ,neutral
สปายเนี่ยนะเมา เอ็นดูว่ะ55,negative
พ่อบอล ชิชาฎา เบื่อมาก !วันอาทิตย์มีโปรแกรมรึยัง ?,negative
ไม่ชอบตรงที่ไม่เฉลยว่าคืออะไร มีที่มายังไง น่ารำ Birdbox,negative
ข้ารอกินฟรี,neutral
ผมกินไม่ได้เลยช้างกะลีโอมันคันปาก จะกินแต้ไฮเนเก้นของนอก555,neutral
บาร์บีก้อนน เราก็จะกินติมกันเยอะนะ,neutral
ได้คร้าบผม :),neutral
สปอร์ตซีดานรุ่นพิเศษ เพิ่มความหรูหรา ดูสง่างาม ออพชั่นแน่นขึ้น,neutral
ตอนแรกหนูชอบ Juke มากๆๆ จะเอาตัวนี้แหละค่ะ พอไปขับแล้วห้องโดยสารมันแคบ คือหนูอ้วนอะเนา…,negative
ดูอวบๆนะ คงกินลีโอเยอะ,neutral
เจ้าของบริการดี ยิ้มแย้ม สุภาพ,positive
ปล.รู้สึกว่าไส้เกี๊ยวกรอบหมู มันแบนไปหน่อยค่ะ แต่กรอบดี ไม่อมน้ำมันนะคะ,neutral
ท้องจะแตกก,positive
555 ไม่ได้ๆ,neutral
เข็ดยัง,negative
สาขาเซนลาดไม่ร่วมนะออเจ้า,negative
เค้าบอก ป๋องดำกินกับอะไรก็อร่อย.. ? กินกะข้าวเหนียวมะม่วงดูไอ่สัส 🙄,positive
พนไปเลยย,positive
รอบุฟเฟ่ จัดปีละครั้งน้อยไปจ้า,neutral
"🔻รับสมัคร 3อัตรา Sale Marketing/รายได้ 19,000 ทำจ-ศ 8.30-16.00🎓บางนาติดbtsอุดมสุข วุฒิ ป.ตรี อายุ 23 ปีขึ้นไป - 40ปี ติดต่อ พี่โซดา099-999-99 (ID:soda095)",neutral
23 เย็น กุได้นะ หรือ25 ระหว่าเดินงทาง 55,neutral
เรามาถึงจุดที่ลอดช่องกับทับทิมกรอบ ราคา 69 บาทเลยเหรอเนี่ย ประหยัดต่อไปดีก่า,neutral
"ไม่ต่างเพราะเป็นเบียร์ประเภทลาเกอร์ ของไทยเบฟนี่แหล่ะครับ , รสชาติคงคล้ายช้างขวดสีชาแบบเดิม",neutral
ไป2จ่าย3ม้ะ,neutral
กกต. คือตัวอย่างของการทำงานที่บัดซบที่สุดในปวศ.ประเทศนี้...เงินเดือนเป็นเเสน คุณภาพงานเท่าเเตดมด😡😡😡 เก้วกาด ยุบเถอะอายเขา,negative
สงสารบาบิก้อนนะเหมือนยิ่งแก้ยิ่งแย่อะ แต่การการทำเขาเหมือนคิดว่าลูกค้าโง่อะ เอาใบแลปมาแล้วเขียนภาษาไทยตัวแดงๆโตๆว่าไม่มีพยาธิ คิดว่าลูกค้าจะไม่อ่านข้างหลังหรอครับ..,negative
ตอนพันธมิตรถอนตัวออกจากทำเนียบรัฐบาล จนท.ได้เข้าไปตรวจในทำเนียบ พบขี้เต็มห้อง รัฐมนตรี ถุงยางอนามัยใช้แล้วเกลื่อนห้องเต็มไปหมด ปืนของ ตร. สันติบาล หายหมด โดยเฉพาะปืนกลอูซี่ โต๊ะข้าราชการถูกงัด ของมีค่าทั้งของส่วนตัวและของหลวงหายหมด พบอาวุธบางส่วนอยู่ในท่อระบายน้ำ สนามหญ้าเละเทะ,negative
เทคโนโลยีที่พัฒนาโดยนิสสันสำหรับรถยนต์นิสสัน LEAF ที่ขับเคลื่อนจากพลังงานไฟฟ้า 100% จะถูกนำมาใช้ในโครงการรถบัสโดยสารพลังงานไฟฟ้า โดยจะเริ่มทดสอบในเดือนหน้า (กุมพาพันธ์ 2561) ในประเทศญี่ปุ่น,neutral
ขายจ้า มีฟตบทิปซี่เจนเวอร์นะคะหนามาก รูปตั้งแต่คุณยองมินสมัยปะดิ้วเลย🙆💛 ขออนุญาตขายแค่ตัวฟตบนะคะ 850.- หามั่ยดั้ยแร้วน้า นัดรับได้ค่ะตามแนว bts/mrt,neutral
"แอดมินขอทราบวันที่,เวลาและสาขาที่คุณลูกค้าเข้าใช้บริการเพื่อเป็นข้อมึลให้ทางหัวหน้างานตรวจสอบการทำงานของพนักงานด้วยค่ะ",neutral
"CAMRY HYBRID 2011 2.4 บินซิน ปุ่มสตาร์ท เบาะหนัง พวงมาลัยมัลติ ม่านไฟฟ้า สภาพสมบูรณ์ขับยาวๆ ราคา 185,000 บาท DEADPOOL",positive
เวรกรรมเลยมาตกกับผู้บริโภคไง,negative
"เชิญมาใช้สิทธิ์ ""5 บาทรักษาทุกโรค"" ที่สถานบำบัดบ้า SNOPบร้า 😍 โค้ก โซดา น้ำ ทุกรายการขาย 5 บาท ✨ ( ไม่ต้องขยี้ตา ราคาห้าบาทถ้วน ) 👉 ก่อน 5 ทุ่ม 🖐️ เชิญมาใช้สิทธิ์ ""5 บาทรักษาทุกโรค"" 🖐️ ที่สถานบำบัดบ้า SNOPบร้า 🤡👿🤖👹👾💩🎃 ลูกค้าแค่เปิดเบลนด์ 1 ขวด ได้สิทธิ์ ซื้อมิกเซอร์ โค้ก โซดา น้ำ ✨ ทุกรายการขายในราคา 5 บาท อีก 10 ขวดน๊าา 👍👍👍 👉 พิเศษสุดๆๆๆ ^ ^ มาใช้สิทธิ์คุ้มๆ ก่อน 5 ทุ่มนะจ๊ะ 🖐️ (ร้านปิดทุกวันจันทร์จ้า) ใครที่อยากจองโต๊ะโทรเบอร์นี้เลยจ้า 08 88 88 88 88 / 088 888 88 snopสถานบำบัดบ้า",neutral
กินบ่มื้อแลง555,neutral
ลงบันไดไม่ให้ตกซ้ำกะดีล้าววว จะรีบหายก่อนหมดโปร 55,neutral
วันนั้นไปจ่ายเต็มๆ 555,neutral
ไปกินชิ,neutral
รถฟอร์ดเกียร์ห่วยขายไปยัง,negative
เหวว,neutral
cheers !!! 🍺 ชอบมากกว่า rosée แฮะ hoegaarden,negative
น่ากลัวเวลากินหงส์ทองเข้าไปค่ะ55,neutral
"✅✅✅มาแล้วค๊าา อายแชโดว์ที่สาวๆไม่ควรพลาด!! . 💥💥💥Tarte buried treasure eyeshadow palette (Limited Edition) 💟💟อายเชโด้พาเลทใหม่จาก tarte สีสวยมากๆเลยค่า ❣️❣️เนื้ออายเชโด้เนียนนุ่ม ทำให้การเบลนสีง่ายขึ้น 10 สี มีทั้งเนื้อ matte และ microshimmer แต่งได้หลายลุคจ้าาา🌺🌺🌺 👉👉👉ราคาสุดพิเศษ 1,250-. ปกติ 1,790-.👉👉👉 โต๊ะเครื่องแป้ง tohkrengpang tohkrengpangshop shop ขายดี ของแท้100% เคาน์เตอร์แบรนด์ Tarte Tarteburiedtreasure eyeshadow eyeshadowpalette buriedtreasure อายแชโดว์ พาเลทอายแชโดว์",positive
ถามช่างเคครับ ผมไปเต็มน้ำกลั่นในแบ็ตกึ่งแห้งที่ติดมากับรถ altis 2016 แบตของ GS แล้วมีอาการสตาร์ตไม่ติดในเช้าวันต่อมา ต้องพ่วงแบตจากรถอีกคัน อย่างนี้แบตมันเสียไปเลยไหมครับ,negative
ค้าเฮียบอยย,neutral
รูปโฆษณา กับความเป็นจิง ทำไมทวนทางกันยิ่งนัก 🧐,negative
แสดงที่โรงละคร ULRA ARENA ชั้น 6 ของ SHOW DC,neutral
เรื่องกินนี้ไวนะ,neutral
ภาพบรรยากาศงาน Bacardi House Party นำเสนอ Olly James ที่ DEMO เมื่อวันที่ 19 ม.ค. ที่ผ่านมา ดูรูปภาพแบบเต็มๆ,neutral
ดีนะ กินลีโอ กิกิกิ,positive
เบียร์ลาวก็เหมื่อนเบียร์ช้างบ้านเรา,neutral
สวัสดีครับป๋า,neutral
เป๊ะกูกลับพอดี,neutral
ชิมยังแซ่บมะ,neutral
ห้องดีนะคะ แต่ไกลไปหน่อยสำหรับคนไม่มีรถ แต่ก็สามารถเรียก grab ได้ค่ะ,neutral
"ภาณุพล พิทยารัฐ โปรวัย 25 ปียังอยู่ในเส้นทางป้องกันแชมป์หลังจบรอบสองตามผู้นำแค่ 2 สโตรก ในศึก สิงห์มาสเตอร์ส 2018 ""วันนี้พัตต์ดีครับ แต่มีพัตต์ใกล้หลุดไป 2-3 กลุ่ม แต่ก็โดยรวมแล้วตีช็อตดีครับ ผ่านไปสองวันก็ค่อนข้างพอใจครับ เพราะตั้งเป้าจะพัตต์ให้น้อยลง ให้น้อยกว่า 30 พัตต์ต่อรอบ สำหรับโอกาสอยู่ที่ช็อตครับ เพราะเรื่องของพัตต์มันยากที่จะพัตต์ลงทุกหลุม เพราะฉะนั้นอยู่ที่ช็อตว่าจะเปิดโอกาสให้กับตัวเองได้มากแค่ไหน ตีให้อยู่ในแฟร์เวย์แล้วตีขึ้นไปออนให้ได้"" atgt prococosinghamasters2018",neutral
ผมขอถามเรื่องกล้องตัวนี้หน่อย ผมเคยประมลูในเวปชิเชโดได้ในราคา1000ต้นๆ แต่ไม่กล้าเอา อยากทราบว่าตัวนี้มันดีไหมครับ,neutral
ถ้าไฟนี้ กระจังนี้ แล้วทรง FORD Ranger MC ผมว่าคงขายดีกว่านี้ 2.6 มันต้องได้มากกว่าที่เห็น,negative
ความจริงเบียร์ไม่ควรใส่น้ำแข่ง,neutral
รู้สึกล็อคซิทานเอาไม่อยู่ละเดี๋ยวนี้ ขนาดทาแล้วทาอีกกระดาษยังบาดจนเหวอะได้ อีกนิดจะซื้อ Shea butter เพียวๆ มาทาให้รู้แล้วรู้รอดละะะ,negative
น่าสนๆต่อด้วยrca 555,positive
อ้าว เมเบลลีนล่ะ ยังเป็นอยู่เปล่า,neutral
โอเคร บ้าจริงด้วย 55,neutral
CHRสวยมาก พี่อาร์ตหล่อ พี่เพิ่มน่ารักToyotaBuzzอาร์ต พศุตม์,positive
ว่าไงๆ,neutral
ใบเสร็จใบที่4 แดดแรงขนาดนี้ ต้องมีตัวช่วยดีๆนั่นคือ KA UV babyface กันแดดหน้าเด็ก หาซื้อง่าย ที่7-11ทุกสาขา ถูกเเละดีของมันต้องมี😊 KAx7Eleven KAUVBabyFace,neutral
น่าสนเนอะ,positive
Loveก้อนนที่สุดในสามโลกเบยย😘😘😘,positive
กลิ่นหงส์ทองเต็มไปหมด มึน,negative
ซูชิสิค่ะ,neutral
เซ็นทรัลลาดพร้าวชั้นใต้ดินหายไปไหนแล้วค่ะ,neutral
เลี้ยงงะ,neutral
ไม่พักเที่ยงงะ,positive
หัวเห็ดอะ,neutral
ทางหัวหน้างานได้โทรมาแล้วนะคะ ขอบคุณที่ทางMK ใส่ใจในปัญหาของลูกค้าและพร้อมจะรับผิดชอบและแก้ไขไปในทางที่ดีขึ้นค่ะ,positive
นักดื่มฟังทางนี้! ไฮเนเก้นเปิดบริการจัดส่งเบียร์สดให้ถึงบ้าน พร้อมวิเคราะห์ตลาดเบียร์ปี 2560 เติบโต 6%,neutral
ถ้าเป็น mazda 3 ละคะ ข้อเสนอเป็นไงบ้าง,neutral
จะอิ่มขนาดไหนก็ต้องมีที่ว่างสำหรับของหวานเสมอ ปิดท้ายทุกมื้อของคุณที่ MK แบบสุขสุดๆ ไปเลย... กับเมนูของหวานแสนอร่อยใหม่ อย่าง Singapore Snow และ Christmas Snow . น่ารักอย่างเดียวไม่พอ รสหวานจากเมนูของหวานนี้ยังช่วยกระตุ้นการหลั่งสารเอ็นโดรฟินที่ช่วยให้อารมณ์ดี สงบ มีความสุขแน่นอน...:) พิเศษ !!! สำหรับลูกค้า dtac BLUE MEMBER กดรับสิทธิ์ dtac reward สั่งเลยวันนี้ ลดทันที 15 บาท เพราะความสุขมีครบที่นี่ MKRestaurants MKHappySweetFest สุขเอ่อล้นที่MK มากินที่MK,positive
เอาให้ว่าวตรงกันก่อนเถอะ,positive
เออ งั้น มานี,neutral
อือหืออ มันไม่ช่ายย,negative
จะไม่ซื้อนิสสัน,negative
เอาจริงการได้เอมาจากการอ่านหนังสือพยายามด้วยตัวเอง กับเอมาเพราะลอกทุจริต อันไหนน่าภูมิใจกว่ากัน ?,neutral
มาเลี้ยงๆๆเด่วพาไป555,positive
"😘 ต้อนรับวันแห่งความรักและเทศกาลตรุษจีน 😘 กับ ""คอนเสิร์ตช้าง เซนซอรี่ เทรลล์"" งานนี้พบกับศิลปินมากมาย ในวันที่ 14-18 กุมภาพันธ์ 2561 ตั้งแต่เวลา 18.00-24.00 น. เป็นต้นไป แล้วมาสนุกสุขสันต์ต้อนรับเทศกาลวันแห่งความสุขด้วยกันนะคะ 🍺🍺🍺 ช้างคอนเสิร์ต ลานนิกร อุบลสแควร์",neutral
พัฒนาแอปฯ ตรวจ “ข้อไหล่ติด” ช่วยรักษาทันเวลา ลดพิการ สถาบันมะเร็งฯ ผุดเครื่องมือวัดข้อไหล่ด้วยตนเองลงแอปพลิเคชัน ช่วยกลุ่มเสี่ยงทั้งคนผ่าตัดมะเร็งเต้านม ผู้สูงอายุ วัดอาการไหล่ติดด้วยตนเองได้ ช่วยให้ได้รับการรักษาเหมาะสม ทันเวลา ลดความพิการ,neutral
ชอบ Honda City ด้วยคอนโซลดีไซน์ใหม่สี กัน เมทัลลิก (Gun Metallic) สไตล์สปอร์ต พร้อมเทคโนโลยี ควบคุมอัจฉริยะ ด้วยพวงมาลัยแบบมัลติฟังก์ชั่นกับระบบเครื่องเสียงหน้าจอสัมผัส พร้อมช่องเชื่อมต่อ USB และช่องเชื่อมต่อ HDMI ระบบเชื่อมต่อโทรศัพท์แบบไร้สาย (Bluetooth) ครบครันด้วยฟังก์ชั่นระดับพรีเมียม เพื่อตอบสนองทุกการเดินทางของคุณให้เพลิดเพลินตลอดเส้นทาง เต็มที่ไปกับขุมพลังการขับเคลื่อนและการรักษาสิ่งแวดล้อมได้ดียิ่งขึ้น ด้วยเทคโนโลยีความล้ำหน้าของเครื่องยนต์ i-VTEC 1.5 ลิตร 117 แรงม้าที่ตอบสนองได้ดั่งใจ ผสานความนุ่มนวลด้วยระบบเกียร์ CVT พร้อมระบบควบคุมการเปลี่ยนเกียร์ที่พวงมาลัยแบบ 7 สปีดและระบบช่วยการขับขี่แบบประหยัดน้ำมัน Eco Assist เพื่อความสมบูรณ์แบบของการใช้พลังงานอย่างมีประสิทธิภาพ พร้อมรองรับพลังงานทางเลือก E85 ค่ะ // Ma Petite Maison // ฮอนด้าที่รัก EnjoyHondaThailand,neutral
285เหล้าหมาไม่แดกจร้า,negative
ต่อไป เค้าจะพกตะเกียบมาจากบ้านนะ อันนี้มันลื่นน😄😄,negative
ต้องจัด,positive
ดีใจที่ชื่นชอบ Hada Labo Anti-Anging Lotion สูตรนี้ค่ะ อย่าลืมบอกต่อคนรอบข้างให้มามีผิวอ่อนเยาว์ไปด้วยกันนะคะ ;),neutral
ชิลชิล วันอาทิตย์ใครยังไม่รู้จะไปไหน มาหาเรานะคะ suzukinewswift,neutral
"แอดมินขออภัยในเหตุการณ์ที่เกิดขึ้นจากใจจริงมา ณ ที่นี้และขอทราบวันที่,เวลาที่คุณลูกค้าเข้าใช้บริการเพื่อแจ้งให้ทางหัวหน้างานทราบและตรวจสอบการทำงานของพนักงานด้วยนะคะ",neutral
ภาพหลุด ของ Ford EcoSport Storm 4WD ที่ขอบอกเลยว่า หลุดครั้งนี้ มาแบบเต็มๆ ทั้งรูปโฉมภายนอก และภายใน,neutral
อ้าวหน้าคุ้นๆอีกแล้ว,neutral
สุดยอดครับรถดีมาก hrv โดนแซงแน่,negative
ยังทำใจแป้งลอร่าหล่นแตกไม่ได้😭😭 แตกในห้องยังพอว่าโดยไม่ได้นี่หล่นกลางถนนอะ ฮืออ,negative
สาขาเซ็นทรัลบางนาก็เนื้อเยอะนะ,positive
วันนั้นยังไม่ย่อยเลยคับ,negative
ข่าวไทยรัฐ : มาอีกแล้วซื้อไม่ทันมันเร็วมาก! MAZDA 2 รุ่นเติมอุปกรณ์มาแล้วจ้ะ,neutral
ตอบ ข้อ (D) รถ Hilux รุ่น Rocco เป็นรุ่นที่หายไป HiluxRevoThailand,neutral
ในเรื่องของอะไหล่ หรือเข้า เช็คระยะเปลี่ยนน้ำมันเครื่อง มันก็แล้วแต่ค่ะว่าเราได้เปลี่ยนอะไรไปบ้าง ก็เข้าฮอนด้าทุกคันเช็คระยะ บางครั้งก็ 4000 5000 7000 แล้วแต่ค่ะ เพราะไม่ได้ไปยึดติดอะไรค่ะ,neutral
ทำไมรถ isuzu มันไม่มีความนุ่นนวลกับการส่งกำลังเลยครับ Isuzu_D-Max,negative
ปรับขึ้นจริงเบียร์นี่ขึ้นไปไม่กี่บาท แต่เหล้านี่หลัก30-40บาท คิดว่าสิงห์คงรู้ล่วงหน้าแล้วล่ะ ส่งยูเบียร์มาตั้งแต่ปีที่แล้ว ช้างนี่หนักเลยดีกรีก็เยอะ ราคาปรับเลยเยอะตาม,neutral
ศุกร์ไหม,positive
โคตรเอฟซี55,neutral
ไปจิงนะ,neutral
รอชม.นิสสันมาร์ช กันต่อและตามด้วย มิราจ,neutral
มีที่เขียนคิ้วอันไหนดีกว่าของอีทูดี้บ้าง คือน้อนเบื่อ,negative
ลด 20%,neutral
ไปนะไปป,positive
หม่าล่ากลิ่นเครื่องเทศฉุน 😁,negative
แต่ละโฉมเทียบกับฮอนด้าไม่ได้เลย หน้าบานเป็นปลากระโห้,negative
โปรโมชั่นสิทธิเดือนเกิดสำหรับปี 2018 ใช้สิทธิส่วนลดได้ในเดือนเกิดหรือหลังเดือนเกิดได้อีก 1เดือน ใช้สิทธิได้ 1ครั้งนะคะ,neutral
ไปทำ Lip Moisturizing Treatment ที่ Anastasia Beverly Hills กันดีกว่า ทำ 1 ได้ถึง 4 - สครับขจัดเซลล์แห้งกร้าน - นวดบำรุงกระตุ้นการไหลเวียนเพิ่มความชุ่มชื้น - มาสก์ (เจลเข้มข้น) ผลักความชุ่มชื้นสู่ผิว - ลิปบาล์ม บำรุงริมฝีปากอวบอิ่ม คงความชุ่มชื้นตลอดวัน anastasia anastasiath browbar eyebrow,neutral
เด่วเลี้ยงเอง,neutral
โฮมโปรแถวบ้านเรามีฮอตพอต 😋😋,neutral
หิ้วเสียตังค่ะ เมิง nyx ลดน๊าา,neutral
นั่งรถตู้มารอเลย เด๋ววันอังคารไป,neutral
หงส์ทองกินแล้ว เมามาย 555,negative
ไปกินบุฟบาบิคิวพลาซ่ามา คือแบบ หมดกันที่กุอุตส่าห์วิ่ง แม่งง ละพรุ่งนี้จะไปแดกโมโม่อีก เริ่มสั่นคลอน โอย อยากผอมม,negative
Altis มีเสียงดัง หวืออ ซ่อมบำรุงรถยนต์,negative
เสียงหนิงมาก...รักรีโว่มาก,positive
สุราแบรนด์ JOHNNIE WALKER รุ่น RED LABEL ขนาด 1L ราคา 720 บาท (ราคาและจำนวนสินค้าอาจมีการเปลี่ยนแปลงโดยไม่แจ้งให้ทราบล่วงหน้า) ทั้งนี้ สินค้าประเภทสุราและบุหรี่ ไม่สามารถร่วมรับส่วนลดจากบัตรสมาชิก คิง เพาเวอร์ได้ แต่สามารถแสดงบัตรสมาชิกเพื่อสะสมยอดซื้อได้ตามปกติ (ไม่สะสมกะรัต) ค่ะ,neutral
สนใจมาสด้า 2 คะ,neutral
ทำไมที่เรากินไม่มีใส้,negative
เมื่อมีชาวบ้านประท้วงการสร้างเหมือง รัฐตั้งกรรมการ 5 ฝ่าย ประยุทธ์ใช้วิธีง่ายๆ โดยใช้ ม.44 หยุดเหมือง ประยุทธ์ไม่ได้ห่วงชาวบ้าน แต่แก้ปัญหาแบบตู่ เพราะ พรบ.แร่ ฉบับใหม่ยังงอกออกมา (ฉบับบนี่ลดการมีส่วนร่วม ไม่ต้องศึกษา EIA ใช้เสียงข้างมากก็ผ่าน) (3) เหมืองทองอัครา,negative
ช้างเอฟเอคัพ รอบรองชนะเลิศ เปิดจำหน่ายบัตรแล้ววันนี้ ที่ ไทยทิคเก็ตเมเจอร์ ทุกสาขา Chang FA Cup 2017 semi-final tickets are now on public sale at Thai Ticket Major.,neutral
อยากกินบาร์บิกอนเลย,positive
เข้า Sephora กะจะไปสอยรองพื้น Makeup forever 43 เหรียญ ลืมไปว่า sales tax ค่อดแพง รูดไป 47.41 ถูกกว่าช็อปไทยไม่ถึง 300 😭😭 เจ่บปร่วด,negative
มันอันตรายนะจ่า,neutral
เลี้ยงอ่อ ป่ะๆ 55,neutral
ดูจากประตูหลังฝั่งคนนั่งซ้าย ที่จับประตูลักษณะนี้ น่าจะเป็น Honda City Type-Z คับ รุ่นนี้ไม่มีแอร์แบค ดูจากรูปแล้วไม่มีถุงลมออกมาคับ เพราะดวงช่วยล้วนๆ,negative
กู : แม่มารับหน่อยย แม่ : แท็กซี่สิ .. ก็ควรชินปะเอาจริงๆ,neutral
รถยอดนิยมของคนไทยไปไหนละคับ,neutral
รอเลย เด่วปิดบาบีกอนเลี้ยง555,positive
ไทยอีก2ปีอย่างต่ำถ้าจะเข้ามาเพราะนิสสันไม่เน้นขาย,negative
อิสัส ค่าผ้าอนามัยแพงพอๆกับค่าเหล้า,negative
วอดก้ากลับไปกินได้อีก แต่เบลนี่ควรพอ รอบเดียวพอ,negative
โง่ดว้ย,negative
ทำไม True ไม่มีความเข้าใจว่า net ช้า คืออะไร พอแจ้งให้ ตรวจสอบก็ บอกว่า netปกติ แล้วเราก็ถามกลับไปว่า ปกติ คืออะไร พอทดสอบ test speed ได้ผลคือ - ค่า download xx MB คือค่าที่ควรเท่ากับที่เรา ซื้่อว่า กี่ MB ก็ว่าไป - แต่ค่า upload ควรจะมากกว่า 2 หรือมากกว่า ไม่ใช่ได้ผลเป็น 0.1 หรือ 0.2 และไม่เคยถึง 1.0 เลย ** งงมาก จนถึงตอนนี้ True ก็ไม่สามารถแก้ไขอะไรได้ ** ไม่รู้ จะบอกอะไร หรือ พูดอะไร กับผู้ให้บริการ internet รายนี้ที่ ห่วย และ กาก ที่สุด หนักกว่าเดิมอีกวันนี้ค่า upload อยู่ที่ 0.02 เท่ากับ Trueเป็๋นผู้ให้บริการ Internet ที่มีไฟเบอร์ ที่ห่วยที่สุด แย่ เท่าๆ กับไม่มีไฟเบอร์ เลย,negative
ชวนสา ก็ไม่มีใครอยากจะไป เซง,negative
ไม่มีสาขาที่ใกล้เลยจ้า,negative
แฟนจ๋าา,neutral
จัดเลยค่ะ😂,neutral
ผมก็เลิกบุหรี่ได้ด้วยบุหรี่ไฟฟ้าเนี่ยแหละครับ บุคลิกดี สุขภาพดีขึ้น,positive
มั่นใจกับการขับขี่ยามค่ำคืน ที่คุณไร้กังวลการใช้งานไฟสูงแบบ Adaptive LED Headlamps ปรับระดับสูงต่ำอัตโนมัติ AdaptiveLEDHeadlamps ALLNEWMAZDACX5 MazdaCG MazdaCGThailand MazdaThailand,negative
ที่บ้านชอบสั่งชุดบาร์บีกอนคัดสรรเชตหมูสไลด์ 🐷ชุดนี้กินอิ่มคุ้มมากค๊า💖👍,positive
แค่มื้อเที่ยง มื้อเย็นก็วิ่งไงแกรร☺️,positive
ทางเมย์เบลลีนยังมีกิจกรรมให้ร่วมสนุกอีกมากมายเลยนะคะ :),neutral
ดื่มแบล็คมันคูล มันดีนะ,positive
จัดไปๆ,positive
เออ น่ามันต้องมีสักวัน,positive
แผ่นสามเหลี่ยมสีชมพู,neutral
เพอริเพอร่า,neutral
ขอบคุณครับ ฝากด้วยครับ เมื่อก่อนผมจะชอบดื่มไฮเนเก้นมาก ด้วยที่ชอบความนุ่มลื่นและฟองที่มันดื่มง่าย เดี๋ยวนี้ผมว่ารสชาตเปลี่ยนจากเดิมไปเยอะ รสชาติเข้ม ขม จนเหมือนเบียร์ตลาดล่างๆไปแล้ว ... ติเพราะรักและชื่นชอบมาก่อนครับ ถ้ารสชาตเดิมกลับมา ผมมีติดตู้เย็นเหมือนเดิมแน่ๆครับ,positive
มะเร็งเต้านม ภัยเงียบของผู้หญิง ที่ต้องระวัง ชะลอได้ด้วยตำรับยาสมุนไพรทางเลือกเสริม 🍀🍀🍀 ยาไทยเป็นภูมิปัญญาที่บรรพบุรุษได้สั่งสมมาเป็นเวลานาน มีการใช้ ลองผิด ลองถูก กันมา จนมีการบันทึกในตำรายา ตำรับยารักษามะเร็งในภูมิปัญญาไทยมีหลากหลายตำรับ ล่าสุดมีการศึกษาวิจัยในหลอดทดลอง โดยเป็นความร่วมมือของคณะแพทย์ศิริราชและคณะเภสัชศาสตร์มหาวิทยาลัยมหิดล ศึกษาตำรับยาไทยที่มีผลต่อเซลล์มะเร็งเต้านม ตำรับที่ศึกษาวิจัยประกอบด้วยตัวยา 5 ชนิด ได้แก่ ขันทองพยาบาท ทองพันชั่ง เหงือกปลาหมอ ข้าวเย็นเหนือ ข้าวเย็นใต้ ซึ่งถือว่าเป็นตัวยาที่นิยมใส่ในตำรับยารักษามะเร็งที่พบได้บ่อยๆ ในทางแผนไทยมีการใช้ในสรรพคุณแก้น้ำเหลืองเสีย แก้มะเร็ง เช่นกัน ในงานวิจัยนี้จะนำตัวยาสัดส่วนเท่าๆกันมาต้มในน้ำ 3 ลิตร ให้น้ำลดเหลือ 1 ลิตร จากนั้นทำการระเหยและผ่านกระบวนการทำให้แห้งได้ออกมาเป็นสารสกัด ผลการศึกษาพบว่าตำรับยาดังกล่าวมีฤทธิ์ยับยั้งการเจริญเติบโตของเซลล์มะเร็งเต้านม โดยเหนี่ยวนำให้เกิดการตายของเซลล์มะเร็งเต้านม ในการนำมาปรับใช้สามารถต้มโดยใส่น้ำพอท่วมตัวยา ต้มด้วยไฟอ่อนให้น้ำ 3 ส่วน ลดเหลือ 1 ส่วน ขนาดรับประทานแนะนำรับประทานครั้งละ 1 ถ้วยชา หลังอาหาร 3 มื้อ ควบคู่ไปกับการอยู่ในความดูแลของแพทย์ หากจะทานต่อเนื่องเกิน 3 เดือน ทั้งนี้ควรมีการตรวจค่าเลือดเพื่อตรวจสอบความผิดปกติของค่าตับและไตเป็นระยะด้วยนะครับ สมุนไพรอภัยภูเบศร CA Breast มะเร็งเต้านม,neutral
จะกินไหม พาไป,neutral
ขอบคุณนะเสี่ย🙏,positive
เมื่อคู่แข่งเปิดตัวสายแรงออกมา Toyota มีหรือจะยอม พวกเขาส่ง Toyota Tacoma และผองเพื่อนกระบะปูพรม สายลุย ด้วยรุ่น TRD Pro รถในภาพนี่คือ Toyota Tacoma TRD Pro (คลาสเดียวกับรีโว่บ้านเรา) แต่งเต็มจากโรงงาน ใช้ช๊อกจาก Fox Racing เหมือนแรพเตอร์ รายละเอียดอื่นๆ ลองไปอ่านได้ครับ,neutral
มันก็เอาเราติดคุก1คืน วันรุ่งขึ้นส่งฟ้องศาลเสียค่าปรับครับ,negative
บุหรี่นอกเกาหลี เขมรซองละ 25 มาไทยซองละ 5-60 ตามความยาก,negative
สู้ซีวิคก็ไม่ได้ กระแทกนิดหน่อย แตกทั้งซ้ายขวา จ่ายไปดิค่าถุงลม555มึนถุงลมกระแทกความจำเสื่อมยุครึ่งชั่วโมง55แต่ก็ยังทำงานแหละวะ,negative
ก้อนต้องกราบขออภัยเป็นอย่างยิ่งด้วยนะครับ และไม่ทราบว่าได้แจ้งให้น้องๆพนักงานของก้อนได้ทราบและช่วยดูแล ขณะอยู่ที่ร้านแล้วหรือยังครับผม,neutral
กระแสมันแรงเลยต้องรีบ เพราะคนมองเยอะอิอิ,neutral
เป็น. เสือดำ ค่ะ.. เพราะตอนนี้กำลังมาแรง 🖤🖤 SangSom เต้ยเฟรชติวัล2 เต้ยFreshtival2,neutral
บุหรี่ไฟฟ้าดีมั้ย,neutral
ชอบๆครับ Nissan X-trailกำลังอยากได้อยู่พอดีเลยครับจัดโปรราคาเบาๆให้แบบนี้ถูกใจเลยครับ,positive
349มั้ง เบลว,neutral
ไดซาชิเถอะ อร่อยกว่า จีจี,positive
หลายคนอาจจะงง ๆ Toreba คืออะไร ได้ของจริงมั้ย โทเรบะเป็นตู้คีบตุ๊กตาออนไลน์ โดยใช้มือถือเราเป็นเหมือนรีโมทบังคับทางไกล ถ้าคีบจนหล่นได้จริง = ได้ของจริง ๆ และ ค่าส่งฟรี!!!(ส่งฟรีทุก7วัน) แต่จะเล่นฟรีแค่ 5 ครั้ง แรกเท่านั้น ตั๋วฟรีจะได้วันละใบเมื่อเติมเกมไป 10us (ประมาณ300บาท),neutral
งั้นนิ้งกินคนเดียวแต่ไนซ์จ่าย,neutral
พรุ่งนี้เช้าต้องมาเลยนะ,neutral
พี่เขาพึ่งเลี้ยงอ. ที่แล้ว 😂,neutral
กันชนท้าย เดิม Revo ประกันน่าจะคุ้มราคาที่ไม่เกิน 12000 บาท ครับ,neutral
เดือนไหนแจกปฤิทิน จะไปกิน,positive
"เป็นปฏิกิริยาตอบสนองที่เกิดขึ้นโดยธรรมชาติของมนุษย์ เมื่อมีภัยอันตรายมาถึงตัว ไม่ใช่ความอัศจรรย์หรือปาฏิหารย์ใดๆทั้งสิ้น เพียงแต่ไม่ได้เกิดขึ้นอย่างนี้กับมนุษย์ทุกคนเสมอไป .. ดั่งเช่นการรักษาโรคบางอย่างที่เกี่ยวกับระบบประสาท ซึ่งวิทยาศาสตร์การแพทย์เคยนำวิธีการ ""ช๊อต"" ด้วยระบบไฟฟ้า มาใช้นั่นเอง แต่ก็ใช่ว่าจะรักษาได้ผลทุกรายไป !",neutral
ว้าว ขอแสดงความยินดีด้วยนะครับผม,positive
ไม่มีแต้มบุญเจอโฆษณาน้องแชงเลย เจอแต่โฆษณาพิซซ่า เบอร์เกอร์ และชานมไข่มุก,negative
ลองมะะ,neutral
อยากกินใครเลี้ยง,neutral
เสียใจโคราชไม่มีงะ ก้อน...,negative
ถ้าเอาเบียร์สิงห์เทลงไปจะเห็นได้เร็วและชัดกว่านี้ครับ 4 ครับ,neutral
กู้ตังจิ่ม 😂,neutral
ไหนๆไปดูไม่มี,neutral
การ์นิเย่ ไมเซล่าคลีนซิ่งวอเตอร์ / เพียวแอคทีฟ ขนาด 400 มล. (1แถม1 ของแถมรวมในแพ็ค) ราคา 369 บาทค่ะ,neutral
ข่ะ 😁😁,positive
ทรงคล้ายๆฮอนด้าเลย แม็กนี้คล้ายซิตี้เลยครับ,neutral
สูบบุหรี่ตายกันเยอะแล้วคับ,negative
พาไปกินหน่อยจิ น้าๆๆ☺️😊,positive
"เจอกันวันศุกร์หน้า!!! -9 มีนาคม- กับ 3 วงจาก 3 ประเทศในงานเดียว: Beach Fossils (US) + Her's (UK) + Safeplanet ที่งาน JAMNIGHT Live! - The International Series 3 🎫 บัตรราคา 1,800 บาท 🎫 มีขายที่ ข้อมูลเพิ่มเติมที่ Event page: __ JAMNIGHT JamesonThailand HYHBKK BeachFossilsBKK HersBKK Safeplanet",neutral
จริงครับผมเพิ่งออก GTR มาจะให้ขับเป็น นิสสันมาร์ท เสียภาพเลย,negative
แอดมินขออภัยในเหตุการณ์ที่เกิดขึ้นจากใจจริงมา ณ ที่นี้ด้วยนะคะ,neutral
เป็นทหารอยู่พิษณุโลก ดังจากการต่อต้านทักษิณ ที่บ้านขายปูเค็มเลยได้ชื่อนี้,neutral
โอเครตามนั้น ถ้าข้าวไม่ร้อนเค้าจะไม่กินเลย 😁,negative
ต้นกล้า เตชะดำรงธรรม ไม่มีพยาธิๆ มีแต่อมาเกด้อน,negative
ตังค่ะ,negative
ไม่กินกาแฟเลยไม่ชอบบรรยากาศสตาบัค คือนั่งอะนั่งได้แต่ไม่ค่อยจอยเพราะมีแต่กลิ่นกาแฟ ละเพื่อนคือมีอะไรก็นัดตาบัค นี่จะค้านก็ไม่ได้เพราะมีปหคนเดียว,negative
ลองเบียร์ยู มึงจะจองชักโครกเลย อ้วกแตก 55,negative
ช่ายคับ รู้สึกว่า honda city ตัวท๊อป ก็มีคับ,neutral
เอ็มเค หน้าซอย 21 ป่าว,neutral
ผมช่วยแชร์อีกแรงครับ,positive
น่าจะแจกทุกคนที่กินครบ 500 เพราะบางคนลูกอยู่ ตจว.จะได้ส่งไปให้,neutral
ขอทราบรายละเอียด จูค...กับนิสสันโน๊ตหน่อยคะ..,neutral
กลิ่นแฝด miss dior เหมือนมากก ติดทนด้วยจ๊ะ น้ำหอม miniso japan กลิ่นนี้ไม่มีขายที่ไทยนะคะ ราคาสุดคุ้ม299฿,neutral
จัดสักหน่อยไม,positive
มาตอบกันเองซะงั้นอ่ะ 😆😆,neutral
ไม่ต้องออกกำลังกายลิ้วว,neutral
อยากรู้ว่าแค่บุหรี่ไฟฟ้าต้องจับเข้าห้องขังด้วยหรอ,negative
พรุ่งนี้แล้ว จองโต๊ะด่วน‼️วงดนตรีที่แฟนเพลง เรียกร้องมากที่สุด 🎶 LIZM ร่วมกับ Chivas Regal Thailand เต็มใจเสนอคอนเสิร์ต Slot Machine 🙌 ศุกร์ที่ 29 กันยายน ที่ร้าน Lizm ประชาชื่น เตรียมกระโดดขึ้นยานแม่ 🚀 ไปด้วยกัน 👾 มันส์ทะลุโลกแน่นอน 🌕 โทรจองโต๊ะ หรือสอบถามได้ที่ 022 / 088-888-88 LizmBangkok ShareChivas Slotmachine ChivasX,neutral
บ่นกับเพื่อนทุกครั้งว่าอยากใช้ Kiehls แต่แพง สรุปได้ใช้แล้วใช่มั้ย55,negative
มันน่า 🤪,neutral
มาส่งที่รามอินทราด้วยนะคะ555,neutral
เสียเวลารอ,negative
ก้อนน่ารัก ขอจับก้อนไปถ่วงน้ำแบบช่วงกิจกรรมสมัยก่อนได้มะ👌😜,positive
ทำเกินไป บุหรี่ไฟฟ้า ไม่ไช่ยาบ้า,negative
มาสด้าเค้าฟ้องบริษัทด้วยไม่ใชาเหรอ,negative
"ค่ำคืนนี้มาทำให้หน้าหนาวนี้ อบอวลไปด้วยเพลงรัก . SOBER UP presents ""THE PARKINSON x THE TOYS "" . Wednesday 27 December @ DND . Early Bird: ฿450 At Door: ฿550 . For tickets & RSVP Line: (มี@) Tel: 099 . Dress Code: ⚫️Black : single ⚪️White : taken . AGE 20+ . DNDDoNotDisturb DNDBoutiquePlayhouse soberupgroup ChivasExtra Singhalight",neutral
ให้เราเถอะนะคะ🙏🏻🙏🏻🙏🏻 ความสุขของคนผู้หญิงคือการได้กินของอร่อยๆ จนลืมเรื่องความอ้วนไปเลยค่ะ 😁 👉🏻ความสุขของ BarBQ Plaza คือได้เห็นลูกได้กินของที่อร่อยและมีคุณภาพ 👉🏻ความสุขของ ติดโปร คือได้มอบสิ่งดีๆให้กับลูกเพจที่น่ารัก😁 ซึ่งเรา2 คนเป็นลูกเพจที่น่ารักมากเลยค่ะ 😁😁,positive
เห็นด้วยคน..ค่ะ..ตอกไข่..ได้โปรด..จงกลับมา..,neutral
มันมากสนุกมากอยากให้มาอีกคะสุดยอดBLEND285😍😍,positive
เลี้ยงด้วย,neutral
ไปเชียงใหม่ก็ระวังตัวกันเองนะครับ ต่อให้ขับมาแบบถูกกฏหมายแต่คนเชียงใหม่ขับเส้นทึบเยอะ เนี่ยสังคมเห็นแก่ตัว,negative
ส่วนถ้าใครซื้ออะไรก้ได้ที่ทวิตขายไป หนูแถมลิป stila อันนี้ให้ไปเลย เสียใจมาก ไม่เคยทาเลย ซื้อมาตั้ง 830 บาท เปนของแ…,negative
เท่าไรคะ,neutral
ถถ ไปโชว์ดีซีด้วยสิ ไหนๆมาละ แต่มันยังไม่ค่อยมีไรมากก,negative
ก้อนต้องขออภัยแทนน้องๆพนง.ที่สาขาด้วยนะคร้าบ :'(,neutral
: Hi-Fi Shine Ultra Cushion Lipgloss ของใหม่ล่าสุดเพื่อความแซ่บที่แท้ทรู ลิปกลอสไฮไฟแวววาวกับสีแน่นสุดพลัง มีให้เลือก 4 effect สุดจี๊ด Holographic / Sheer Cream / Cream และ Metalic กับ 20 เฉดสี ดูความแน่นและความวิ้งได้ เลื่อนดูรูปถัดไปค่ะ กลอสสีแน่นที่ไม่เหนียวจนปากติดกัน หอมกลิ่น vanilla mint เบาๆ สบายปาก Trend ปากวาววิ้งกำลังมานะคะ สาวๆอย่าตกขบวนนี้กันเชียว วางขายแล้วที่เคาน์เตอร์ Urban Decay / Central online / urbandecay.co.th ราคาแท่งละ 950 บาทนะคะ urbandecay HiFiShineGloss lipstick makeup bemynails,neutral
เช่นกันค่ะ ยังไม่ได้ของเหมือนกัน เสียค่าส่งอีก ☹️☹️☹️☹️,negative
เมื่อไหร่จะเก็บภาษีสำนักงานทรัพย์สิน ภาษีที่ดิน กล้าเปล่า ชาวบ้านจะได้มีที่ดินเป็นของตัวเองบ้าง,negative
เกียรขะพังครับนิสสันพัลซ่า,negative
M2ครับ,neutral
Nissan X-Trail ขับขี่ในเมืองก็ประหยัด ขับขี่ตะลุยป่ามีระบบ4WD ปลอดภัย,positive
พร้อมสัมผัสประสบการณ์และแรงบันดาลใจใหม่ๆ ได้ทุกเส้นทาง ไม่ว่าจะในเมืองหรือนอกเมือง นิสสัน เอ็กซ์เทรล ก็ตอบโจทย์ชีวิตที่คุณเลือกได้ ด้วยระบบขับเคลื่อน 4 ล้อแบบ ALL MODE 4x4-iLOCK พร้อมนั่งสบาย ปรับพื้นที่ให้เก็บสัมภาระได้ลงตัว มือไม่ว่างก็เปิดประตูท้ายได้ง่ายๆ ด้วยระบบ Auto Lift Gate ออกไปค้นหามุมมองใหม่ได้ทุกเส้นทาง มั่นใจไปกับนิสสัน เอ็กซ์เทรล รายละเอียดเพิ่มเติม : NissanTH XTRAIL IntelligentSUV,neutral
เชตสุดคุ้มวาไรตี้ เซตสเปเชียลหมู เซตสเปเชียลทะเล เอาเป็ดย่าง หมี่หยกราดน้ำเป็ดด้วย,neutral
อั้ยยะ,positive
ยังคงรอคอยอย่างมีความหวังงง,neutral
กุจ่าย129 ขอคืนได้ไหม,neutral
"🌺300.-🌺15 ML •• The History Of Whoo Bichup First Care Moisture Anti-Aging Essence •• เอสเซนส์บำรุงผิวหน้า ช่วยกระตุ้นระบบไหลเวียนเลือด เพื่อให้ผิวสุขภาพดี และคืนความชุ่มชื้นในผิว เตรียมพร้อมรับการบำรุงจากผลิตภัณฑ์ลำดับต่อไป คุณสมบัติโดดเด่น • ส่วนผสมจากกงจินบิดัน, แฮอึลฮวัน และกงจินบิดันตำรับเกาหลี • ช่วยกระตุ้นระบบไหลเวียนเลือด • ให้ผิวสุขภาพดี และคืนความชุ่มชื้นในผิว",neutral
วันๆหาแต่ของกิน,positive
ชอบมาสด้าสาม,positive
อีเวน ประเด็นคือรักบาบิก้อนมาก,negative
แต่งไปกินครึ่งราคา จะคุ้มค่าชุดมั้ยอ่า,negative
เพลานี้น่าจะไม่ทันการเสียแล้วน้องพี่ 🤣🤣🤣,negative
ลูก พ่อไม่พาเราไป อดไปเนอะๆ😭,neutral
แย่เลยลูกดื่มนมเยอะเลยสูงกว่า 130 ซม.ต้องจับลูก 10 ขวบทำให้เป็นเด็กแคระ จะได้กินฟรี มีนโยบายไม่สนับสนุนให้เด็กสูงก็ไม่บอกนะคะ อิอิ,negative
สาขา เพชรเกษม ควรปรับปรุงเรื่องบริการของพนักงานบางคนด้วยนะคะ เดินเข้าไปนั่ง 5 นาทีก็แล้ว 10 นาทีก็แล้วเรียกไม่หัน ไม่มีการมารับออเดอร์ ทั้งที่ โต๊ะไม่ได้เต็มเลย พนักงาน ยังยืนรินน้ำให้โต๊ะอื่น ยืนว่างก็มี อยู่ไม่เข้าใจเหมือนกันค่ะ หรือแต่งตัวธรรมดาไปคะ บอกเลยคะว่าครั้งนั้นครั้งเดียว,negative
รถเพื่อนผมสรุปคือเครื่องน็อควิ่งจากชลบุรีไปไม่ถึงบ้านเคว้งคว้างกลางทางไปไหนต่อไม่ได้แถมเสียเงินค่าลากรถเข้าศูนอีกคนที่ใช้แล้วไม่พังก็ไม่ต้องมาว่าเจ้าของเม้นเขาหรอกเพื่อนมันใช้มาสด้าบีที50จนเก่าเห็นฟอร์ดสวยเท่มันก็เอาบีทีไปเทินทั้งที่หมดงวดแล้ว4*4ล้านกว่าบาทจ่ายค่างวดไป4เดือนกลับปีใกม่รถพังแล้วถามว่ารถคันล้านกว่ายังต้องมาเสี่ยงดวงอีกหรือไงแล้วถ้าบอกว่าขับไม่เป็นถึงพังแล้วยี่ห้ออื่นใช้จนหมดงวดทำไมไม่พังวะคิดสิคิดนึกถึงตัวเองก็ได้ถ้าเป็นเราจะรู้สึกยังไงออกรถใหม่ราคาหลักล้านแต่ต้องมาใช้รถลากเข้าศูน ทั้งๆที่สภาพรถดูแล้วยังใหม่เอี่ยมเงาวับอยู่เลยแต่ขับไม่ได้แถมต้องพาครอบครัวมานั่งกินข้าวลิงอีกโหคิดแล้วทั้งเหนื่อยทั้งท้อนะแบบนี้รถใครไม่พังคือคนโชคดีแต่ของคนที่เขาพังคือเขาโชคร้ายจะมาว่าเขาขับไม่เป็นมันก็เกินไป,negative
แสงโสมแบนเดียวทำอะไรกูไม่ได้,negative
เครื่องปั่นลด 10% ด้วยมิคะ,neutral
ขอแม่ซื้อแอลกอฮอล แม่ซื้อสปายให้ บอกดีกรีน้อยดี เอาไปแค่นี้ 55 คือปกติไม่เคยจะให้,negative
เรามีลุงที่เป็นโรงประสาท2คน ลูกเมียลุงไม่มี เวลาเกิดอาการ แกจะถือมีดดาบปืนไม้ทุกๆอย่างเป็นอาวุธ วิธีการพาไปโรงบาล พอลุงใช้อาวุธให้เราหลบโทรแจ้ง191 บอกว่ามีคนบ้าถืออาวุธอาระวาด คลุ้มคลัง จะมีสายตรวจมาระงับเหตุก่อนขอประสานงานจากโรงบาลให้จับล็อคจากตำ รวจหรือโรงบาลก็ได้ฟรี พอถึงโรงบาลแจ้งว่าเป็นผู้แวยจิตเวช เขาจะฉีดยานอนหลับคลายเครียดให้อาจจะมีมัดมือมัดขาในกรณีหนี แต่ส่วนมากจะกลัวตำรวจ ขอใบส่งตัวแบบฉุกเฉินจากทางโรงบาลว่าคนป่วยอันตรายมาก ญาติจะต้องไปด้วยนะคะ รถโรงบาลจะพาไปส่งโรงบาลจิตเวชที่ใกล้ที่สุด ไปถึงโรงบาลหมอจะดูใบส่งตัวอีกที ว่าฉุกเฉินเขาจะให้รักษาที่นั้นเลยค่ะ คนเป็นญาติต้องทำใจ เอายาให้กิน ตามเวลาพาฉีดยา ลบอคติ คิดซะว่าอาคงทุกข์มากๆที่ต้องเป็นแบบนี้ เราคนดูแลถือสะว่าได้บุญ ทุกวันนี้ก็พาไปหาหมอทุกเดือน ฉีดยา มีดุบ้าง ถ้ากินยาแกจะเฉื่องๆนอน ทั้งวัน,neutral
แกๆ ปิ้งย่างนะๆๆ หอมดี,positive
รักเทอ ที่รัก น้องหิวว,neutral
ผมอยู่ในกรุ๊ปเบียร์นั้น บอกเลยรำคาญป้านั้นเรียกไลค์มากๆ พอเขาเถียงก็แถ ลีโอขวดเดียวยังลงได้ตั้งสามครั้งแหนะคิดดู ถถถ,negative
อยากกินภูเก็ตมีปะ,positive
ราคาแพงอยู่นะ,negative
ใฝเลี้ยง,neutral
คันนี้สิ ใช่เลย! ฮอนด้า ซีวิค แฮทซ์แบ็ก ใหม่ แนวนอนแถวที 5 คันที่ 4 ค่าา ❤ คอนเฟิร์มค่ะ จาก สาวกคนรักฮอนด้า👍👍👍❤❤❤ EnjoyHondaThailand,neutral
สาขาเชียงราย มีมั้ยค่ะ,neutral
ไปถามเบียร์สิงห์ เบีียร์ช้างดีกว่าไหม ไอ้เย็ดแม่คนผลิดไม่ผิดคนแดกผิด ประเทศกะลาแลนด์,negative
Noๆ,negative
เออ 555 เอ็มเคว่าแพง แต่ไม่น่าเกลียดเท่าร้านนี้,negative
ไม่รอเวลา ขอสเมอนอฟป๋องนึงเดี๋ยวเคลียเอง,neutral
ยัง งง งง นะว่าเบียร์เพิ่มขึ้น2บาทต่อขวด แล้วบางเพจ บอกราคาลีโอขวด ละ110บาท สรุปยังไงไม่เข้าใจ,negative
"หนาวแบบนี้ ต้องมาสัมผัสกัน !!! อากาศเย็นๆ กับเครื่องดื่มเย็นๆ ที่ EST.33 CDC เลียบด่วน est33 est33bysingha estcompany beergarden estival beer craftbeer snowyweizen byest33 live party hangout cdc —— EST.33 CDC : 088-888-88, 099-999-99",neutral
นี่แม่งถึงกะแดกช้างเลยเหรอ โหแม่งโครตเหี้ย,negative
อยากรู้ว่า Subaru XV นั้นแกร่งขนาดไหน ไปดูกันให้เห็นกับตา !,neutral
เป็นได้ด้วยเหรอ.. ต้องศึกษาข้อมูลเพิ่มแล้ว เพลียไปอีก... นึกว่าจะเจอวิธีแก้แล้ว พอดีเราแพ้ผ้าอนามัยอ่ะ นึกว่าใช้แบบนี้แล้วจะสบาย,negative
หงส์ทอง 35 ดีกรี,neutral
ปีใหม่เจอกัน,positive
ไม่ใช่ทุกเครื่องจะกรองได้❌ จะเลือกซื้อเครื่องกรองอากาศเราต้องดูสเป็ค!👀 👍Atmosphere SKY : 0.0024 ไมครอน (เล็กกว่าpm 2.5 ถึง1000เท่า!) 🚘 Atmosphere Drive : 0.015 ไมครอน ลองถามตัวเองว่า เราต้องการอากาศดีจริงๆ หรือ แค่มีไว้สบายใจ😷🤧 atmosphere ฝุ่นPM25 PM25 เครื่องกรองอากาศ,neutral
จอเพดาน ขนาด 10.5 นิ้ว ดูภาพยนตร์ ดูละครได้สบาย หรือออเจ้าจะดูบุพเพสันนิวาสก็ย่อมได้ 🤣,neutral
จากธุรกิจครอบครัวที่ผลิตยาหอมปราสาททอง พัฒนาไปสู่ เครือ รพ.กรุงเทพ กว่า 50 รพ. และสายการบินบางกอกแอร์เวย์ และยังไปซื้อเชนร้านขายยา save drug ช่อง PPTV HD และโรงแรมปาร์คนายเลิศมาทำ wellness clinic อีกด้วย บทความนี้จะไปดูที่ธุรกิจสายการบินนะครับ แล้วเราล่ะทำอะไรกันอยู่กับธุรกิจร้านขายยา มีไอเดียจะทำธุรกิจอะไรเพิ่มอีกมั้ย ความฝันของเจ้าของร้านขายยาคืออะไร แชร์กันได้ครับ,neutral
จัดน้ำมันเครื่องชื่อดัง - Motul Htech100plus 5w30 100%Synthetic - กรองน้ำมันเครื่อง Mazda แท้ตรงรุ่น ขอบพระคุณมากๆคร้าบผม ^^,neutral
ไม่กินเรดจ้า,negative
พรุ่งนี้ไปกินบาบีก้อนก่อนเถอะออเจ้า,positive
นครราชศรีมา,neutral
แจกบัตรดูหนัง movie preview แบบ S&P,neutral
เลี้ยงแฟนไม่ได้รึ,neutral
ราคาน่าสน😁,positive
ไป2คน,positive
โปรนาวาร่าก็มีครับ,neutral
ชีสสยืดด,neutral
ยังคงชอบตรงที่กาวกระดาษ เเม่งติดเเน่นจริง ควรไปใช้กับผ้าอนามัย กาวพี่ดีจริงๆ,negative
บัตรสมาชิกใช้เป็นส่วนลดไม่ได้ครับ แต่สะสมคะแนนได้ตามปกติน้า :) :),neutral
ขอบคุณมากค่ะ ได้รับจากติดต่อแล้วนะคะ แต่ไม่ใช่พนักงานเอ็มเค สาขางามวงศ์วาน แต่เป็นเพื่อนของพนักงานเอ็มเคสาขานั้น ซึ่งไม่ได้มีสาวนเกี่ยวข้องอะไรกับทางเอ็มเคเลย เป็นการทำงานที่น่าประทับใจมากค่ะ พนักงานที่มีส่วนเกี่ยวข้องไม่เป็นคนติดต่อมาเอง แต่กลับให้เพื่อนที่ไม่รู้อิโหน่อิเหน่เป็นหนังหน้าไฟติดต่อแทน นี่คืออีกหนึ่งวิธีการแก้ปัญหาของเอ็มเคเหรอคะ,negative
สงกรานต์นี้อยากมอบNivea แทนความห่วงใย ถึงไกลแต่ใจผูกพัน สาริน จืงจรูญ นีเวียร์แคร์คุณ,neutral
แรง ประหยัดน้ำมัน ราคาไม่แพง เอาแล้วตรู จะนอกใจmz2ดีมั้ย เบื่อAlmeraละ55,negative
ใช่ครับพี่ผมออกซีวิค 1.5 fk ล้านต้นๆเครื่องก้อแรงแถมประหยัดช่วงล่างก้อเยื่ยม กว้างพอๆแอคคอร์ด แต่ได้ราคาถูกแถมสวยทันสมัยอีกต่างหาก,neutral
เลิกเอาใจตลาดฝรั่งได้แล้ว รุ่นเดิมมันแคบไป รุ่นใหม่ถ้าตัวถังไม่เท่าซีวิคขายเอเชียลำบาก,negative
ก็ยังสยองอยู่ดี อารมณ์เหมือนกินเนื้อติดเชื้อเลย,negative
เข้าศูนย์ไปเปลี่ยนน้ำมันเครื่อง+เกียร์ บอกชั่งเวลาเหยียบมันจะมีเสียงเหมือนสังกะสีหรือแผ่นเหล็กดังแซดๆๆ ขึ้น เสร็จส่งรถบอกมันเปนเสียงสายพานน้ำมันที่ซึมออกหยดใส่ น้ำมันหยดสายพานพ่องงงเสียงเหมือนแผ่นเหล็ก civic es,negative
ดูรูปเซ้นต์มากๆ คือจะตายแล้วค่า แบบอยากได้ๆๆๆ อยากได้ๆๆ >< จิกหัวตัวเองสุด นั่นน้องนั่นลูก ท่องไว้ๆๆ,positive
สิงคโปร์นี่วินัยเข้มมากๆนะครับ ขนาดข้ามเคี้ยวหมากฝรั่งก็ยังไม่แปลก,neutral
รับนะค่พ Cf lip dior 126 680,neutral
รำคาญผ้าอนามัยสัส มึงจะงกกาวไปไหน เหี้ย,negative
60 + ใช้ดีมากไปหาซื้อได้ที่ ร้านEucerin ของ รพ เอกชนคะ,positive
ทึมชินEucerin,neutral
หึหึ ให้พูดใหม่,neutral
ปลาหมึกยัดไส้,neutral
"โรงพยาบาลสำโรงการแพทย์ ร่วมกับ นิตยสารสุขภาพดี จัดกิจกรรม ""Be Strong Be Healthy Hospital Roadshow 2017-2018"" ภายใต้หัวข้อ ""เวชศาสตร์ฟื้นฟูการแพทย์เพื่อคุณภาพชีวิต"" โดย ผู้ช่วยศาสตราจารย์นายแพทย์ภาริส วงศ์แพทย์ หัวหน้าแพทย์เวชศาสตร์ฟื้นฟู โรงพยาบาลสำโรงการแพทย์ และดารารับเชิญคุณปั่น ไพบูลย์เกียรติ เขียวแก้ว ร่วมพูดคุยเรื่องปัญหาสุขภาพการฟื้นฟูผู้ที่มีอาการปวดจากโรคกระดูกและกล้ามเนื้อ การฟื้นฟูผู้ป่วยโรคอัมพฤกษ์ อัมพาต การฟื้นฟูพัฒนาการเด็กโดยเฉพาะด้านการเคลื่อนไหวร่างกาย และการฟื้นฟูผู้สูงอายุเพื่อป้องกันการพลัดตกหกล้ม ซึ่งเป็นปัญหาที่สำคัญด้านสุขภาพของผู้สูงอายุ ทั้งนี้ได้รับเกียรติจาก แพทย์หญิงวิภาวัลย์ วงศ์แพทย์ รองผู้อำนวยการโรงพยาบาล และแพทย์สาขารังสีวิทยา กล่าวเปิดกิจกรรม Roadshow พร้อมกันนี้ นายแพทย์สุเทพและแพทย์หญิงประภา วงศ์แพทย์ ท่านผู้ก่อตั้งโรงพยาบาล ให้เกียรติรับชมเสวนา และเยี่ยมชมสินค้าเพื่อสุขภาพจากสหกรณ์บริการโรงพยาบาลการแพทย์ จำกัด และสินค้าเพื่อสุขภาพอื่นๆอีกมากมาย เมื่อวันศุกร์ที่ 17 พฤศจิกายน 2560 ณ บริเวณ ชั้น 1 โรงพยาบาลสำโรงการแพทย์",neutral
ศรีจันทร์ ทานาคา โกลด์ พาวเดอร์ มาส์ก (แบบซอง) ขนาด 2 กรัม แป้งทานาคาสำหรับมาส์กหน้า สูตรหน้าเนียนสองเท่า ผสานการดูแลผิว 2 ขั้นตอนในหนึ่งเดียว ช่วยควบคุมความมันให้ผิวแลดูเรียบเนียนไร้ความมันส่วนเกิน พร้อมบำรุงผิวหน้าอย่างอ่อนโยนด้วยคุณสมบัติอันโดดเด่นของทานาคา เหมาะสำหรับผู้ที่มีผิวผสมหรือผิวมัน วิธีการใช้งาน 1.ผสมแป้งกับน้ำแล้วพอกให้ทั่วผิวหน้าและ/หรือบริเวณที่ต้องการ ซองละ 15 บาท กล่องละ 160 บาท (เรทส่ง 150 บาท) เรทส่ง 3 กล่องขึ้นไปทักจ้า เรท 10 กล่องทักแชทจ้า,neutral
ว๊อนนน,neutral
มื่ออื่นไป,positive
สั่งในเพจ Biore เค้าได้เลย,neutral
แตกต่างเยอะมากๆ ครับ แทบจะในทุกส่วนของรถจะมีรายละเอียดที่แตกต่างจากฟอร์ด เรนเจอร์ รุ่นปัจจุบัน ไม่ว่าจะเป็นภายนอก ภายใน โครงสร้าง เครื่องยนต์ เกียร์ เทคโนโลยีระบบต่างๆ,neutral
คิดถึงมาก,neutral
ราคา เท่ารัยค่ะ,neutral
"3ทุ่ม-เที่ยงคืนๆนี้ ใครยังไม่หลับเปิด จมดม. ฟังกันเน๊อะ, ส่วนพรุ่งนี้ 'อุบล' เจอกันคํ่าๆที่ร้าน Duck Cafe งาน SangSomGreasyCafeTour และเรามีเข้าไปพูดคุยเรื่อง'ระเบิดเวลา' ตอนบ่าย3ที่คลื่น GFM92 (อุบลฯ)ด้วย แล้วเจอกันครับ camelcut",neutral
ก็หมวยหนิค่ะไม่ตั้งใจ ถึงจะหมวยแต่ก็สวยได้เพราะใช้ Superblack Liquid Eyeliner กรีดปุ้บก็สวยปั้ปเลยค่า ซื้อออนไลน์คลิกเลย >> มีจำหน่ายแล้วที่เคาน์เตอร์ชีนเน่ในห้างสรรพสินค้าชั้นนำทั่วประเทศ 📞 SHEENe Call center: 02-222-22 SHEENeThailand,neutral
"ลิสต์เคาน์เตอร์​ ipsa IPSA สาขา: IPSA Recipe House เอ็มควอเทียร์ 022, พารากอน 022, เซ็นทรัลชิดลม 022, เซ็นทรัลบางนา 022, อิเซตัน 022",neutral
กระบวนการยึดอำนาจรับสมัยนี้มันพัฒนามากกว่าสมัยก่อน สมัยนี้เขาตั้งพรรคให้เป็นประชานิยม เช่น..ประชารัฐ จากบทสัมภาษณ์ นักธุรกิจอดีต กปปส. เลือกตั้ง62,negative
แหม่มก้ตามมา555,neutral
"บุฟเฟ่ต์ ดินเนอร์ 799 มา 2 จ่าย 1 ทุกวันศุกร์ และวันเสาร์ เฉลี่ยท่านละ 400 บาท 🤤🍣🍤 พบกับเมนูสุดพิเศษมากมาย เช่น ซูชิ ซาชิมิ เกี๊ยวหูฉลาม พาสต้า สเต็ก ขาหมูเยอรมัน เป็ดอบชาหมื่นลี้ และเมนูอื่นๆ อีกมากมาย ⏰เวลา 18.00-22.00 น.⏰ พร้อมทั้งบุฟเฟ่ต์เบียร์สด🍺 ""ช้าง"" 299 ยาวๆ ไป 18.00-21.00 น. ❤️จองเลยจ้า 📞02-222-22 หรือ 📩Inbox ตรงก็ได้จ้า ⭐️พิเศษ!!! ลูกค้าจองเพื่อจัดเลี้ยงวันเกิด 12 ท่านขึ้นไป รับเค้กวันเกิดฟรี🎂 ⭐️[เงื่อนไขโปรโมชั่น]⭐️ - เด็กความสูงต่ำกว่า 90 เซนติเมตร คิดครึ่งราคาจากราคาเต็มและไม่สามารถใช้ร่วมกับโปรโมชั่นได้จ้า หากสูงเกิน 90 คิดราคาผู้ใหญ่ค่ะ - หากมากันไม่ครบโปรจ่ายเต็มราคา แต่หากชำระด้วย”เงินสด""ลด 30% (บัตรเครดิตไม่ลดนะคะ) ต้องชำระรวมในบิลเดียวกันนะคะ ⭐️*ยกตัวอย่างเช่น*⭐️ -ในกรณีลูกค้ามา 3 ท่าน 2 ท่านแรก คิดมา 2 จ่าย 1 ตามโปรโมชั่น ท่านที่ 3 คิดราคาเต็ม หากชำระด้วยเงินสดท่านที่ 3 ลด 30% ในบิลเดียวกัน (บัตรเครดิตไม่ลดนะคะ) hotel buffet dinner salmon sashimi promotion come2pay1 มา2จ่าย1 บุฟเฟ่ต์ แซลม่อน ปลาดิบ อาหารเย็น",neutral
ตุ่ย,neutral
กูไม่กินลีโอ.,neutral
ดูบอลอังกิด กินเหล้าอังกิด,positive
มีคนบอกว่า เค้าปรับปรุงอร่อยขึ้นนะ,positive
"ถูกต้องเลยค่ะ เมื่อไม่กี่วันมานี่คนข้างบ้านเป็นมะเร็งอาการหนักมาก ไปพึ่งพระ พระบอกถูกของ พระเรียกค่ารักษา 54,900 ญาติก็ยอมรักษาหวังมีทางหาย มันเกินไปไหมคะ",neutral
อยากพาพ่อแม่ไป,positive
ไช่ครับมันเอาสมองส่วนไหนมาคิดก็ไม่รู้ครับบอกมันไห้เลิกกินปลาที่แช้น้ำยาดองสพก่อนเถิอครับจะได้หายกับความคิดควายๆซะที,neutral
หนูอยากโทรนะ แต่กว่าแมคจะมาส่ง หนูคงแดกอันที่ส่งผิดหมดไปชาติเศษแล้ว นานเว่อ!,negative
มันมีเตาย่างนะ ที่กุเคยไปกินมาอ่า,neutral
บุหรี่​จริงยังคุมไม่ได้เลย,negative
ฝาเบียร์ลีโอ 55 กูขำอะ,neutral
ที่เซ็นปิ่นมี Clarins Skin Spa ด้วยอะ อยากทำมากแต่ราคาแพงแน่นอน,negative
Toyota Fortuner ออกแบบมาได้ยังไง โตโยต้าควรคิดสักนิดนะคะ ก่อนจะออกแบบรถมาขาย ส่องมามองไม่เห็นอะไรเลย นอกจากไฟ,negative
ขอรายละเอียดมาสด้า2ค่ะ ลอตนี้เปนรถปี2018-2019มั้ยคะ,neutral
อร่อยจังเลย. อยากไปบ่อยๆ แต่ล่าสุด ไป ขอพริกกระเทียม ไม่รู้พนักงานไม่พร้อมบริการหรือเปล่า กระชากถาดพริกแถมมองบน ถ้าไม่พร้อมทำงาน น่าจะจัดเตรียมของให้พร้อมก่อนให้ลูกค้านั่งนะ,negative
รถไฮลักซ์ รุ่นที่หายไป คือ TOYOTA Hilux Revo รุ่น Rocco 4 ประตู ข้อ (D) Rocco ค่ะ,neutral
วันนี้ไม่มีไลฟ์…แต่มีรูปให้ดูแทน กับการรวมภาพบรรยากาศ 3 วันสุดเดือด กับปาร์ตี้ Smirnoff Non-Festival ที่พาดีเจไปให้สุดที่บ้านคุณ ไม่เห็นต้องมีเฟสติวัล ก็สนุกได้ทุกที่ สำหรับใครที่พลาดในปีนี้…. เสียใจด้วยนะ T T รอติดตามรอบหน้าได้ทางเพจของเรานะครับ ไปให้สุดอย่าหยุดแค่เฟสติวัล SmirnoffNonFestival,negative
ครบเซทเลยเรา,neutral
กุพึ่งกินมาเอง,positive
พอกินอาหารทำเองบ่อยมากๆ เข้า ก็เพิ่งรู้สึกว่าเอ็มเคนี่เค็มแฮะ,negative
เพื่อนๆชอบพี่ขุนเรืองมากกก ขอให้ได้ทำตามฝันไปกับมิตซูบิชิแอททราจนะจ้ะ 😘,positive
ข้อ D.Rocco คือรถโตโยต้าไฮลักซ์รุ่นที่หายไป,neutral
ช่วงพีคที่สุดช่วงหนึ่งของประวัติศาสตร์ไทย แต่ไม่มีสมศักดิ์เจียม นี่ มันเหมือนขาดอะไรไปอย่างหนึ่ง,neutral
แป่วว มันเป็นวันหยุดด อดเบย,neutral
ก้อนๆ ชุด .E-Coupon ชุดครอบครัวหมูสุขสันต์ + ชุดประหยัดหมูสุดคุ้ม ใน 11arereetนี้กับชุดหมูสำหรับสมาชิก เหมือนหรือต่างกันยังไง ของสมาชิกราคาเท่าไหร่,neutral
นีเวีย มาอีกรอบดีใจจัง,neutral
นิสสันมาสมีปะคัฟ,neutral
สนใจMG3ค่ะ,positive
พวกแกร๊ๆๆ 555,neutral
มันจิบายสามละ 555,neutral
เบลนเหม็นๆๆๆ อยากกินลีโอ,negative
บาร์บีก้อน เมกะ เปิดเพลงได้แบบ กูจะร้องไห้แบ้ส อิสาดด,negative
จัดไปค่ะ,positive
ขอรายละเอียดอัลเมร่า...ลดแล้วเหลือกี่บาท(จ่ายสด)..ถ้าผ่อนจะต้องดาวขั้นต่ำสุดเท่าใด/ผ่อน6ปี//72งวดๆละ?,neutral
ต่อไปอาจจะได้เห็นบริษัทฯใหญ่ๆมาบริจาคกันมากมาย เช่น น้ำพริกเผาแม่ประนอม ไทยรุ่ง สามมิตร เบียร์ช้าง เบียร์สิงห์ ซีพี ฯลฯ,neutral
อยากให้เปรียบเทียบ มาสด้า 3 1.6 กับ 2.0 (มือสอง) ปี 2012,neutral
ทั้ง2นะสาว่า,neutral
พาไปกินหน่อย😊😊,positive
ทำไมเปิดครั้งแรกแค่ภาคเหนืออ่ะ ผมอยู่หัวหิน ผมนี้ขาแสงโสมเลยนะ,neutral
ไปถึงต้องจัดเลย,positive
ได้ตกลง,neutral
หลืบเหงาๆบนดาวพลูโต 55,neutral
กฏหมายหัวควย โครตแม้ง,negative
สู้ๆครับผมสนับสนุน,positive
วันนี้ไปกินไม่เห็นมีโปรโมชั่นไรเลย ติดป้ายหน้าร้านลดทั้งร้าน20%ไม่เห็นลดเลย,negative
ไม่กินเผ็ดอะ,negative
กิจกรรมทายผลฟุตบอล นัดแดงเดือด กติกา - แชร์โพสนี้พร้อม ผลสกอร์ที่ทาย - แคปภาพที่แชร์พร้อมผลสกอร์เม้นใต้รูปนี้ - ตั้งค่าการแชร์เป็นสาธารณะ - ปิดรับการทายสกอร์วันเสาร์เวลา 19.00 น. ผู้ที่ทายผลสกอร์ได้ถูกต้อง รับไปเลย แสงโสม 1 กลม ทั้งหมด 2 รางวัล,neutral
อยู่ในถุงที่เดียวกับกระป๋องเบียร์ลีโอ,neutral
❌❌ นี่เป็นเรื่องที่เหมือนจะเล็ก แต่ไม่เล็ก อยากให้ทุกคนระมัดระวังคำเหล่านี้ ในสนามบินและบนเครื่องครับ ไม่ว่าจะเป็นการพูดเล่น หยอกล้อ หรือ สนทนากับเพื่อน เพราะนั่นนอกจากจะทำให้อาจถูกดำเนินคดีแล้ว ท่านผู้โดยสารและผู้ร่วมเดินทางอาจจะเสียเวลากันมากอีกด้วยครับ skyandplane pic.twitter.com/vSV5BxQ2df,neutral
ผลิตภัณฑ์ Honei V bsc มีจำหน่ายที่ร้าน Beauty Station ทั้ง 10 สาขา ดังนี้ค่ะ 1. Terminal21 Asoke (Fl.3) 2. Big C Ratchadamri (Fl.2) 3. Show DC Rama9 (Fl.2) 4. Union Mall (Fl.2) 5. Lotus Srinakarin (Fl.1) 6. His&Hers Market Village Suvarnabhumi (Fl.1) 7. Central Marina Pattaya (Fl.1) 8. Lotus Amata Nakorn (Fl.1) 9. BlúPort Hua Hin (Fl. B ) 10. The Mall Korat (Fl. B ),neutral
แอดมินเดอะเฟสช็อปแม่ง 55,negative
"Civic รุ่น 1300 และ 1500 DX มีอุปกรณ์มาตรฐานใหม่ๆ เช่น กระจกหลังพร้อมไล่ฝ้า ที่ปัดน้ำฝนแบบหน่วงเวลา และที่จุดบุหรี่ ส่วนรุ่น 1500 GL เพิ่มคุณภาพด้วยยางเรเดียล ที่ปัดน้ำฝนหลังพร้อมที่ฉีดน้ำ มาตรวัดรอบ และนาฬิกา ส่วนรุ่นแวกอนมีรุ่นย่อยเดียวคือ DX รุ่นตัวถังซีดานเปิดตัวตามมาในปี 1981 พร้อมเกียร์อัตโนมัติรุ่นใหม่แบบ 3 จังหวะ ส่วนรุ่นไฟหน้าทรงเหลี่ยมและกันชนสีดำ เปิดตัวในปี 1982 จากนั้นจึงมีการเพิ่มรุ่นประหยัด FE - Fuel Economy มาพร้อมอัตราสิ้นเปลืองในระดับ 17.6 กม./ลิตร (ในเมือง) และ 23 กม./ลิตร (ไฮเวย์) ในปี 1983 Honda Civic รุ่น 1500 GL ถูกแทนที่ด้วยรุ่น S ซึ่งหมายถึง Sport ติดตั้งช่วงล่างใหม่ที่ให้ความมั่นคงยิ่งขึ้น พร้อมด้วยเหล็กกันโคลงหลัง ยางมิชลิน 165/70 R13 พร้อมติดโลโก้ S สีแดง ทั้งนี้รุ่นตัวถัง 4 ประตูซีดาน มีชื่อเรียกเฉพาะว่า ""Ballade""",neutral
สวัสดีคร้าบ ตอนนี้ก้อนจัดโปรโมชั่นรีฟิล ชุด Happy Refill 399.- และ Super Refill 499.- พิเศษสำหรับสาขาเซ็นทรัล บางนาชั้น6 และดิอเวนิวรัชโยธิน เท่านั้น เริ่ม 07 ธันวาคม’60 จนถึง 31 มกราคม’61 นะคร้าบ,neutral
หิวเด้ออ,neutral
บุหรี่ไฟฟ้าดิ,neutral
นีนทา Maybelline Kiss Proof เบอร์ 5 ก่อน แล้วทาทับด้วย ysl tint in balm สีชมพูค่ะ (อันนี้จำไม่ได้ว่าเบอร์ไหน ถ้าไม่ลืมจะดูให้ค่าา),neutral
ขนาดกูดีแม๊กไฮ ยังแยงตานิดๆเลย ถ้ารถเก๋งนี่ไม่ต้องพูดเลย,neutral
ไม่มีค่าา,neutral
เซ็นรามไหมรึที่ไหนก็ได้ตามสะดวก,neutral
อันดับ 1 ร้อยละ 26.06 ระบุว่าเป็น พลเอกประยุทธ์ จันทร์โอชา รองลงมาอันดับ 2 ร้อยละ 24.01 ระบุว่าเป็น คุณหญิงสุดารัตน์ เกยุราพันธุ์. ลุงจะส่งคนตามคุณหญิงสุดารัตน์อีกปะอะ ระวังคุณหญิงแม่เอาหมัดดามหน้านะลุง😏(ยิ้มแบบสุดารัตน์) นิด้าโพล เลือกตั้งประเทศไทย2562,positive
แม่เราพึ่งเสียอาทิตย์ที่แล้ว เป็นมะเร็งเหมือนกัน .. มาเจอตอนระยะสุดท้าย .. รักษาได้ 3 อาทิตย์แม่ก้อเสีย .. ตอนนี้ยังเสียใจอยู่เลย .. มันเป็นอะไรที่ไวมากจนตั้งรับไม่ทัน ... คิดถึงแม่จัง,neutral
โอ่ย อินนิสฟรี ไอ้สัสๆๆ,neutral
"Mazda ทุ่ม 7,200ล้าน เปิด โรงงานผลิตเครื่องยนต์แห่งใหม่ในไทย (โดยใช้เครื่องจักรผลิตแทนแรงงานคน) 55+",neutral
ไหนจ๊ะไหน ซูมๆมาให้อ่านหน่อย เหล่าคนสายตาดีๆๆ,neutral
ทูลกระหม่อมหญิงอุบลรัตนฯ พระราชทานถุงยังชีพ “หนึ่งใจ...เดียวกัน” ให้แก่ชาวบ้าน ตำบลบ้านไร่ จังหวัดนครสวรรค์ หลังทรงทราบถึงปัญหาความทุกข์ยาก ของประชาชนที่ประสบกับทุกข์ภัยต่าง ๆ,neutral
กราบขอบพระคุณเอ็มเค🙏มากๆนะคะ ที่ส่งเค้กปีใหม่มาให้ เรียกว่าส่งมากินกันทั้งออฟฟิตไม่หมดเลยอะคะ ขอบพระคุณที่สุด ❤️❤️รักเอ็มเคมากๆ😘😘😘,neutral
ยังงัยถ้าเราเหน เรากะคงไม่กินชิ้นนั้นยุดี...,negative
ชอบ toyotabuzz จัดกิจกรรมตลอด คืนกำไรให้กับลูกค้า,positive
มันบุฟ นี่มึง..,neutral
อยากให้สาขาโรบินสันสมุทรปราการมีการเติมซูชิหน่อยคับไปทานมา 3 ครั้งพอซูชืหมดไม่ค่อยมีการเติมสักเท่าไหร่,negative
หลังกลับจากเชียงใหม่ 😁,positive
ส้มกับ​แตงโมไงค่ะ,neutral
ใช้ครีมอะไรบ้างค้าตอนนี้ — ตอนนี้ใช้ของยูเซอรีนอย่างเดียวเลย เปนสิวงะ,negative
ความสุขแบบกลมกล่อมในคือเคาท์ดาวน์ คือการได้อยู่กับครอบครัว คนรัก พร้อม Blend 285 signature สัก 2 กลม,neutral
รายการ Z-TV ออกอากาศวันเสาร์ที่ 30 ธ.ค.60 สัปดาห์นี้ส่งท้ายปีเก่าต้อนรับปีใหม่ กับช่วงเวลาดีๆจาก Z-TV ช่วงแรก Z travel “เอ๊ะ อิศริยา” พาไปร่วมทริปกับกิจกรรม “Isuzu D-Max” Press Trip” สัมผัสประสบการณ์การขับขี่ รถปิคอัพ อีซูซุ ดี-แมกซ์ ใหม่ รุ่นฉลองครบรอบ 60 ปี บนเส้นทาง กรุงเทพฯ-ตาก-สุโขทัย กราบสักการะศาลสมเด็จพระเจ้าตากสินมหาราช และไปนมัสการวัดพระบรมธาตุที่อำเภอบ้านตาก ต่อด้วย Z Special เดินทางไปกับบริษัท นิสสัน มอเตอร์ (ประเทศไทย) จำกัด สืบสานพระราชดำริของในหลวงรัชกาลที่ 9 ผ่านโครงการ “แค่ใจก็เพียงพอ ตามพ่อที่พอเพียง” ชมศูนย์อภิบาลช้างในอำเภอแม่ริม ที่ใช้แนวทางการอนุรักษ์ทรัพยากรธรรมชาติ ควบคู่การส่งเสริมการท่องเที่ยว ตามพระราชดำรัสของในหลวงรัชกาลที่ 9 ปิดท้ายกับ Z-Special พบกับการแข่งขันมวยไทยระดับนานาชาติ “THAI FIGHT 2017” รอบรองชนะเลิศ ณ ศูนย์การค้าเซ็นทรัลพลาซา เชียงใหม่ และกิจกรรมทดสอบ Toyota Yaris Hatchback ในเส้นทาง กรุงเทพฯ-กาญจนบุรี,neutral
จะกินนๆ555,positive
จางไปครับ ต้มยำเข้มข้นกว่าเยอะ,negative
รับข่าวสาร และโปรโมชั่น แคมเปญ รถฟอร์ดป้ายแดง คลิ๊กด้านล่างเลยครับ ^_^,neutral
กุเกลียดยูเบียร์ รสชาติเหี้ย,negative
อยากได้เตาอบค่ะ เอาไว้อบก้อน ดีมั้ยค่ะ ตอนนี้กะละงหนาวเลย,neutral
ผมกินหงส์ทองหรือไม่ก็285 ลูกหนี้ผมแดกชีวาส หรือไม่ก็รีเจนซี ผมกินอาหารตามสั่งข้างถนนมือนึงก็ 45-50 บาท ลูกหนี้ผมกินอาหารตามสั่งในร้านอาหารติดแอร์มื้อละ 100 โพสรูปเที่ยวนู่นนี่นั่น กินแต่ของดี ๆ พอทวงเงินเสือกบอกไม่มีตลอด,negative
มีแพ็ดเกจจิ้ง 64 รูปทรง ที่แตกต่างกันไป โดยได้รับแรงบันดาลใจจาก ถ้วยจิบน้ำชาโบราณของประเทศญี่ปุ่น ซึ่งจับถนัดมือมาก และช่วยให้ผู้ที่สัมผัสรู้สึกผ่อนคลายอีกด้วย ☕☕☕ EssentialEnergy ShiseidoThailand,neutral
เจอกันคืนนี้ ! ร้านเรื่องเหล้า พระราม 2 Show 22.30น. theyers tigerjams,neutral
แต่มันเนื้ออ่ะ,neutral
ใช่ค่ะ Hada Labo Anti-Anging Lotion สูตรใหม่ได้เพิ่มประสิทธิภาพการดูแลล้ำลึกถึงระดับเซลล์ผิว ช่วยซ่อมผิวแก่ กักเก็บความชุ่มชื่นได้ยาวนานยิ่งขึ้น เติมร่องริ้วรอยให้ผิวเรียบเนียน ดูอ่อนเยาว์ โดยมี 2 ขนาดคือ 170 ml./ 620 บาท และ 30 ml./ 139 บาทค่ะ ;),neutral
MG ไม่เคยทำให้ผิดหวัง ดีไซน์รถหรูสวย,negative
จำกัดเวลาปะ,positive
กระป๋องดำล่ะไปไหน,neutral
นี่ก็เคยเป็นโรคลมชักนะแต่หลังจากผ่าเอาเนื้องอกในสมองออกไปก็ไม่มีอาการมา2-3ปีแล้ว ตอนเป็นช่วงแรกๆไปร.พแถวบ้านได้ยามาทานก็ไม่หายยังชักอยู่ทุกเดือนหมอหาสาเหตุไม่ได้ คิดว่าไม่ไหวแล้วขืนปล่อยให้ชักอยู่แบบนี้สมองไปแน่ๆเพราะขาดอ๊อกซิเจนไปเลี้ยง ตัดสินใจมาตรวจที่สถาบันประสาทวิทยาดูเจอสาเหตุเลยคือก้อนเนื้องอกในสมอง หมอจัดคิวให้ผ่าตัดเอาออกตอนนี้หายดีเรียบร้อย แต่ก็ต้องรักษาตัวไม่เครียดไม่อดนอน ไม่จ้องมองแสงวูบวาบที่จะไปกระตุ้นอาการ หลีกเลี่ยงการขึ้นที่สูง การขับรถทุกชนิด,neutral
กินเบียร์ช้างมันไม่ได้จ้าง แต่นี่นับเงินเค้ามารีวิวสินค้า ถ้ากินเบียร์ละบริษัทเบียรกะดาราบอกมีการจ้างก็คงไม่รอด แต่นี้ตั้งใจกินเลยรอด,neutral
จัดของดีญี่ปุ่น - Moty’s M100 Fullysynthetic - กรองน้ำมันเครื่อง Wix Filter ตรงรุ่น ขอบพระคุณมากคร้าบ,neutral
ห้ะใรน้ะ,neutral
เอาส่วนลด50%ตลอดปีไปเล่ยย,neutral
บ่มีตัง,neutral
ยุคไหนแล้วครับนี้คนนะไม่ไช่ควายความรู้รอบตัวมีเยอะจู่ๆจะมาบอกว่าเป็นงั้นเป็นงี้(ไปหลอกเด็กอนุบาลไป),negative
จขม หมายถึง iQos ล่ะมั้งครับ,neutral
วันศุกร์แห่งชาติออกมาพาร์ที่กัญเถอะ โปรก่อน3ทุ่มมีเหมือนเดิม ลีโอ สิงห์ไลท์ ยูเบียร์ ขวดละ55บาท สิงห์ขวดใหญ่ 62บาท รีบๆมาเด้อ ผมอยู่ทุกวันละครับ 239Vintage VintageRestaurant,neutral
ของเรามีไม่กี่น้ำจิ้มเอง,negative
เคยกินเรดปลอม หน้าตามือเท้าบวมหมด แพ้หนักมาก เข็ดจิงๆ😂,negative
Ford Ranger Raptor มันแพงที่ช่วงล่างนะครับ ไม่ได้แพงที่เครืืองยนต์ เพราะฉะนั้น EV คง+เพิ่มไม่มาก,negative
ยีห้อ Etude House บีบีครีม Precious Mineral BB Cream LASHESactivity,neutral
เพื่อไทย-ประชาธิปัตย์ ขอความชัดเจนเลื่อนเลือกตั้ง,neutral
จัดกันนตัวเอง,neutral
ไปสิ 😎,positive
ผมครับ สูบและเลิกมาแล้ว2ปี เท่มั้ย ส่วนนึงใช่ครับ เพราะมันคือของที่เราถือ อย่างน้อยมันต้องมีสไตร์ครับในแบบของเรา แต่ที่ผมสูบคือผมตั้งเป้าว่าต้องเลิก และผมก็เลิก หลายคนก็บอกนะ ไม่มาลองไม่รู้ว่ามันเลิกยาก คือไม่ยาก แค่ไม่เลิกกันเองแค่นั้นละครับ,positive
ไปป่าว ต้องจองๆนะ หาวันตรงกันแล้วจอง,positive
👍🏻👍🏻👍🏻👍🏻🤩🤩🤩,neutral
อ่าา,neutral
โรบินสัน สระบุรีเปิดใหม่มี Refill ไหมคะ จะได้ไปกิน,neutral
ดูโอ้บำรุงผิวชำละร้างสะอาด & บำรุงผิวให้สวยพุ่ง 😊 ด้วย BSC JEANS LIGHT TONER & BSC JEANS SKIN BALANCE BEAUTY BOOSTER,neutral
มิตซูในดวงใจ รุ่นปาเจโรค่ะ,neutral
ตอนนี้แถวบ้านรถหาเสียงที่วิ่งถี่สุดคือชาติไทยพัฒนา เพราะเป็นนักการเมืองท้องถิ่นมาก่อน รองลงมาคือพรรคประชาธรรมไทย คนแถวบ้านเราลงสมัคร ต่อจากนั้นก็มีอนาคตใหม่ผ่านวันละรอบส่วนประชาธิปปัตย์รถหาเสียงไม่มีเลย ส่วนคนที่ลงพื้นที่มีแค่พรรคประชาธรรมไทย เลือกตั้ง2562 เลือกตั้ง62 (1),neutral
นี่ก็ซื้อลิปสติก Tom Ford ตาม บตบก นะคะ ดูสีสวย+แพ็กเกจหรูมาก แต่พอใช้จริงแล้วคิดว่าแพงเกินเหตุ แพ็กเกจก๊องแก๊งไปห…,negative
สเมอนอฟ,neutral
"พรุ่งนี้ บ่าย 2 🔥 จับฉลาก FA CUP รอบ16ทีม . พี่น้อง ทบ. อยากเจอทีมอะไร คอมเม้นมาบอกกันหน่อย แอดขอทีมใหญ่ๆ บิ๊กแมตต์ๆ โดยเฉพาะ ""จิ้นเหลน"" อยากเจอวะ บรร. ก็ได้ ขอในบ้านพอ ChangFACUP ArmyUnited",neutral
งามหน้าต่างชาติ แต่เพื่อผลประโยชน์ของพวกพ้องมันเอง มันไม่สนกันหรอกว่า ต่างชาติจะคิดกับประเทศไทยยังไง ดีแต่ปิดหู ปิดตา ปชช ว่า ต่างชาติเชื่อมั่น เศษรฐกิจดี,neutral
ไม่สูบดีสุด เอาเวลาไปอ่านสือและมาติวให้กุดีกว่า,negative
โฆษณาผ้าอนามัย,neutral
จำได้หมดแหละ,neutral
มาปุณณวิถีด้วย bts ก็คือใช้เวลาเท่าขับรถมาจากบ้านอ่ะ เยอะกว่านิดนึงด้วย บ้าบอ 55 มันอ้อมอ้ะ ขับรถมาก็ตัดออกเอกมัยแป๊บเดียว ขึ้นทางด่วนก็ครึ่งชม.,negative
อีกแล้วหรือ 😁,positive
ป่ะะะ,positive
ผมขับ 2017 ไม่ดังเท่ารีโว้นะ,negative
พี่เติ้ลหล่อมว้ากก ค่ะ ToyotaBuzz เติ้ลธนพล,positive
"แบทเทิล 1,200 แรงม้า!!! Lambo Huracan ปะทะ Nissan GT-R R35 (คลิป)",neutral
ไปกินบาบีก้อนกันมั้ยล่ะ?,positive
ใช่เข้าแอฟก้ยาก ไม่มีเมนูอะไรด้วย งงมากมีแต่โปรโมชั่น,negative
ชอบตรงที่ชนะอะไรอะไรมาทุกอย่างแต่มาแพ้บุหรี่จริงเลย,positive
55 🤪🤪🤪,neutral
ได้มาแล้วค่าาา,neutral
ขอกราบตรงหัวใจผู้บริหารโตโยต้าทุกๆท่านด้วยความเต็มใจที่เห็นคุณค่าของคนไทยที่ทำชื่อเสียงให้กับประเทศชาติ,positive
ผมอยากรู้รสชาตเหมือนแสงโสมไหม,neutral
ไปกินเป็นเพื่อนโหน่ยย,positive
ชัดเจน ชัชชาติ เลือกตั้ง62 ‘หญิงหน่อย’ เปิดทางแล้ว เพื่อไทย พร้อมชู ‘ชัชชาติ สิทธิพันธุ์’ เป็นนายกรัฐมนตรี!,neutral
สุดยอดปีหมูปีแห่งการกินเกิดมา 18 ปีก็เพิ่งรู้ว่าของกินพวกนี้เขาเป็นยังไง กินยังไงช็อคสุดๆตรงขนมครกกินกับน้ำตาล ปาท่องโก๋มีน้ำจิ้ม... แล้วสำหรับหมี่หยกคือไม่ลวก!!,neutral
พูดถึงโรมานอฟแล้ว รู้หรือไม่ว่า ซาร์ นิโคลัสของรัสเซีย (ซ้าย) กับ คิงจอร์จ ของอังกฤษ (ขวา) เป็นญาติกัน และหน้าเหมือนกันมาก ทั้งคู่เป็นผู้ประมุขทั้งสองประทศ ในสงครามโลกครั้งที่ 1 ช่วงท้ายของสงคราม เกิด Russia Revolution ซาร์ สละราชบัลลังค์ ตามมาด้วยการถูกฆ่าล้างโคตร,neutral
กี่โปร ... กี่โปร ก็ยังไปไม่ถึง,negative
เค้าให้ วันจันทร์-ศุกร์ค่ะ,neutral
เพจนี้มันล้าหลังครับบ😂😂,neutral
เพราะแม่เป็นคนคิ้วบาง ควรลองใช้ดินสอเขียนคิ้วของ L'Oreal ค่ะ แม่เป็นผมออกสีทองก็ไม่รู้จะเลือกสี อะไรดีค่ะ เลยอยากได้ค่ะ แม่บอกว่าคิ้วสำคัญขาดไม่ได้เลยอยากได้ดินสอเขียนคิ้วดีๆให้แม่ค่ะ เขียนภายในแท่งเดียว ทำให้มั่นใจมากขึ้นด้วยค่ะ ติดทนตลอดทั้งวันด้วยค้ะ เขียนง่ายด้วยค่ะ YourPerfectBrowColor ParisianChic LOrealParisTH BrowArtistXpert,positive
มาม่าดีกว่าไหมครับ 😂😂,negative
ของจริงไม่คือแบบนิ้ เมื่อวานกุเห็น 55,negative
เธอได้ 2000 ก่อนหื้อยืมก่ได้หนา,neutral
อยากทานมากๆๆหนูรักบาบีก้อนเพื่อนกันตลอดไป,positive
ตอนนี้ titan ยังไม่เข้าแน่นอนในตอนนี้ค่ะ ยังไงต้องรอลุ้นนิสสันอีกทีนึงจ้าา,positive
นี่รถลุงแคบหรอคะ..หรือขาหนูยาว ถามจริง... โตโยต้าอัลติส2018,negative
พี่กินช้างหรือป่าว,neutral
พวกเราติดบุหรี่ อยากเลิก แต่ยังเลิกไม่ได้และไม่อยากใช้บุหรี่มวนแล้ว พวกเราไม่ใช่อาชญากรครับ ขอบพระคุณทีมงานที่กล้าหาญ และท่านผู้ใหญ่ที่ใจกว้างรับฟังครับ,neutral
Mazda ควายชัดๆ ซื้อCX5 มาคันนึง ต่อไปเลิกแล้วกับแบรนด์นี้,negative
“สิงห์” แตกไลน์ธุรกิจใหม่ ปั้นบริษัทลงทุนสตาร์ตอัพ เฟ้นธุรกิจอาหารเครื่องดื่ม-โลจิสติกส์-เทคโนโลยีดาวรุ่ง “ซีรีส์เอ” เสริมแกร่งธุรกิจหลัก เติมรายได้/กำไรเข้าพอร์ต เผยลงทุนก้อนแรก 25 ล้านเหรียญ คว้า 2 กองทุนในอินโดฯ-สิงคโปร์ ก่อนเล็งเพิ่มงบฯหนุนคนไทยเพิ่ม,neutral
"มีจำหน่ายเฉพาะที่ห้าง Tops, Gourmet Market, Villa and Foodland (ในห้างขายถึงสิ้นมกราคม 18 เท่านั้น) และ ร้าน THAY Ekamai, OLDER, The Cassette Music Bar Ekamai, Reunion ทองหล่อ Social Gathering Bar&Bistro, บ้านเพื่อน เอกมัย, Wild & Company. JamesonThailand JamesonBlackBarrel Drinkresponsibly",neutral
ฟ้าทำวิจัยอยู่,neutral
ไม่ธรรมดา 55,positive
คนเรามันป่วยหลากโรคกับบาดเจ็บรายวันอยู่แล้ว ถึงวันนี้อยู่ๆจะมียาพื้นบ้านที่รักษามะเร็งได้ขึ้นมาก็ไม่มีปัญหาอะไรหรอกมั้งผมว่า,neutral
ปีนี้มีงานของแสนสิริ ตรงอ่อนนุชมั้ย,neutral
เดี๋ยวนี้ไม่กินช้างเพราะว่ามันไม่ฮิตมีกระแสเสือดำเราต้องกินเสือ,negative
หมูทะป่ะ,neutral
ตอนนี้ยังไม่มีอะไรครับ เสียวสันหลังหน่อยๆ 😁😊,negative
เราจะทำยังไงให้มันถูกกฏหมายครับ,neutral
Cf kiehl’s white water1570,neutral
55 วุ้วว,neutral
คุณตะวันจ้าง 500 ให้กินหงษ์ทองเพียว ครึ่งขวดน้ำคลิดตัส จวดใหญ่ เมาและทรมารมากค่ะ 55,neutral
กิจกรรมชิมแล้วชีส ยิ้มแล้วแชะ,neutral
"ทำไมขับไปทางไหนก็เจอแต่พวก Vios,jazz,city,",neutral
วันไหนบอกด้วยเด้อ,positive
โจรเหี้ย...ม ชายอ้วนดำทำทีมาถามหาลูกชายป้าว่าอยู่มั้ยป้าบอกว่าไม่อยู่เลยขับรถกลับ มาอีกครั้งมาถามหาเบียร์ว่ามีกี่ขวดราคาเท่าไรป้าบอกถ้ายกลังให้ไปร้านเจี๊ยบมินิมารท์ คนร้ายบอกว่ากลับไปเอาเงินก่อน ใช้เวลาไม่ถึง10นาทีคนร้ายมาอีกรอบทีนี้พาเพื่อนมาด้วยลักษณะผอมขาวเข้าทางด้านข้างร้านค้าขณะป้ากำลังอยู่หลังร้าน ได้ยินเสียงขวดกระทบกันจึงรีบเดินออกมาดูพบคนร้าย2คนกำลังลักเบียร์ลีโอไปหมดตู้จำนวน9ขวด คนร้ายทั้งสองกระโดดข้ามโต๊ะรีบวิ่งขึ้นรถ จยย ที่จอดไว้หน้าร้าน ป้าจึงตะโกนออกไปว่าทำไมทำกับป้าแบบนี้คนร้ายทั้งสองได้หันหน้ามาเยาะเย้ยและหัวเราะด้วยความซะใจแล้วรีบขับรถหลบหนีไปทางแยกป่างิ้ว หลังจากสอบถาม คุณป้าให้การทั้งน้ำตาต่อเจ้าหน้าที่ตำรวจว่า เมื่อวันเสาร์ที่ผ่านมาก็โดนคนร้ายเข้ามาลักบุหรี่จนหมดหีบ และวันอาทิตย์เข้ามาลักโทรศัพท์มือถือ จนมาวันนี้วันจันทร์โดนลักเบียรไปหมดตู้ ชุดสืบสวน สภ.เมืองอ่างทองเร่งติดตามตัวคนร้ายมาดำเนินคดีเหตุเกิดตรงข้ามร้านจับดูดก่อนถึงแยกป่างิ้ว,negative
สาขาโอเชี่ยน ภูเก็ตวันที่20 มีนา ประมาณเที่ยงค่ะ,neutral
ดีใจมาก ๆ เลยค่ะ ^^,neutral
แล้วเสือกขับ 4*4 ไปขี่บริโอ้ หรือไม่ก็มิราจ โน่น ดีนะไม่ตาย,negative
Cx3น่าจะมีรุ่นสามประตูเนาะ จะซื้อมาขับให้พวกอวยmgเค้าดูเล่นๆ,positive
ในเชิงบริหารผมว่าพรรคนั้นไม่ควรขึ้นไปนั่งนะ ดูแล้วไม่น่ารอด แต่ควรเอาดีทางด้านส่งเสริมกิจกรรมมากกว่า ถ้าบริหารต้องเลือกอีกพรรคนึงที่ชื่อ*แบะๆ*ถึงจะโอเค,negative
มหากาพย์ ผลิตภัณฑ์ที่เหมาะกับผิวติดสเตียรอยด์ ผิวแพ้ง่าย ผิวขาดการดูแล - คลับหมอยา ร้านยารังสิต *ก่อนใช้อะไรก็แล้วแต่ ควรเทสก่อน วิธีเทสครีมที่ส่วนตัวคิดว่าน่าจะลดความเสี่ยงได้มากสุด คือ เทสท้องแขนตอนเช้า ถ้าเย็นไม่แพ้ แสดงว่าไม่มีสารที่เราแพ้ ตกเย็น หลังอาบน้ำ ให้แต้มจุดเล็กๆ ที่หน้า เลือกดูว่าส่วนไหนบางสุด ดูอาการตอนเช้า ถ้าเอาให้ชัวร์ เทสจุดเดิมๆ 3-7 วัน อ่านต่อ... ฟิสิโอเจล physiogel เซอร์มิกครีม zermix อะโทปาล์ม atopalm พลูจีนอล pluginol อีเซอร่า ezerra ฮาดะลาโบะ hadalabo ซูโดครีม sudocrem -- เข้าชมคมคนผิวแพ้ง่าย วันนี้ลุ้นรับของรางวัลฟรี เวชสำอางเพื่อคนผิวแพ้ง่าย คลิกเลยค่ะซิสส >> เข้าชมคมคนคนสุขภาพดี ผิวสวยใส ปรึกษาเรื่องยาและโรคได้ วันนี้ลุ้นรับของรางวัลฟรี เวชสำอางเพื่อคนผิวแพ้ง่าย คลิกเลยค่ะซิสส >>,neutral
ยาริสนี่หลายรุ่นจริงๆ,positive
ถามเฉยๆ แม่งซับซ้อน,negative
พี่เพชร ไปกับ คอนเสิร์ตเบียร์ช้างหรอครับ,neutral
เปลี่ยนตะเกียบเถอะค่ะ ลื่นมาก คีบไม่ขึ้นเลยจ้า ไม่มันส์เบย,negative
แอดมินให้ทางเจ้าหน้าที่ตรวจสอบให้นะคะ,neutral
ลูกชิ้นคริสตัลไข่ปลา,positive
เป้ดน้ำปัรนติ่มซำ,neutral
maybelline เบอร์ 05 + meilinda tint เบอร์ 03 + baby bright เบอร์ 05 จะพอแค่นี้ก็ได้จ้า แต่พี่ทาของ peri pera ทับเพิ่ม เบอร์ 6 จ้า,neutral
ชอบความฮาร์ดคอ ความเถื่อน ตบคอเพื่อนแล้วบอก เร็วๆว้อยไอ้แช! ฮืออ55,positive
นี่เคยซื้อลิป the face shop มาอันนึง แพ้ แสบปากไปหมด ฮรึก กัว,negative
เกลียดการเป็นเมน แล้แพ้ผ้าอนามัย กูต้องใส่อะไร๊ค่วย!,negative
วันเด็กไปกะปู่พล,neutral
แถวที่ 5 คันที่ 4 คือ ฮอนด้า ซีวิค แฮทช์แบ็ก EnjoyHondaThailand,neutral
"ส่องสเปค ""Mazda BT-50 2018"" ที่จะลงตลาดออสซี่..กระตุ้นยอดขายด้วย หน้าใหม่!! ราคาใหม่!! ฟีเจอร์ใหม่!!",neutral
นิสสัน navara PPV? เชย แก่ โบราณ,negative
Mazda มันเลียนแบบเราป่าวน้าา,neutral
คหสตนี่ว่าลีโอไม่อร่อยอะให้กินลีโอกุกินช้างดีกว่า นุ่มคอกว่าเยอะ,negative
ยุบทิ้งเถอะ องค์กรนี้ ที่คดีบุหรี่ไฟฟ้าแม่งทำยังกะฆ่าคนตาย,negative
บ่ กูบ่แม่น FC ลิป NYX,neutral
น่าเกียดมากลูกค้าสั่งกระป๋องกินตั้งแต่1ทุ่ม พอ3ทุ่มมาไล่ลูกค้าให้ลูกค้าไปนั่งข้างหลัง ข้างหน้าสั่งเป็นพราวเวอร์เท่านั้น พูดตรงๆน่าเกียด 👎🏻👎🏻มากินทุกวันเป็นไล่เป็นนี้เลย. ต่อไปนี้มีงานลีโอที่ไหนจะไม่ไปอีกต่อไป. ไม่ได้มาขอกินฟรีนะค่ะ. ซื้อกระป๋อง50บาท10กระป๋องเท่าไหร่แล้วค่ะ. แย่มากๆๆ,negative
บ่าวขอตอบว่า น้ำจิ้มพอนซึ = ซึพอน เสียงคล้ายกลับ ชุมพร ขอรับ แม่หญิงMK,positive
กินน้ำตาลรสไรดี เอาช้างรึไฮเนเก้นอะ🙄🙄,neutral
เค้าให้ลา??,positive
ที่นี่.. ช้างอารีนา . . . . . ช้ า ง แก้วใหญ่ น้ำแข็งน้อย กินนี่ . . . ChangARENA ช้างอารีนา TheFestivalOfLight2018,positive
อ๋อคร้า,negative
น่าใช้มากๆเลยค่ะ ใช้การ์นิเย่ มานานแล้วค่ะ ใช้ครีม เดย์+ไนท์ สูตรใหม่ออกมาแบบนี้อยากใช้มากๆค่ะ คลีนซิ่งเจล เหมาะกับหน้าแห้งๆแบบเรามากเลยค่ะ,neutral
เลือกซื้อตามการใช้งานเลยครับถ้างบถึงเงินเหลือใช้ผมก็อยากซื้อ เฟอร์รารี่มาขี่เล่นสักคันเหมือนกันแต่งบไม่ถึงก็ซื้อโตโยต้ายาริสมาใช้งาน มันก็ขับได้เหมือนกันนะใช้งานก็ไม่ต่างกัน..สำหรับผมมันเกินความจำเป็นครับ,neutral
ป๋าขาา,neutral
ท่าทองมีนี่,neutral
โอ่ย,neutral
ลดความอ้วนอยู่ อดเลน,negative
สำหรับลูกค้าที่เกิดในเดือนดังกล่าวแสดงบัตรประชาชนกับพนักงานจะได้รับไอศกรีมทั้ง 3 ท่านค่ะ ^^,neutral
ไม่ดื่มสิงห์ค่ะ,negative
ภายในมันไม่ดีตรงไหนที่เหมือนนาวาร่า หันไปดูกระบะที่บ้านก่อน ดูดีเท่านาวาร่าไหม โรคติเตียน,positive
อันนี้สำหรับคนที่เชื่อพวกอาหารน้ำด่าง เบคกิ้งโซดารักษาสารพัดโรคนะครับ ไอ้เหี้ยนี่ชื่อ Robert O young ดังมากที่ต่างประเทศ นิคเนมมันคือ Dr.Ph ไอ้ที่เราได้ยินกันว่าน้ำด่างรักษามะเร็ง เบคกิ้งโซดารักษาสารพัดโรค เอาน้ำมะนาวผสมน้ำจะกลายเป็นด่าง บลาๆ มีที่มาจากไอ้เหี้ยนี่หมด มันก็เขียนหนังสือมั่วตั้วของมันหลอกชาวบ้านไปเรื่อย จนมีคนหลงเชื่อไปทั่วโลก รวมทั้งในบ้านเราก็มีคนเชื่อมันเยอะ แล้วมันจะมีความเชื่อประมาณว่า โรคใดๆในโลกนี้ล้วนเกิดจากกรด เป็นกรดก็เอาด่างไปสู้กับมันเสีย อะไรประมาณนี้ ไม่ว่าจะมะเร็งเหี้ยไรแม่งก็ให้แดกน้ำด่างเบคกิ้งโซดาหมด ทีนี้มีคนไข้หลายคนหลงเชื่อ ไปรักษากับมัน ไปซื้ออาหารเสริมกับมันจนตายไปหลายราย แต่ผ่านมาหลายปียังไม่มีใครดำเนินคดีกับมัน ขนาดดาราศิลปินที่ ตปท บางคนได้รับการวินิจฉัยเป็นมะเร็งระยะต้นๆ รักษาก็มีโอกาสหาย ไปหลงวเชื่อไอ้เหี้ยนี่ เอามันไปโปรโมทออกรายการทีวีดังจนคนรู้จักมากมาย สามปีต่อมาดาราคนนั้นก็ตายเพราะโรคมะเร็งนี่ล่ะ แต่คนก็หลงเชื่อแม่งไปหมดแล้ว จนกระทั่งช่วงปี 2009 มีทหารหญิงท่นนึงเป็นมะเร็งเต้านม แล้วตอนแรกก็รักษาจนอาการดีขึ้นแต่กลับมาเป็นซ้ำช่วงปี 2012 พอเป็นซ้ำ เธอก็ปฎิเสธการรักษาของหมอแผนปัจจุบัน แล้วไปรักษากับไอ้หมอเหี้ยนี่ เพราะเชื่อหนังสือมันที่อวดอ้างว่ารักษาสารพัดโรค คนไข้กับครอบครัวหมดเงินกับมันไปสองล้านห้า สุดท้ายคนไข้ตาย แล้วครอบครัวเขาถึงได้รู้ความจริงในภายหลังว่า ไอ้ที่หมอนี่เอามาหลอกคนไข้กับครอบครัวเขา เป็นแค่เรื่องลวงโลกที่ไม่มีหลักการทางวิทยาศาสตร์หรือการแพทย์รองรับ เลยแจ้งความดำเนินคดีกัน แล้วศาลก็ตัดสินไปเมื่อกลางปีที่แล้ว ให้จำคุกไอ้เหี้ยนี่สามปีครับ ในข้อหาประกอบวิชาชีพเวชกรรมโดยไม่มีใบอนุญาต พูดง่ายๆ หมอเถื่อนนั่นเอง และในระหว่างการดำเนินคดี ยังปรากฏความจริงในศาลเพิ่มเติมว่า กระทั่ง Phd ที่มันมี ก็ไปซื้อมาจากมหาลัยห้องแถวครับ ถถ สรุปไม่มีเหี้ยไรจริงซักอย่างเลยในตัวแม่ง แต่ก็ทำคนไข้ตายไปเยอะแล้วนะ หวังว่าในบ้านเราจะมีแบบนี้ไวๆนะ สนใจอ่านเพิ่มเติมที่,neutral
รถเบียร์ช้างข่อยไปได้เสย555,neutral
มะโรง โดนโกงเงินไปแล้ว ถือว่าหมดเคราะห์ หมดโศก หมดโรค หมดภัย,negative
ขออนุญาตอธิบายหลักการทำงานของผลิตภัณฑ์กลุ่ม ProACNE SOLUTION นะคะซึ่งจะมีการผลักดันสิวที่อุดตันอยู่ภายในซึ่งมีมาแต่เดิมให้ผุดขึ้นมาค่ะ ดังนั้นในการใช้ระยะแรกก็อาจจะทำให้มีลักษณะของสิวขึ้นหรือบริเวณที่ไม่เคยเป็นสิว มีสิวเกิดขึ้นมาได้ค่ะ ซึ่งสิวที่อุดตันภายในที่เรามองไม่เห็นนี่เอง ที่เป็นสาเหตุหนึ่งของวงจรสิวเรื้อรัง ซึ่งเมื่อสิ่งที่อุดตันเหล่านี้หมดไปแล้ว ก็จะทำให้ลดปัญหาสิวอย่างได้ผลในระยะยาวค่ะ ซึ่งจะแตกต่างจากอาการแพ้คือ อาการแพ้จะมีอาการแสบ แดง มีผดผื่น และคัน แต่ถ้าหากว่ามีอาการดังกล่าวแนะนำให้หยุดใช้ผลิตภัณฑ์ทันที และสังเกตอาการ ถ้าอาการดังกล่าวหายไปด้วย แสดงว่าแพ้ผลิตภัณฑ์และไม่ควรใช้ต่อค่ะ หากสงสัยว่าแพ้ผลิตภัณฑ์ สามารถติดต่อที่ Eucerin Skin Expert Center 02-222-22 วันจันทร์-ศุกร์ เวลา 8.30-17.30 น. (ยกเว้นวันหยุดนักขัตฤกษ์) จะมีเจ้าหน้าที่ให้บริการค่ะ,neutral
อ้าวแอดหาย55,negative
ไปซีคอนบางแค ฝนตก น้ำท่วมถนน เจอกันครั้งแรกหัวใจเต้นแรง แล้วพากันกินบาบีก้อน อาหารมื้อแรกของเรา,positive
"เชิญสัมผัสและทดลองขับ ISUZU D-MAX และ THE NEW ISUZU MU-X พร้อมเงื่อนไขสุดพิเศษ ในงาน Bangkok International Motor Showครั้งที่ 39 วันที่ 28 มี.ค.-8 เม.ย. 61 ณ ชาเลนเจอร์ 2 อิมแพค เมืองทองธานี และชาวหาดใหญ่สามารถเข้าชมงานมอเตอร์โชว์ได้ที่ ศูนย์ประชุมนานาชาติ มอ. ในวันที่ 6และ7 เมษายนนี้ พิเศษ!!เพียงจองรถในงานลุ้นรับทองคำมูลค่ารวม 150,000 บาท",neutral
ชอบ Honda brio amaze เพราะ ชอบดีไซน์ที่หรูหรา แนวสปอร์ต เป็นอีโคคาร์ ประหยัดพลังงาน ภายในกว้าง สะดวกสบาย ฮอนด้าที่รัก EnjoyHondaThailand,positive
Nissan Almera ที่นั่งกว้างสะดวกสบาย คล่องตัวไปได้ทุกที่ สนใจไปที่ศุนย์ใกล้บ้านท่านเลยนะคะ ประหยัดด้วยนะคะ,positive
วรพจน์ ศรีบุรีรักษ์. รู้ครับ.ถ้าโครงการระดับ.3หมื่นล้าน แต่ชื้อจริง.แค่จริงแค่.100ล้าน. ก็เข้าไปตรวจสอบ.ในแบบ.ปค.ไงครับ. หรือ.แบบสะเป็ค งาน.. พูดง่าย คุณจะเอา.เงิน.8-9แสน.ไปชื้อรถ เฟอรารี่ ได้ใมละ คุณก็ได้แค่วีออส.กับ สวิส.จริงใม.. ส่วนเรื่อง เคาะประมูล.ก็ดูที่ใครเคาะไปเท่ารัย.ถ้าราคามันแปลก.คุณก็ค้นดู ความสัมพันธุ ผู้บริหาร.ที่ร่วมประมูลเกี่ยวข้องกันใม.หรือเป็น บริษัท.นเครือเดียวกัน.ถ้าเข้าร่วมประมูล 10บริษัท.5-6บริษัท.เคาะราคามาเท่ากันหมด.แบบนี้ตั้งประเด็น.ฮั่วประมูล แน่นอน... มันตรวจสอบได้หมดละครับ. คนทุจริต.ก็คนคิด.คนตรวจสอบ ก็คน.มันหนีกันไม่พ้นหรอก.,neutral
ใครกันที่เสียผลประโยชน์555,negative
กระจังหน้าเหมือน accord hybrid g9 version us จังเลย,neutral
จริงอ่ะ,neutral
69เอง ได้ยุ,positive
สาขาเดอะมอลราม,neutral
เมื่อไหร่ว่ามา 55,neutral
รับฟรี! กระจก Kiss Proof มูลค่า 200 บาท ‼ ไปเมคลุคให้สุดแซ่ป เมื่อช้อปลิปสติก SUPERSTAY MATTE INK จาก Maybelline New York สีใดก็ได้ 1 ชิ้น ก็รับไปเลย พิเศษแบบนี้ เฉพาะที่วัตสันออนไลน์เท่านั้น 😉 . 2 - 8 เม.ย. 61 . 👉 ช้อปผ่านออนไลน์ได้ที่ 👉 ช้อปง่ายๆผ่านแอปฯ โหลดฟรี! 👉 แอดไลน์เป็นเพื่อนกัน รับโปรโมชั่นก่อนใคร Watsonsth watsonsthailand watsons โปรโมชั่น *จำกัดของแถม 1 ชิ้น ต่อ 1 บิล / เฉพาะ 500 ท่านแรกที่ช้อปออนไลน์ตามเงื่อนไขเท่านั้น,neutral
Save The Children ออกรายงาน เด็กบนโลกนี้ราว 1 ใน 5 อาศัยอยู่ในพื้นที่ความขัดแย้งและสงคราม รายงานฉบับนี้เพื่อเรียกร้องให้เด็กได้รับความคุ้มครองให้มีชีวิตที่ปลอดภัยมากกว่าที่เป็นอยู่ โดยเด็กเหล่านี้ส่วนใหญ่อาศัยในประเทศดังต่อไปนี้ -อัฟกานิสถาน -ซูดานใต้ -ซีเรีย -อิรัก -แอฟริกากลาง,neutral
มาเลเกื่อนนน,neutral
โฆษณาผ้าอนามัย ไปด่าเค้าทามมไมมิทราบ เค้าไม่เปนหรอกนักร้อง,neutral
กลุ่มนี้ รีโว่ คุ้มสุดครับ กำลังดีสุด แรงม้าไม่โอเวอร์ มาเต็มตามแรงม้าจริง,positive
ใบเสร็จที่5 เลขที่ใบเสร็จ➡00552787 อยากหน้าสวยหน้าใส มีออร่า ลองมาเลือกใช้ครีมกันแดด KA กันน่ะค่ะ ใช้แล้วหน้าเด็กลงด้วยน่ะค่ะ☺☺ KAx7Eleven KAUVBabyFace,neutral
รักอิสระทำให้เราอยากกินพิซซ่า ยาคูล ชีสไบท์ ไวล์มอลปั่นใส่มุก หมูกระทะ และช้างอีกลัง ...อันหลังไม่ดีมั้ง 55,negative
ได้ๆ เด่วบินไปกินแมคที่ญี่ปุ่นกัน นะ,neutral
สนปะ,neutral
คีลส์นี่จะแพงไปไหน ขอเทสเตอร์วนไป แพงจะเปงลม,negative
สู้ครับผมๆๆๆ,positive
วันนี้ได้มีโอกาส มาทานสาขาเซนทรัลลาดพร้าว ซึ่งเป็นสาขาที่ใหญ่มาก ลูกค้าก้เยอะมาก แต่สิ่งที่ประหลาดใจคือ พนักงานบริการดีมาก ไม่ได้อิดออดจะให้บริการ ให้บริการด้วยความรวดเร็ว ไม่มีการเหนื่อยหน่ายจากจำนวนลูกค้าที่มาก ขอแสดงความชื่นชม 👏🏻👏🏻👏🏻,positive
สนจัยยาริสค่ะ ขอทราบข้อมูลหน่อยค่ะ,neutral
40คับจัดว่านุ่มแต่แรง,neutral
ใช่เลยค่าาา กลับไปจัดนะ😍😍,neutral
บอกแล้วไงชีสเอ็มเคไม่อร่อย อย่าเลยแต่ถ้าเลี้ยงก็ได้หมดแล้วแต่ขุ่นพี่เลย,negative
แท็กซี่โหดสัด,neutral
สามารถสั่งได้ทุกสาขาค่ะ ยกเว้น MK GOLD และ MK LIVE นะคะ,neutral
อยากกก,positive
เอาชีสใส่ลงไปเนี่ยนะ,neutral
ต่างจาก 285 หรือ แสงโสมมากมั้ยคะ,neutral
จ้างอีซูซุผลิตให้ครับ บอกลาจากฟอร์ดแล้ว พูดง่ายๆ ดีแมกซ์ในคราบมาสด้า อีก 2 ปีได้เห็นครับ,neutral
"มาสด้า 2 ตัวท็อป ดาวน์ 60,000-70,000 ผ่อน 60 งวด ขอราคาผ่อนด้วยค่ะ",neutral
"เห็นกี่รีวิว MG ZS คนเอาไปรีวิว(ส่วนใหญ่เป็นติ่งกับคนใช้จริง)ก็บอกว่า ""อัตราเร่งอาจจะไม่ปรูดปราด อาจจะต้องเหยียบคันเร่งมากกว่าปกติ รอบสูง แต่ถ้าลอยตัวแล้วก็ดี บลาๆๆๆ"" โถ่ ฟังแล้วคันแข่ว ก็บอกมาเลยก็ได้ว่า ""มันอืด"" ก็ได้ ส่วนตัวรถสวยจริงออพชั่นแน่นจริง แต่เครื่องกะเกียร์ก็อืดอยู่ดี ขนาดตัว turbo เวอร์ชั่นนอก 0-100 ยังมี 12 วิ เลย",neutral
เชียงใหม่จะร่วมก่อบะรู่,neutral
นี่ไม่โอเคกับ BA Nars สาขาเซนเฟสเชียงใหม่อ่ะ คือเลือกลูกค้าเว่อ ต่างกับพี่สาขาเซนแอพอร์ตมากก พี่คนนั้นตือไนซ์มาก ชอ…,negative
ชอบๆชอบมากๆคัพกินทุกวันกับเบียร์ไฮเนเก้นเบียร์อื่นไม่เอาเลย,positive
น้องน่ารักมากเลยค่ะ 😍😍,positive
ฮอนด้าซีวิคกับฮอนด้าแจสดาวขั่นต่ำเท่าไหร่คับ รบกวนขอรายล่ะเอียดหน่อยคับ,neutral
อินิสฟรีพันห้า อีฟโรเช่สองพัน ทรุด,negative
คน อารมเซ็ง วันไหนดีคาฟ,negative
นานมากกๆๆน่าจะบู๊ท Nars @ the mall บางปิ ที่มันสโม้กกี้มึงหนั กๆ,neutral
ถ้าไปญี่ปุ่นต้องซื้อมาฝากนะ,neutral
พ่องตายยย อีดอก แบนแมร่งเลยย 555,negative
เสียใจ,negative
หน้าตาคล้าย นาวาร่า,neutral
รายได้สิครับ ทีแบบนี้ไม่เห็น สสส ออกมาคัดค้านอะไรเลย คงจะชัดเจนในเจตนาแล้วครับว่า...สุขภาพประชาชนมันไม่ได้สำคัญไปกว่าเงิน,neutral
ไปทานกันๆ วันไหนดี,positive
โลตัส - ฝางเชียงใหม่ มีให้บริการค่ะ ^^,neutral
ตามที่ท่าอากาศยานนครศรีธรรมราชประกาศปิดชั่วคราว ในวันที่ 4 มกราคม 2562 เนื่องจากผลกระทบจากสถานการณ์พายุปาบึกเคลื่อนตัวเข้าพื้นที่ภาคใต้ของประเทศไทยแอร์เอเชียจึงจำเป็นต้องประกาศระงับการให้บริการในเส้นทางเข้าและออก จังหวัดนครศรีธรรมราช,neutral
นิสสัน เทียน่า ยกระดับการขับขี่ของคุณให้นุ่มนวลยิ่งขึ้น ด้วยระบบเกียร์แปรผันอัจฉริยะ (XTRONIC CVT) ที่ตอบสนองฉับไว อีกทั้งยังสามารถขับขี่ได้อย่างนุ่มนวลและราบรื่น แม้ในขณะที่ออกตัวหรือเร่งแซง สามารถรองรับการขับขี่ได้ทุกรูปแบบ สัมผัสยนตรกรรมระดับผู้นำ คลิก > NissanTH TEANA,neutral
อีซูซุ ยกขบวนรถปิกอัพ “อีซูซุดีแมคซ์ วี-ครอส 4x4” รวม 10 คัน ลงพื้นที่ให้กำลังใจและสนับสนุนการทำงานของ “หมอใหญ่...แห่งพงไพร” ผ่านเหล่าตัวแทนแพทย์ พยาบาล และเจ้าหน้าที่สาธารณสุข อำเภอแม่ระมาด จังหวัดตาก,neutral
ลองละ รสชาติเหมือนแดกพวกกระทิงแดง เอ็มร้อยเลย รู้สึกไม่โอกับรสชาติมัน เลยผสมกับสเมอร์นอฟ รู้เรื่องเลย เช้ามาปวดหัวชิหาย,negative
ขึ้นชื่อว่า HOT POT BUFFET ต้องมีทีเด็ดที่หาไม่ได้ทั่วไปแน่นอน หนึ่งในเมนูแนะนำของแอดคือสลัดโรลชิ้นงาม หน้าตาดี แถมมีประโยชน์ เพราะผักสลัดต่างๆ ทั้งช่วยบำรุงสายตา บำรุงผิวพรรณ และบำรุงกล้ามเนื้อด้วยนะ มาลองกันได้แล้วที่ HOT POT BUFFET ทุกสาขาค่ะ HOTPOTBUFFET DIYBUFFET สนุกเต็มที่อร่อยเต็มอิ่ม,positive
เปลี่ยนเป็นเหลืองแดงได้มั้ยจั้ฟ,neutral
จะดีเหรอ?,neutral
ตอนนี้มันไม่ใช่คดีเล็กน้อยแล้วสิครับ,neutral
ืทำขายเลยป๋า,neutral
ธนาคารไทยพาณิชย์ เตรียมยกเลิกใช้สมุดบัญชีเงินฝาก เพราะทำให้ต้นทุนธนาคารสูงขึ้น ทั้งต้นทุนกระดาษ ต้นทุนเครื่อง รวมถึงกระทบการทำงานของพนักงานแต่ละสาขาทำงานได้ล่าช้า หันมาเตรียมแนวทางการให้บริการบนระบบดิจิทัลแทน,neutral
สมการรอคอย All New Suzuki SWIFT 2018 สปอร์ตเต็มเปี่ยม บนเส้นทางที่แตกต่าง -- --,neutral
มาเร็ววว,positive
เตรียมเปิดตัวอย่างเป็นทางการ 10 เมษายนนี้ คาดว่ามาพร้อมขุมพลังให้เลือก 2 แบบ คือ Ecoboost และ EcoBlue จับคู่กับเกียร์อัตโนมัติ 8 จังหวะ fordfocus carsideteam,neutral
ได้หมด ถ้าคนน้อยก้อฮอทพอท,positive
ใส่ปากนะ,neutral
trueinternet บริษัทห่วยแตก ไปยกเลิกจ่ายที่ช็อปที่เซนทรัลเฟสติวัลหาดใหญ่ตั้งแต่ราวปี2016 เมื่อปี2017 มีจดหมายดำเนินคดีทวงหนี้ส่งมาที่บ้าน เราก็โทรไปCall Center บอกว่าเรายกเลิกเองแล้ว เขาตรวจสอบบอกจะส่งเรื่องปรับปรุงยอดให้ พอมาวันนี้ปี 2019 ยังมีจดหมายมาอีก ก็โทรกลับไป Call เหมือนเดิม พอเช็คบอกมีการแจ้งปรับปรุงยอดไว้เมือ 2017 แต่ยังไม่เสร็จ ถามจริง ทำงาน ภาษาอะไร ปรับปรุงกันกี่ปีแล้ว ฟ้องร้องจัง ถามจริงฟ้องร้องกลับทรูได้ไหม ทำให้เสียเวลา เสียเงินค่าโทร แล้วทำงานไม่ได้เรื่องก็ไล่ๆออกซะ พนักงานห่วยแตก บริษัทห่วยบรมๆ อินเตอร์เน็ตก็ห่วยๆ พนักงานห่วยๆ,negative
อยากกินเลย สปายก่อนมั้ยตอนนี้555,positive
ออเจ้เองค่ะ/กินแต่สปาย/ไม่เจ้าชู้เพราะแก่แล้ว/ไม่สูบเพราะเหม็น/ไม่เทีายวกลางคืนเพราะชอบเที่ยวกลางวันน่ะเจ้าค่ะ,positive
นกนก บอกไว้เลยว่าเด็ด ผัดเผ็ดเมืองสุพรรณ,neutral
เซเว่น,neutral
พาsmootoไปเที่ยว ตัวนี้หนูติดมากก คือตอนนั้นหนูลองใช้ใช้ไปมันดีมาก หน้าาาไม่เเห้ง หนูพาไป รร เเล้วหนูก็ทาเพื่อนก็บอกว่าขอลองใช้หน่อย กนูก็บอก คุณสมบัติของตัว smooto จนถึงตอนนี้เพื่อนใช้เกือบทั้งห้องล่ะ ไปทะเล หนูต้อง ติดจนเเบบว่าไปบ้านญาติยังต้องพก หลังโดนเเดดหนูก็ทาตัวนี้ ดีมากกก รักกกเลย 😘😘,positive
อยากลองผ้าอนามัยแบบสวมเพราะ เวลานอนเล่นโทรศัพท์ ชอบยกขามาไขว่ห้าง จะได้ไม่ซึมเปื้อนด้านหลังค่ะ,positive
สีรถของ Nissan March มีความแตกต่างกันในแต่ละรุ่นครับ สามารถคลิกดูรายละเอียดสีรถได้ที่ ครับ,neutral
น่าลอง แต่เคี้ยวไม่ไหวนะ,neutral
นาวาร่าแค็ปตัวเตี้ยดาวน์+ผ่อนเท่าไรครับ,neutral
ลองๆ,neutral
เฮีย หิวว,neutral
ชอบทานมากนั่งทานคนเดียวประจำ แต่คุณภาพต่ำลงมากจริงๆค่ะ ควรปรับปรุงทั้งระบบเลยก็ว่าได้ ลาก่อนบาร์บีก้อน,neutral
กูขำ บุหรี่ไฟฟ้า 555 จิงจังสัส,negative
เดี๋ยว!,neutral
กดเข้าไปตอน 11.00 คูปองหมด 55 ขี้โกงแท้,negative
ไม่เกิดจากพยาธินะคะ เป็นเนื้อสูตรใหม่มาลองตลาด อิอิ,negative
สักเมามั้ย,positive
มีเปล่าคะ ราคาเท่าไหรคะ,neutral
🚙All-new Honda Civic Hatchback อยู่แนวนอน▶️นับจากบนลงล่าง เเถวที่ 5 นับจากซ้ายไปขวา คันที่ 4 ค่ะ EnjoyHondaThailand,neutral
อย่าให้คลอดก่อนเด้อ55,positive
จัดมั้ยบ่าว จรรยาตรัยรัตน์ งามพร้อม,neutral
มีป้ะ,neutral
อะไรก็ได้ที่ไม่ล่มอ้ะ,neutral
ติ่งโต้ ต้องมาแขวะ ที่สามแล้ว ทั้งที่ตัวเองเป็นที่หนึ่งมาตลอด 55 ยอดขายเค้าเพิ่มกัน แต่รีโว่ ลด 55,negative
พรบ.คอม ได้มั้ย😁,neutral
ไม่น่าปกตินะครับแถวบ้านผมแม่ค้าพ่อค้ามีแต่รถกระบะธรรมดา อย่างหรูก็วีโก้ หรือ นาวาร่า //บ้านผมขายของตลาดนัด ผมเลยโดนปลูกฝังจากคนในตลาดตั้งแต่เด็กแล้วว่าเวลาจะออกรถขายของต้องออกรถกระบะ,neutral
สาขาที่มีทั้ง ต้มและปิ้งย่าง มีดังนี้ค่ะ -เซ็นทรัลพลาซา บางนา -เซ็นทรัล เฟสติวัล หาดใหญ่ -เซ็นทรัลพลาซา ลำปาง -เซ็นทรัลพลาซา รามอินทรา -เซ็นทรัลพลาซา สุราษฎร์ธานี -เซ็นทรัลพลาซา อุบลราชธานี -โลตัส อมตะนคร -เดอะมอลล์ โคราช -เดอะมอลล์ งามวงศ์วาน -โฮมโปร ชุมพร -บิ๊กซี ศรีมหาโพธิ -เซ็นทรัลพลาซา ระยอง -เซ็นทรัลพลาซา ศาลายา -เซ็นทรัลพลาซา เวสต์เกต -ฮาร์เบอร์มอลล์ แหลมฉบัง -โฮมโปร บางนา (บางพลี) มาร์เก็ตวิลเลจสุวรรณภูมิ -โฮมโปร ลำลูกกา -โฮมโปร ประจวบคีรีขันธ์ -ไอที สแควร์ หลักสี่ -โลตัส นครนายก -โลตัส โรจนะ -โรบินสัน บางรัก -โรบินสัน บุรีรัมย์ -โรบินสัน ฉะเชิงเทรา -โรบินสัน มุกดาหาร -โรบินสัน ปราจีนบุรี -โรบินสัน ร้อยเอ็ด -โรบินสัน สมุทรปราการ -โรบินสัน สุรินทร์,neutral
เราแพ้ลอรีเอะ โทเดส โซฟีแพ้บางรุ่น,negative
Ford Focus RS บ้านเราน่าจะมีนับคันได้เลย เป็นรถที่น่าใช้แต่ราคาโหดเกิน,negative
สาขาเซ็นทรัลบางนามีป้ายมาแร้วอ้า. รีฟิล,positive
ธรรมดาครับ เค้าทายาทเบียร์สิงห์,neutral
มิตซูบิชิ ปาเจโร สปอร์ต ใหม่ หยุดได้ด้วยระบบ FCM มั่นใจปลอดภัย,neutral
โรงแรมไม่มีความพร้อมในการรับลูกค้า,negative
สงกรานต์ปีนี้ ทำให้รู้ว่า -สปายขวดเดียว กุก็มึนละ -ดีนะกุตัดสินใจ​ที่จะไม่ใส่เสื้อกล้าม ทับด้วยคลุมไป -ปีนี้เหี้ยสุดละ ด้วยความที่ถูกโอบละให้ดื่มเหล้าของมึงเนี่ย กุคายทิ้งด้วยอิดอก -อิดอกถ้ามึงเปนผู้ ญ กุจะรุสึกแย่น้อยกว่านี้,negative
ตะเกียบแบบใหม่สวยจริงแต่คีบยากมาก ลื่นปื๊ดลื่นปื๊ด ตลอด ยิ่งคีบเส้นอุด้งด้วยนะอยากจะเฟี้ยงตะเกียบทิ้ง😭😭,negative
"หมดปัญหาการซึมเปื้อน ไม่หวั่นแม้วันมามาก ด้วย MAXI SUPER PADS ผ้าอนามัยออร์แกนิค แบบหนา (มามาก) ผ้าอนามัยเพื่อสุขภาพ และเป็นมิตรกับสิ่งแวดล้อม ผลิตจากผ้าฝ้ายออร์แกนิคธรรมชาติ 100% ที่ผ่านการรับรองว่าไม่มีการเจือปน และตกค้างของสารเคมี ===รายละเอียดสินค้า=== -ความยาว 26 ซม. -บรรจุจำนวน 12 แผ่น/กล่อง -ราคา 399.- ===สอบถาม/สั่งซื้อสินค้า=== 💥LINE@ ID:: (มี้วยนะคะ) หรือ ( 💥Website :: 💥หาซื้อได้ที่ซุปเปอร์กูเม่ในห้างเอ็มโพเรียม, เอ็มควอเทียร และพารากอน 💥 💥ร้าน Sustaina สุขุมวิท 39 natracare ผ้าอนามัยออร์แกนิค natracarenatural ผ้าอนามัย ผ้าอนามัยกลางคืน",neutral
ราคาแพงเกินไปพอๆกับ vios เลย,negative
ว่างๆ เดี๋ยวพาไป ok!,neutral
ขอไปกินกะที่บ้านคืนนี้นะคะ. อยากกินอะ,neutral
เราอาจจะหิวน้ำ555,neutral
มาแล้วคลิปเต็ม ธรรมดาซะที่ไหน SportsNightParty2017 BangkokHospitalPhuket DibukHospital,neutral
ไมล์ดิจิตอลมีแค่รุ่น S กับ Sporty ครับ,neutral
ขอราคา มาสด้า 2 สกาย 4 ประตูคับ,neutral
กุญแจSuzuki Swiftใส่กรอบ GTR แน่นอนชัว,neutral
อยากได้ไหมคะคนดีของชาดาทอง,neutral
ต้องไปกินเนอะ😂,positive
สนป่ะตัว,neutral
คุณแม่,positive
เลี้ยงสน555,neutral
โรคกล้ามเนื้อหัวใจตายเฉียบพลัน และอาการใจสั่น โรคกล้ามเนื้อหัวใจตายเฉียบพลันเกิดจากหลอดเลือดแดงไปเลี้ยงกล้ามเนื้อหัวใจแข็งตัว หรือมีไขมันเกาะที่ผนังของหลอดเลือด ทำให้หลอดเลือดแดงตีบแคบลง ปริมาณเลือดแดงผ่านได้น้อย ทำให้เกิดภาวะกล้ามเนื้อหัวใจขาดเลือด และหากหลอดเลือดตีบแคบลงจนอุดตันจะทำให้เกิดภาวะกล้ามเนื้อหัวใจตายได้ โรคกล้ามเนื้อหัวใจตายเฉียบพลัน มีปัจจัยเสี่ยงและสาเหตุของการเกิดดังนี้ โรคความดันโลหิตและไขมันในเลือดสูง การสูบบุหรี่ โรคเบาหวาน ความอ้วน ความเครียด การไม่ออกกำลังกายอย่างสม่ำเสมอ ผู้ชายอายุ 40 ปีขึ้นไป หรือหญิงอายุ 50 ปีขึ้นไปหรือวัยหลังหมดประจำเดือน และผู้มีประวัติคนในครอบครัวเป็นโรคหัวใจ และอาการใจสั่น อาการทั่วไป ใจสั่น เจ็บหน้าอก หายใจลำบาก มีอาการคลื่นไส้ และอาจมีอาเจียน มีอาการเหงื่อออก เวียนศีรษะ สัญญาณอันตราย คืออาการเจ็บหน้าอกที่มีลักษณะเฉพาะ - เจ็บตรงกลางหน้าอก เยื้องลงมาทางลิ้นปี่เล็กน้อย - จุกแน่น อึดอัด บางทีร้าวไปถึงคอหอย ไหล่ซ้าย ข้อศอก หรือท้องแขนซ้าย กรามหรือคอด้านซ้าย - บางรายมีอาการใจหวิว ใจสั่น ชีพจรเต้นเร็วหรือช้ากว่าปกติ เหงื่อซึม หน้ามืดหมดสติ การปฏิบัติตัวเพื่อป้องกันการเกิดโรคกล้ามเนื้อหัวใจตายเฉียบพลัน​ และ ใจสั่น เพื่อป้องกันโรคกล้ามเนื้อหัวใจตายเฉียบพลันควรควบคุมความดันโลหิตและเบาหวานให้อยู่ในเกณฑ์ปกติ ควบคุมน้ำหนักไม่ให้อ้วนเพราะคนอ้วนหัวใจจะต้องทำงานมากกว่าปกติ พักผ่อนให้เพียงพอ ออกกำลังกายสม่ำเสมอ หลีกเลี่ยงความเครียด หลีกเลี่ยงอาหารที่มีไขมัน เลิกสูบบุหรี่ เพราะสารนิโคตินและสารอื่นๆ มีอันตรายต่อผนังบุด้านในหลอดเลือด การสูบบุหรี่จึงทำให้หลอดเลือดหัวใจหดตัว ลดปริมาณเลือดที่จะไปเลี้ยงกล้ามเนื้อหัวใจ หากมีอาการเจ็บแน่นหน้าอกเป็นๆหายๆ ควรรีบปรึกษาแพทย์ทันที ขอขอบคุณข้อมูลจาก: สอบถามข้อมูลเพิ่มเติม โทร: 039-319888 ฉุกเฉิน: 1719 Add line: โรงพยาบาลกรุงเทพจันทบุรี,neutral
ได้ยุนะ แล้วแต่ทุกคนสะดวกอ่,neutral
เบียร์ช้างขวดใหญ่จุง 55,neutral
sk-ii,neutral
TOYOTA FT 86 !! * มุมนี้ อย่างหล่อ,positive
เอาที่เพื่อนสะดวก55,neutral
ยังไม่ทันอะไรก็ดูถูกเยาวชนซะเเล้ว เด็กประเทศนี้มันโง่มั้ง,neutral
เกลียดไฟหน้า Revo กะ Fortun แยงตาชิบหาย ส่องเห็นทางแต่ตัวเอง...,negative
ซุป4ช่องของป๊าอ่ะ555,neutral
พุธนี้อาอ,neutral
อยากกิน.!!,positive
โทรไปคือกดสายทิ้ง หมายความว่ายังไงค่ะ,negative
ทามไมภูเก็ตม่ายมี😥😥,negative
🤔🤔😎😎,positive
เจริญ แกแลคซี่ แชมป์ SangSom 6 Red Open 2017 สนาม 1 “แม่นอย่างเดียวยังไม่พอ ในเกมสนุ้กฯ ต้องมีอะไรมากกว่านั้น” .. 7 ต.ค.60 ณ แม็กซิมัม สนุกเกอร์ คลับ สาขา 2 (บางบอน),neutral
รู้งี้น่าจะกินน้ำเปล่า ไม่อร่อยเลย,negative
ดูหญิงแย้สอนใส่ผ้าอนามัยโคตรฮาแม่ง55 แบบกลางคืน40เซนนี่ผ้าอนามัยหรือกล่องดินสอ,negative
หารกันอิ่มสบาย,positive
เรียกไม่ได้ค่ะ สรุปไม่ใช่พยาธิแต่เป็น Chronic inflam. Abcess เนื้อเป็นหนองมาเสิร์ฟลูกค้า ก็ถือว่าไม่ควรค่ะ,negative
ปกติพ่อจะเอาดีแมกไป แต่วันนี้แย่งรถแจ๊สแม่ไป ไม่ได้ขับนานลืมแล้วว่าขับยังไง จริงๆไม่เมาขนาดนั้น เพราะตอนเช้าเรียกกูไปถามอยู่ว่าทำไมใส่เกียร์ไม่ได้ 555 พ่อไม่เหยียบเบรก,negative
Dior แป้งผสมรองพื้น Diorskin Forever Extreme Control ขนาดทดลอง 1 g. ราคา 270 💸บาท ..มี 2 เบอร์นะคะ.. ✔️010 ผิวขาว ✔️ 020 ผิวขาวเหลือง Extreme Wear & Oil Control Matte Powder Makeup SPF20 PA ++ แป้งผสมรองพื้น สูตรควบคุมความมันยาวนาน ช่วยปกปิดความหมองคล้ำ และรูขุมขน ให้ผิวที่เรียบเนียน พร้อมการปกป้องผิวจากแสงแดดด้วย SPF20 Dior diorskin diorskinforever diorpowder ดิออร์ แป้งผสมรองพื้น แป้งพัฟ,neutral
พุธหน้าจัดปายยย คิคิ,neutral
อยากกินฮอตพอตจีนเด้ออ,positive
สูตรที่ใช่ สูตรที่ชอบ คือ “Biore Perfect Cleansing Water Acne Care” เพราะเป็นสูตรที่เหมาะกับคนเป็นสิวอย่างพวกเรา ที่ใช้เพราะจะช่วยลดการสะสมของแบคทีเรีย ลดปัญหาการเกิดสิว เหมาะกับผิวบอบบาง แพ้ง่าย เป็นสิวง่าย และยังให้ความนุ่มชุ่มชื้นสุขภาพดี แกผิวหน้าของพวกเรา บอกลาวงจรสิว,positive
299 เอง เอาเงินจากกินบาบีก้อนมาได้สบาย,negative
รอคำตอบด้วยคนค่ะ,negative
วันนิพาไปจัดหน่อย มีความอยากกิน,neutral
ว้าวว ^^,positive
ทำไมพอเวลา มีข่าวรถHonda ออกใหม่ ต้องมีคน มาระบาย มาบ่น เรื่องห่วยแบบนั้น แบบนี้ ทุกที ถ้าเป็นเรื่องจริง ก็น่าเห็นใจอยู่ แต่ควรไประบายที่ 0 เลยไหม ไปโวยวายที่ 0 บริการนุ้นเลย เอาให้ระเบิดไปเลย แต่...ถ้าเป็นเรื่องแต่งขึ้น เพื่อบัพค่ายนี้ ก็ขอให้เจริญลงๆๆ ทำกับใคร ขอให้ได้แบบนั้นกลับไป เพี้ยงง,negative
ไม่น่าแดกช้างเยอะเลย สัสกลิ่นเต็มคอเลยย,negative
วาเลนไทน์นี้ โอกาสมาถึงแล้ว เล็งใครไว้ ก็ชวนกันไปซิ่งที่ Gypsy Carnival ได้ฟรีๆ แค่กด love และแชร์โพสต์นี้ ลุ้นรับบัตรเข้างานไปเลย 2 ใบ ร่วมสนุกได้ตั้งแต่ 26 - 30 ม.ค. 2561 ประกาศผู้โชคดี 30 รางวัล วันที่ 2 ก.พ. นี้ SangSom GypsyCarnival2018,neutral
จิบเบีบร์เย็นๆที่ลายชนเบียร์ ครับผม ประชุมด่วนๆ,positive
ขอรายละเอียดนิสสันมาร์ชค่ะ,neutral
อิฉันเขิน โทรมไปเพราะทำงานหนักแต่ก็สู้ๆนะคะ ฟ้ารักพ่อ พรรคอนาคตใหม่,positive
มีรุ่น Honda Civic เครื่อง 1.8 สีบรอนซ์เงิน เกียร์ออโต้ ราคา ไม่แพงไหมครับ,negative
โอ้โหห เสียใจ เอ็มเคไม่ทำดอกไม้แล้ว ㅠㅠ,negative
เกิดไรขึ้นมาไม่ทัน,neutral
สนใจสั่งซื้อ Mistine Faris Friday ได้นะคะ (แอนค่ะ🤣🤣) 🚩รอบสั่งของ รอบ 9-10🚩 📝สั่งได้ถึงวันที่ 30/4/18 💰โอนเงินได้ถึงวันที่ 30/4/18 🚚 ของเข้า 2/5/18 📦จัดส่งของปณ. 2-4/5/18 คลิ๊กเพจ 🕊️🕊️🕊️🕊️ ฝากกดไลค์แชร์เพจด้วยนะคะ👌,neutral
ทำไมมันเย็นไม่ร้อนๆจะได้น่ากินพี่ก้อน รสชาติโอเคเเต่ติเเค่อุณหภูมินี้เเหละ ฝากหน่อยนะ ฟิวเจอร์รังสิต,negative
SinghaPark SinghaParkChiangRai SocialEnterprise สิงห์ปาร์คเชียงราย แจกความสดใส มาเที่ยวกับเพื่อนมันก็จะมีรูปสวยๆ ฟินๆ แบบนี้แหละ : ),neutral
รำคาน,neutral
ชอบพัดแทเตนล์มากเลยค่ะ 55 สนใจ Cushion ของ Mamonde จังเลยค่ะ,positive
ห้ามพลาด !! ศึกแชมป์ชนแชมป์ ออมสิน ไทยแลนด์ แชมเปี้ยนส์ คัพ 2018 บุรีรัมย์ ยูไนเต็ด พบกับ สิงห์ เชียงราย ยูไนเต็ด วันนี้ เวลา 19.00 น. ณ สนามศุภชลาศัย ถ่ายทอดสดทางช่อง True4U ฟุตบอลทีมชาติไทย แชมป์ชนแชมป์ BuriramUTD CRUTD TL ChangFACup ThailandChampionsCup2018 -- ดูบอลสดฟรี! ไม่มีค่าใช้จ่าย ทุกคู่ ทุกลีก ทั่วโลก คลิก >> Line id : เว็บไซต์ >>,neutral
เอกชัย 099 ไอดี099 ยาริสตัวjหรือjeco,neutral
พรุ่งนี้วันหยุด วันนี้วันเสาร์แห่งชาติ ออกมาจิบเบียร์ดูบอลกันเถอะ!! ก่อน3ทุ่มยูเบียร์3ขวด 99 บาท ลีโอ ยูเบียร์ สิงห์ไลท์ ขวดละ 55 บาท โปรดีๆมีตลอดทั้งคืน!!! 239Vintage VintageRestaurant,neutral
ไม่ทันแล้วม้างง,neutral
พรุ่งนี้สอบเสร็จมันก้อจะหิวๆหน่อยแหละ555,positive
แสงโสม+ โซจู เป็นอะไรที่เหี้ยมาก ไม่ควรลอง,negative
บิงซูช็อก,neutral
หุหุ,neutral
นี้งายย,neutral
"มาทำความรู้จักและทราบขั้นตอนการทำงานของ เทคโนโลยี Honda Connect ว่าสามารถทำให้คุณมั่นใจในการขับขี่มากยิ่งขึ้นได้อย่างไรบ้าง ที่นี่มีคำตอบ... ดาวน์โหลด แอปพลิเคชัน Honda Connect Thai (โหลดฟรี) พร้อมติดตั้ง TCU (Telematics Control Unit)ได้แล้ววันนี้ที่โชว์รูมกระบี่ฮอนด้า ทั้ง2สาขา พิเศษ! รับฟรี บัตรของขวัญฮอนด้า มูลค่า 3,000 บ. เมื่อติดตั้ง TCU ถึง 31 มี.ค.2561 เท่านั้น* HondaConnect HondaConnectThai EnjoyHondaThailand",neutral
กลางเดือนใช่ม่ะ,neutral
ไปกับใคร,neutral
กว่าจะผลิตรถขายได้ ฟอร์ดต้องเสียค่าโฆษณา อีกนานเลย,negative
ผ้าอนามัยซึมซัยห่วยไม่รู้สึกเหี้ยเท่ากาวเลว เหมือนเอากระดาษมาให้กุวางบนเกงในเฉยๆ อิสัด,negative
กลุ่มเบจโดนซัดบิ๊กมัมแดกเค้กแล้วพลังเต็ม100มาสอยซันจิร่วง แต่เพราะเค้กอร่อยเลยปล่อยไปซักครั้ง โอดะผู้หักมุม,positive
ยืมบัตรสมาชิกโหน่ยยย,neutral
Mazda นึกยังไงถึงไปฟ้องคดีลูกค้าของตัวเองที่ร้องเรียนเรื่องปัญหารถ CX-5 หรือว่ากำลังจะเลิกค้าขายในประเทศไทยแล้ว ถึงทำอย่างนี้กับผู้บริโภค,negative
ฮอนด้า ซีวิค ค่ะ,neutral
จัดมา,positive
มองผ่านๆนึกว่ายาริสเก่า,neutral
พอเถอะ..,negative
รักเลย😘 Mitsubishi Attrage,positive
อีก3 วัน หาเงินมาแต่ไสละ555,neutral
รสชาติเปนยังไงคะ,positive
นี่ลังเลว่าจะไปซื้อลิปสีน้ำเงินที่เซโฟร่าอยู่ แต่แบบ 55 ทาครั้งเดียวเลิกที่แท้จิง,negative
คอนพม่าจัดเอาท์ดอร์หรอ ไม่เป็นำรเราผ่านโชว์ดีซี 3 โมงถึง 5 ทุ่มมาแล้ว ร้อนชิบหายเหนื่อยเหี้ยๆเมื่อยจนกูลงไปนั่งกลางดงตีน ลำไย,negative
สมิติเวช สุขุมวิด มีคลอดในน้ำ กุ๊บกิ๊บก็คลอดในน้ำ แต่มันแพง,negative
กลับไม่ทัน อดไปก่อน,neutral
ซื้อไร ชวนไปแดร๊กส์,neutral
โต้ตอบ หมอมันทีเรื่องvg pg ที่กลายเป็นควัน,neutral
กุอยากย้ายไปอยุ่ปราจีนตอนนี้เลย,neutral
ติดเน็ตวันจันทร์ที่11พย ติดตั้งเสร็จเวลา 12.45 ทั้งวันไม่ได้เล่น เลิกงาน หกโมงเย็น กลับมาเล่นเน็ตได้ สามชั่วโมง หลังจากนั้นใช้ไม่ได้อีกเลยจ้า พังตั้งแต่ยังไม่ข้ามวัน จนป่านนี้ก้นังไม่มีช่าง เข้ามาดู ติดต่อ1242 รับเรื่องอย่างเดี๋ยวทำไรไม่ได้ บริการประทับใจมาก,negative
ลุ้น buzzy ให้ลูกสาวครับ อั้มพัชราภา ลุ้นรับจับแจก ongoing toyotabuzz,neutral
ครั้งแรกในโลก! Hyundai ผุดไอเดียผลิตถุงลมนิรภัยสำหรับหลังคาพาโนรามิก,neutral
สิงห์ ไอซ์'เมนูไหนที่ไม่อยากกินเลยที่รัก😀,neutral
แท็กได้ไงไม่ได้เปนเพื่อนนิ งง,neutral
สรุปแล้วเลยกินบุฟเฟ่ต์กันแบบเปรมประชากรมากๆ สั่งแซลมอนซาซิมิแบบรัวๆ 😂 พร้อมขนมหวานปิดท้าย ตกคนละ 350 พอดิบพอดี ถูกกว่าเอ็มเคเมื่อวานอีก 😒,negative
เคๆ,neutral
วู้วว ลดทุกวันน,negative
ทางlive chat Maybelline official store ในแอพ lazada ค่าาา,neutral
แต่งชุดไทยนะ ไม่ไหวๆ 555,negative
ทุกวัน,neutral
บาบีก้อนรออีก37คิว อีดอกกก,negative
กินมั้ยเทอ,positive
จัดๆ,positive
รอชม,neutral
ถูกกฎหมายเมื่อไหร่ บุหรี่จริงยอดขายจะน้อยลง หมอก็ลำบากเพราะโรงพยาบาลเดี๋ยวนี้ก็ รอคนไข้เนี่ยหล่ะถึงจะอยู่ได้ คนไข้ระบบหลอดลม ปอด จะน้อย,neutral
กินเจอบูตะคอร์นมีกลิ่นเหม็น แย่สุดๆ ลองให้พนักงานชิม รีบเปลี่ยนมาให้ใหม่เลย ของสดจริงจ้ะ - -,negative
แกร่งจริง ต้องนาวาร่า,positive
น่ากินนน เดะเจอกัน,neutral
ถ้ามาจัดที่ออฟฟิศผมแบบนี้ รับรองได้บริษัทไฮเนเก้นเจ้งแน่นอน555,neutral
ชอบ black lable ที่ เด็คคาร์ด กินกับเค ที่บาร์,positive
เอ็มเคไหมละค่าา555,neutral
วันหน้า,neutral
รูปโฆษณาดูดีน่ากิน ของจริงอย่างกับผัดข้าวเหลือๆตักมาเสริฟ เลิกสั่งมานานแล้ว แพงอีกต่างหาก สั่งข้าวสวยอร่อยกว่าเยอะ,negative
เจ้ามือที่ไหนล่ะ..หึ,neutral
จ้า กุอ้วกไปแล้ว จกแม่งเลย,negative
เอ้ยยใมเงียบแบบนั้นอิดอกก,neutral
สิ้นสุดการรอคอย Soap & Glory ผลิตภัณฑ์ดูแลผิวกายและผิวหน้า ให้คุณคุ้มสุดๆกับโปรโมชั่น ซื้อ 1 แถม 1 ฟรี!! *ตั้งแต่วันที่ 26 เม.ย.- 9 พ.ค. 61 ที่ร้าน Boots เดอะ คริสตัล พีทีที ชัยพฤกษ์,neutral
ขอดูรายละเอียดนิสสันอะเมร่าหน่อยคับ ผ่อนเดือนละกี่บาท,positive
พรุ่งนี้วันพุธหนิ 55,neutral
คนเคยขึ้นรถเบนซ์ บีเอ็ม กินอาหารหรูๆ เสื้อผ้าแพงๆ อยู่ดีให้นั่งtoyota คงไม่ใช่นะ,negative
เกลียดเบียร์ U มาก พวกแสงโสม 285 ไรงี้ก็เช่นกัน,negative
รวยแต่ไม่งอมืองอเท้า!! ต๊อด ทายาทธุรกิจเบียร์สิงห์ รวยเป็นหมื่นล้าน แต่ยังเป็นพ่อค้าขายก๋วยเตี๋ยว!!,neutral
จะบอกว่า นั่งเฝ้าเลยค่ะ คุณแหม่ม พอเปิดมาก็เป้นงี้เลย เสียใจ,negative
แสงโสมๆ go go 555,neutral
สู้ๆนะคร้าฟผมๆๆ,positive
เฮียช้างฯ ไม่ใช่เบียร์ช้าง,neutral
ก่อนจะเป็นซึมเศร้า ต้องมีความเครียด ความผิดหวัง ความเสียใจ จนนอนไม่หลับ มันสะสมนานเป็นปีๆจนสารเคมีในสมองขาดความสมดุล คนที่เป็นต้องไปหาหมอกินยาอย่าเลิกยาเอง คนใกล้ชิดต้องสังเกตพฤติกรรม อารมณ์จะอ่อนไหวง่ายมาก แค่กอดก็ร้องไห้แล้ว,neutral
โฮมโปร ลพบุรี ไมไม่มี 555,negative
นักข่าว เอ็มจีอาร์ มอเตอริ่ง ไปลองขับนิสสัน ลีฟ ถึงประเทศสเปน เป็นอย่างไรคลิกอ่านได้เลยค่ะ,neutral
แจ็คแดเนียลสี่ขวด อีดอก แดกหรือเททิ้ง,negative
ถามเถอะว่าว่างตรงกันมั้ย 555,neutral
สินค้าในภาพ ศรีจันทร์ ลูมิเนสเซนส์ สเพลนเดอรัส อันเดอร์ เมคอัพ 30 มล.ทุกเฉดสี ได้รับคูปองส่วนลด 245 บาท ในโปรโมชั่น Watsons Beauty in Summer (29 มี.ค. - 25 เม.ย. 61) ค่ะ,neutral
บัตรหายในวันที่ต้องใช้ทุกอย่างทั้งสอบทั้งลดคิวเพลสทั้งออเรียนทอลสำคัญมากเลย คิวเพลสอะลดตั้ง25%แม่งงง,negative
น่ากินง่ะ😍😍,neutral
กุอาจจะต้องไปทำธุระ ถ้าไม่ต้องไป เดะไปโด้ยย,neutral
ไปกินมาอาทิตย์ล่ะ 2 วัน ยังเริ่มเบื่อๆเลยอ่ะ🤣🤣,negative
นานละเนาะ,neutral
2 im. ลาดพร้าว?,neutral
MG5ดาวเท่าไรผ่อนเท่าไรคับ,neutral
ปกติกินแต่ smirnoff breezer อ่ะ spy นี่ไม่ค่อยกินละหลังๆ full moon ยิ่งไม่ค่อยกิน,negative
กับ innisfree นี่ค่อนข้างแพ้ คัน แดง ฮือออ คัน,negative
ขี้ดิ.,neutral
หลังรับนายกเสร็จ แน่นอนที่รัก,positive
สุดยอดแล้ววว !!!,positive
ความลดน้ำหนักของมึงเนอะ,negative
โหนุ้งอลังการมากเว่ออ เจ้เค้าซื้อลิปอีทูดี้มาอันเดียว55,neutral
ไปกิน MK หรอยม้ายคับ,positive
ช้อปไอเท็มสุดฮอต! ในราคาพิเศษ จาก Boots เพียงแค่แอดไลน์ รับเลย! คูปองส่วนลด 80 บาท เมื่อซื้อครบ 499 บาท ตั้งแต่วันที่ 26 เม.ย. - 2 พ.ค. 61 เท่านั้น! Makeithappen MaybellineThailand,neutral
งั้นจัดชาบูกัน 555,positive
ขอรายละเอียดมาสด้า2 ดีเซลด้วยครับ,neutral
ใหม่! แมคไก่ทอดเผ็ด ใหญ่ จัดจ้าน กรอบ เต็มคำ เริ่มต้นเพียง ชุดละ 69.- พร้อมให้ลองแล้ววันนี้ที่แมคโดนัลด์ สั่งง่ายแค่คลิก หรือโทร 1711 แมคไก่ทอด เผ็ดใหญ่กรอบไม่อมน้ำมัน สาขาที่ให้บริการ,neutral
นี้พร้อมข้อความที่หัว Share : จัดขึ้นวันที่ 25 มีนาคม 2560 สถานที่จัดงานคือ show dc oasis arena/ rama9,neutral
คับผม,neutral
เคยเจอของไม่สด หมูเริ่มเขียว อยุ่1ครั้ง หากมีครั้งต่อไปเราคงหยุดกิน,negative
ชอบคุยกับผู้หญิงมากกว่าอ่ะ ผู้ชายชอบลากเข้าเรื่องเงี่ยน เบื่อรำ55😭,negative
บางครั้งหมดแล้วหมดเลย,negative
เป็นเบาหวานไง กินโค้กไม่ได้🙄,negative
ได้สิ มีแก้วmkอยู่,positive
ถ้าดูดที่บ้านมันคงยึดบ้านอ่ะ,neutral
อ้ายยยอ้วนน😣😣,neutral
THE NEW IZUZU mu-x,neutral
การตลาดไม่เคลียร์ ทุกวันนี้คุณจริงใจอะไรกับลูกค้าบ้าง??? สักแต่หาลูกค้า ไม่สนใจจริยธรรม,negative
ขับอัลติส1.8/141ม้า บางทีเจอกะบะกะพริบไฟใร่ตามหลัง หรือบางทีกะบะแข่งกันมาพอเราทำให้ดูมั่งไม่เห็นใครตามมาเลย พอไปเจอเราที่ปั้มมีแอบมองด้วย,negative
กูคงไม่เหมาะกับแสงโสมจริงๆ จะมากจะน้อยกินทีไรปวดหัวทุกที,negative
แต่สปายทำรสไรมาก็ไ่ค่อยอร่อย,negative
อยากกินเบียร์หมี แต่ทำไมแถวบ้านไม่มี😭😭,negative
อันนี้ใช่บุฟเฟ่มั้ยอ่ะ,positive
น้ำหล่อเย็นนิสสัน ทีด้าใช้เท่าไรครับ,neutral
ได้เยอะจนแบบกุไม่เอามาสด้า2ละ,negative
ไม่โดน ลาบาบีก้อนชั่วคราว,negative
ขอรายละเอียด มาสด้า 2 ครับ,neutral
ฝันว่าจมน้ำตื่นมาแล้วหายใจไม่ออกจริง,neutral
"แอดมินขอภัยในเหตุการณ์ที่เกิดขึ้นจากใจจริงมา ณ ที่นี้และขอทราบวันที๋,เวลาและสาขาที่คุณลูกค้าเข้าใช้บริการเพื่อแจ้งให้ทางหัวหน้างานทราบด้วยนะคะ",neutral
ใหม่ อาจจะเปิดตัวครั้งแรกในโลก เมษายน 2018 นี้ ภายใต้การต่อยอดจาก Gripz,neutral
เพราะเห็นน้องๆใช้แล้วดี เลยลองใช้ แล้วผิวดีขึ้นจริงๆ ทีนี้ทาง Snailwhite รู้จึงติดต่อให้เป็นพรีเซ็นเตอร์ เลยรับเป็นพรีเซ็นเตอร์เพราะใช้จริง,neutral
มีบริการส่งมั้ยคะ,neutral
นั่นสิ Nissan เคยมี ... ตอนนี้ไม่มีเจ้าไหนทำแล้ว,neutral
บุหรี่ไฟฟ้าก้ทดแทนได้จ้า,neutral
แถมยำมีแค่โปรเบียร์ยูค่ะ,neutral
เจอ หนองน่ากลัว กว่าเจอ พยาธินะคะ เอาจิงๆ พยาธิโดนความร้อนยังตาย แต่หนองที่ติดเชื้อนี่ อืมม 😟😣 น่ากลัวกว่าหลายเท่าค่ะ ทำไม admin เพจ ชอบชี้แจงอะไรให้คนเข้าใจว่าไม่อันตรายคะ สักแต่ห่วงภาพลักษณ์แบรนด์ตัวเอง โดยไม่คำนึวถึงความปลอดภัยผู้บริโภค เหมือนตบหน้าคนกิน เลยค่ะพูดกันแบบนี้ เหมือนเรื่องกะทะดำ ถ้าคนไม่เอาหลักฐานมาแฉก็ไม่ยอมรับอะไรง่ายๆ แถไปเรื่อยๆ บาบีก้อนจะเสีย เพราะไม่ยอมรับอะไรง่ายๆ หรือมั่วแต่โกหกผู้บริโภคมากกว่าค่ะ แทนที่จะซื้อใจคนได้ กลับมาทำแบบนี้ ดูไม่จริงใจเลยค่ะ คนเขาโดนหลอกซ้ำแล้วซ้ำอีกแล้วต่อไปใครจะเชื่อใจคะ ว่าแบรนด์นี้ซื่อสัตย์จริง,negative
ใส่ผ้าอนามัยแบบสอดไม่ถนัดเลย,negative
ไม่มีน้อยหน้า หมดพุ่งนี้และ,neutral
"“Jam Night อะไรก็ช่าง (ชุ่ย)” ทุ่มสุดตัว รวมคนฝีมือจัดจ้านไว้เวทีเดียว “Soul After Six, The Pakinson,The TOYS”ใส่พลังเต็มร้อย ปล่อยเต็ม ไม่มีกั๊ก!!! เป็นคอนเสิร์ตที่มีกลิ่นอายของความเหนือชั้น เมื่อค่าย “whattheduck” ร่วมมือกับ “Jameson” เอาใจคอเพลงที่รักดนตรีทุกรุ่น ในคอนเสิร์ต“Jam Night อะไรก็ช่าง(ชุ่ย)”จากไอเดียเหนือชั้น ที่ต้องการรวมตัวศิลปินฝีมือจัดจ้านแนว “Soul(โซล)”3 รุ่น 3 อารมณ์ระดับประเทศ มาแจมกันบนเวทีเดียว เริ่มจากวงรุ่นใหญ่ที่มีเพลงฮิตติดหูมากมาย “Soul After Six(โซล อาฟเตอร์ซิกส์)”ต่อด้วยวงรุ่นน้องที่มีแนวดนตรีชัดเจน“The Pakinson(เดอะพาร์กินสัน)”และรุ่นเล็กฝีมือไม่ธรรมดาอย่าง “The TOYS (เดอะทอยส์)” จะมารวมตัวกัน สลับสับเปลี่ยนกันขึ้นมาโชว์ความสามารถทางดนตรีให้ได้ชมกันสดๆ ในวันศุกร์ที่ 29 กันยายน 2560 สถานที่ อาเหนกป้าสง ช่างชุ่ยแหล่งรวมตัวของคนรักศิลปะกับดนตรีแห่งใหม่…เหล่าแฟนคลับ นักดนตรี ที่หลงรักในเสียงเพลง ไม่ควรพลาด!!! “The Pakinson”ตัวแทนเล่าให้ฟังถึงคอนเสิร์ตสุดพิเศษในครั้งนี้ว่า“พวกเราตั้งใจทำให้ไม่เหมือนทุกครั้งที่ผ่านมา เอาแบบเดาไม่ได้ว่าจะขึ้นเพลงอะไรจบเพลงนี้แล้วจะต่อเพลงอะไรปิดท้ายยังไง ตั้งใจคิดใหม่ทั้งหมดอยากให้ตลอดคอนเสิร์ตเป็นช่วงเวลาที่สนุกต่อเนื่องมากที่สุด ผมว่าพี่ๆวง “Soul After Six”และ “The TOYS” ก็คงเตรียมความพิเศษครั้งนี้อยู่ ส่วนจะมีเซอร์ไพรส์อะไรรึเปล่านั้น ไปเจอกันหน้างานนะครับ” สำหรับผู้ที่สนใจมาเป็นส่วนหนึ่งของคอนเสิร์ต“Jam Night อะไรก็ช่าง (ชุ่ย)”จำหน่ายบัตรแล้ววันนี้ที่ “Event Pop”ราคาบัตร Regular 800 บาท เท่านั้น!!!งานนี้ขอจำกัดผู้ที่มีอายุ 20 ปีขึ้นไปหรือสามารถติดตามข้อมูลข่าวสาร ความเคลื่อนไหวเพิ่มเติมได้ที่ Facebook FanpageWhattheduck",neutral
มีเพื่อนหญิงที่ทำงานกลางคืนในสมัยคุณโอเป็นดาราดัง เล่าว่า คุณ โอ วรุฒ เเกดื่มเหล้าพวก เเบล็ค เลเบิ้ล หนักมากๆ ตกเย็นตั้งวงดื่มเหล้ายันเยช้าเกือบทุกวัน,neutral
วันนี้ว่างน้ะ55,neutral
ตอนนี้มีเกิดมาตรา 27 ทวิ คนที่ใช้ๆนี้เกิดกันหรือยังครับ,neutral
"มาสด้า ชูจุดเด่น ""มาสด้า 3 ใหม่ และ ""เอ็มเอ็กซ์ 5 เกียร์ธรรมดา"" ในงานบางกอก อินเตอร์เนชั่นแนล มอเตอร์โชว์ Autoworldthailand AutoNews Mazda Mazda3 MazdaMX5 MotorShow2018 มาสด้า ข่าวสารยานยนต์",neutral
มีกี่ใบอ่ะ,neutral
ไม่ไปละ,negative
งือๆๆๆ,neutral
และ Ford ranger ทรงเดียวกันครับ,neutral
ส่ายเอว ส่ายเอว 😁😀 ubeer,negative
เด็กวัยรุ่นเค้ารู้ว่ามันแลอดภัยกว่า บุหรี่มวนไง เด็กสมัยนี้ฉลาดกว่าพวกผู้บริหาร เต่า มากมาย,positive
อุทยานราชภักดิ์ ป่าแหว่ง นาฬิกา ค่าอาหารกลางวันเด็ก ตลาดประชารัฐ โรงพักร้าง เสือดำ เสาธง ไมโครโฟน คุรุภัณฑ์อาชีวะ เงินหลวงเข้ากระเป๋าเมีย เขาสอยดาว เขายายเที่ยง โรลสรอยซ์กับการบินไทย อีอีซีกับมิตซูบิชิ รถถัง เรือดำน้ำ รถไฟจีน ข้าวเหนียวมะม่วง ...ผลงานการตอบแทนแผ่นดิน,negative
สก็อตต์ รังนกแท้ตัวว,neutral
ตรงวงเวียนใหญ่ๆๆ,neutral
INTELLIGENT HYBRID ข้อดีของการมีเทคโนโลยีนี้ คือ เครื่องยนต์ ระเบิดเต็มพลังสมรรถณะในขณะเร่งด้วยการเสริมกำลังจาก มอเตอร์ไฟฟ้า คลัตช์ ให้อัตราเร่งเร็วกว่า ด้วยการ ออกแบบ ให้มีการสูญเสียกำลัง น้อยกว่าระบบที่ใช้ทอร์คคอน เวิร์ตเตอร์ แบตเตอรี่ ส่งพลังงานที่ชาร์จกลับได้ใน ระยะเวลาอันรวดเร็ว เพิ่มช่วง การทำงาน ของมอเตอร์ไฟฟ้าให้ มากขึ้น มอเตอร์ มอเตอร์ไฟฟ้าเพียง 1 ชุด ทั้ง การขับขี่และการชาร์จไฟกลับ ช่วยให้รถมีน้ำหนักเบา NissanTH XTRAIL HybridSUV,neutral
ควยไม่ต้องเสือกอะ มันไช่ธุรมึงปะเนีย บหรีมันเหม็น,negative
นุ่มลุ่มลึก กูบอกได้แค่นี้,positive
อยากไห้ช้างทำเบียร์มาสองสูตรนะ สูตรดั้งเดิมกับสูตรไหม่,neutral
วีออสมันเริ่มต้นที่6แสนนะ ไม่เกี่ยวกับโพส นะ -.- แต่วีออสเริ่มที่6แสน ถ้ายาริชอ่ะ อาจ4แสน,neutral
Live จากงานเปิดตัว TOYOTA C-HR เชิญรับชมได้ทางนี้เลยครับ,neutral
แม่นางชุลีกร อยากแซ่บหรอเจ้าค่ะ ข้าว่า เรา ทำรับทานกันที่เรือนจะดีกว่าไหม ชวนคุณพี่มาด้วยย,negative
จำกัดเวลาไหมค่ะ,neutral
เบียร์สิงแพง มีช้าง ช้างแพง มีลีโอ ลีโอขึ้นมีอาชา กรองทิพย์สายฝนขึ้นราคามี วันเดอร์ พอวันเดอร์ขึ้นมี เอสเอมเอส รอดูมียี่ห้อไหนราคาถูกออกมาอีก,negative
เสือกขึ้นราคาเองช่วยไม่ได้ คนที่อยากเลิกอยู่แล้วพอเห็นราคา เลิกได้ทันที,negative
น้องเลวส่งบาบีก้อนมาอวด...,neutral
ค้าา,positive
เวลาผ้าอนามัยยาวน้อยกว่า30นี่กูไม่สบายใจอ่ะ55,negative
ที่ไหนอ่ะกระต่าย,neutral
ถ้าดื่มทุกวันบอกรสชาติได้นะครับว่าช้าง ลีโอ สิงห์ ยูไม่นับเพราะรสต่างกันที่สุด คุณต้องติดที่รสชาติไม่ใช่ติดยี่ห้อครับแล้วคุณจะแยกมันออก แต่ผมก็ชอบสิงห์ที่สุดนะครับถึงจะแพงกว่านิดหน่อยอร่อยสุด ตื่นเช้าสบายหัวด้วยครับ,negative
เจอ CX-3 จอดคู่ CX-5 นี่ชัดเลยว่าคนละเรื่อง CX-5 สวยจางง 🚗😍 ตัดสินได้เลยว่า ถ้าจะซื้อ CX-3 ซื้อ mazda 3 ยังจะสวยกว่า,negative
ทีหลังแดกหงส์แบนได้ไม่ม่ปัญหาแบล็คลิตรมันแพง,negative
วันปิยมหาราชตรงกับวันที่ ๒๓ ตุลาคม ของทุกปี เป็นวันคล้ายวันสวรรคตของพระบาทสมเด็จพระจุลจอมเกล้าเจ้าอยู่หัว พระองค์ทรงเป็นที่รักใคร่อย่างล้นเหลือของพสกนิกรทั้งชาวไทยและชาวต่างประเทศ พระองค์จึงได้รับการถวายพระราชสมัญญานามว่า “สมเด็จพระปิยมหาราช” ซึ่งมีความหมายว่า “พระมหากษัตริย์ที่ทรงเป็นที่รักยิ่งของปวงชน” ด้วยความสำนึกในพระมหากรุณาธิคุณ รัฐบาลจึงได้ประกาศให้วันที่ ๒๓ ตุลาคม เป็น “วันปิยมหาราช” ข้าพระพุทธเจ้า คณะผู้บริหาร แพทย์ พยาบาลและเจ้าหน้าที่โรงพยาบาลกรุงเทพจันทบุรี,neutral
เงินน่ะมีมั้ย,neutral
หู้วๆๆ,positive
ผลงานใหม่ ใหญ่อยู่ เปิดตัวใช้งาน งานแถลงข่าว ของ gmm-tv 6Nature+ ที่ show dc แบบ และ ขนาด ทำตามใจลุกค้า มีกระพริบ แบบระยิบระยับด้วย (เราทำกระพริบแบบนี้ เป้นรายแรก ตอน AF6 เราเรียกว่า ระยิบระยับ ซึ่งบางร้านเพิ่งทำไม่นาน และเรียกว่า ฟรุ้งฟริ้ง),neutral
เอาเลขบันชีไหม?,neutral
ที่ร้านใช้มิโซะขาว ให้รสชาติออกเปรี้ยวหน่อยๆ แต่ส่วนตัวชอบ มิโซะแดงมากกว่า ที่มีรสชาตเค็มนำ ไม่เปรี้ยวเท่าไร,positive
แอคคอร์ด G 8 2.4 วิ่งไม่ขึ้น ช่างบอก วาล์วรั่ว ต้องตีบ่าวาล์วใหม่ แคมเป็นรอย ลูกสูปเป็นรอย ถามครับ ถ้าซ่อมตามนี้ราคาประมาณเท่ารัยครับ (ไปยืนดูช่างรื้อ และเห็นว่าเป็นจริงครับ),neutral
เหมือนรีโว่เลยครับ,neutral
MG-ZSตัวรองมีโปรดีๆไม่ครับ,neutral
แสดงว่าผมโง่ X3 camry 2.0g almera vl ranger xlt 6mt เห้อ!!! ทำไมไม่ฉลาดนะเรา,neutral
ก้อนบินไปเลยน้าาา 😂,neutral
เช้าแล้วกินเยอะได้,positive
แอดมินขออภัยในเหตุการณ์ที่เกิดขึ้นจากใจจริงมา ณ ที่นี้นะคะ ทั้งนี้คุณลูกค้าสามารถสมัคราสมาชิกที่ร้าน MK สาขา ฟอร์จูน ซึ่งอยู่ฝั่งตรงข้ามเซ็นทรัล-พระราม 9 ที่สาขาดังกล่าวมีบริการบัตร Red Card ให้บริการคุณลูกค้านะคะ,neutral
น่ากินจุง,positive
เจมสัน,neutral
เอามะ จัน-ศุกร์ไม่จำกัดเวลา,positive
วันนี้จิไปกิน mk พอดี เด๋วแว่บไปดู,neutral
ใช้ Mitsubishi Triton ร่วมกิจกรรมด้วยคนได้มั้ยค่ะ,neutral
สำหรับแฟนๆ The Chainsmokers ที่มาร่วมสนุกในกิจกรรมครั้งนี้ อย่าลืมติดตามประกาศรายชื่อผู้ชนะ 5 คู่ที่ต่อเพลงได้ถูกต้องและยาวที่สุด ที่หน้าเพจ Heineken วันนี้นะครับ แล้วเตรียมตัวไปสนุกด้วยกันครับ ;),neutral
เปิดตัว นิสสัน จีที - อาร์ พรีเมียส อิดิชั่น 2018 ในประเทศไทย,neutral
ปักกงนี้,neutral
โดนมาเหมือนกันค่ะ,negative
พาดหัวข่าวอย่างเหี้ยเนื้อข่าวอีกแบบ อีกอย่างผมอยู่สัตหีบผมยังไม่อยากไปพัทยาเลย แม่งเอาทุกอย่างทุกวิถีทางที่จะได้เงิน จะด่าตำรวจก็ไม่กล้าด่าตำรวจดีก็มี ขอด่าพวกเหี้ยๆที่หาแดกกับประชาชนแทนก็แล้วกัน อย่าว่าแต่บุหรี่ไฟฟ้าเลย ขนาดบุหรี่มวนอยู่ในซองมันยหาว่าผมแบ่งซื้อมาจะปรับเอาตังให้ได้ผมนี่งงเลย หลังจากนั้นผมก็ไม่เข้าพัทยาอีกเลย,negative
โอ้ยย แล้วชาติไหนกุถึงจะได้กินร่ะ555,negative
ขวดสวย น่าลอง,neutral
ถึงวันเกิดด 555,neutral
ดีนะเนี่ยที่ไม่เข้ามาตั้งแต่แรก โชคดีไปค่ะ ไม่ต้องมาเสียความรู้สึกแบบเพื่อนๆ และคูปองที่ได้ก้อไม่ได้ลดค่าอาหารใช่รึป่าวค่ะ โอ้ววว!! My God 555,negative
หาบางแสนไม่เจอออ,neutral
ละปุ้นน,neutral
ขอบคุณมากๆ ที่ได้ทางเท้าหน้าเซนลาดกลับคืนมาา,positive
ถ้ามือ1คนยังไม่นิยมแล้วมือ2คนยังจะนิยมหรือตอนนิสสันนาวาร่าขื้นมาตืคู่กับโตโยราคาเขาก็ไม่ตกเหมือนกันเขาว่าเป็นรุ่นว่ารุ่นไหนโดนถ้าfordเขาโตนราคาก็ไม่ตกหรอก,neutral
น็ตหลุดบ่อยมากครับเล่นเกมส์อยู่ดีๆก็หลุดสักพักก็หลุดอีกเเล้วสักพักก็หลุดอีกหลุดเเล้วหลุดอีกจนต้องมาใช้wifi3bbเเทนถึงหายหงุดหงิด,negative
ไม่เอาเอาซีวิค,neutral
เหนะ จะวอ อีกเเล้วหรอพี่555,neutral
อีกไม่กี่นาทีนี้ “นิสสัน จที-อาร์” จะปรากฏตัว กับราคาจำหน่ายที่ 13.5 ล้านบาท,neutral
ผมก็เป็นครับไม่รู้คนอื่นเป็นไหม รถเป็น วีโก้ พรีรัน 2.5vn ยาง บริดโตน ep850 265 60 18 น้ำมันเกียและเฟืองท้ายถ่าย300กม เวลาขับเร็ว ความเร็ว gps =200 เสียงยางหอน ดังจนต้องยกคันเร่งครับ เอ๋อผมมีทำโช้คของ โรงงาน holin มา3หมื่นกว่าๆ ด้วย จนปัญญากับอาการ ครับเลยขับช้าๆเอา ใครดันก็ไม่เล่นครับ,negative
อยากได้แต่กล่องข้าวว,neutral
แบบไหนไม่รู้ รู้ไว้ใส่ โซฟี,neutral
สงสัยเบียร์ช้างเป็นเหตุ กินแล้วภาคภูมิใจ กูได้เป็นนักมวย,negative
สวยกว่า..แอคคอร์ด..และแคมรี่,negative
โกงง,negative
รถมาสด้าซะด้วย,neutral
เห็นเซลบอกห้ามทำแท็กซี่ ห้ามซื้อเพื่อการพาณิชย์ครับ,neutral
ไม่กิน555,neutral
วันที่เมิงว่าง ไม่มีธุระ ปีหน้าดีมะ😂😂,positive
ไปเอ็นจอย กะผู้ หละสิ 555,neutral
ขอสงวนสิทธิ์ในการแคปภาพหน้าจอจะไม่สามารถรับสิทธิ์ได้นะคะ ต้องนำโค้ดที่ลูกค้าได้รับในมือถือไปรับด้วยตนเองนะคะ ^^,neutral
ประสบการณ์หน้าสดสุดจี๊ดคือ ปกติเป็นคนแต่งหน้าเป็นประจำ แต่มีวันหนึ่งรีบไปทำงานเลยไม่ได้แต่งหน้า เท่านั้นแหละ ก็จะมีคนทักทำไมหน้าโทรม หน้าดำ ดูไม่สดใสเลย ป้าแว่นมากๆ ทำให้รู้สึกว่ามันแย่ขนาดนั้นเลยหรอ😭 หล้งจากนั้นก็ไม่กล้าหน้าสดมาทำงานอีกเลย😭 ประสบการณ์หน้าสด หน้าสดแต่ไม่เศร้า BiothermThailand AquasourceAura,neutral
มาอิ่มอร่อยกันที่ Bar B Q Plaza พร้อมรับเครดิตเงินคืนสูงสุด 600บ.*24 พ.ย. 60 - 31 ม.ค. 61 สำหรับสมาชิก ซิมเพิล วีซ่า คาร์ด คลิ๊กเลย,positive
แจกัน💃🏻🕺🏻,positive
วันนี้มันวันเอ็มเคปะสัส คนรอเป็นแสน ซึ่งกูคือหนึ่งในนั้น หิวว้อยย หัวร้อนสนสสาาห่่ๆเหเเเฟเๆ้้ๆัไ้ัไ,negative
ย้อนประวัติ-ภาพถ่าย ปิดตำนาน 49 ปี ‘รร.ดุสิตธานี” isranews,neutral
อ้วนไปกินกัน,neutral
เด๋วพี่พาไปเบียดกับผู้ชาย สงกรานต์นี้เพื่อนซี้ต้องมา Chang,neutral
ลองๆ☺️,positive
ฮือออ แสงสว่าง+แสงโสมอีกกลม ตุยสัสส กลับบ้านอีก,negative
วันจันจัดเลยที่รัก,neutral
ช่วงนี้เซ็ตหม้อไฟขายดีฝุดๆไปเลยคร่าา หนาวๆทาซุบร้อนคือดีคะ ruaduankaruachill thaiboatnoodle noodlebangkok noodle thainoodle hotpot hotpotnoodle beefnoodle porknoodle เรือด่วนกะเรือชิลล์ ก๋วยเตี๋ยวเรือ ก๋วยเตี๋ยวน้ำตก,neutral
ส่งเรื่องไปทางแชทแล้ว​ รอตอบจนง่วงแล้วค่ะ​ ถ้าพนักงานอ่านแล้วรบกวนตอบเป็นข้อความไว้ในแชทเลยนะคะ​ ไม่ต้องโทรมาแล้วอาจจะไม่สะดวกรับ,negative
จาไปกินนน,positive
อดเลย.. ลืมขอกะพนักงานนะก้อน,neutral
เค้าก็ขาย Everest กับ Ranger รัวๆไงครับ เพียงแต่ตอนนี้คนขยาดกับเก๋งฟอร์ด,neutral
เบียร์ช้างนี่มันแย่จริงๆนะ,negative
ยังๆๆได้ข่าวพึ่งทำงานน,neutral
หนุ่มตาม เบลอๆๆๆ มีvios อยากขับ Raptor บึยยย,neutral
ราคามีร้อง กลับไปมองโตโยต้าดีกว่า55,neutral
กิงงงๆ,neutral
ได้ซีวิคคันนุงอะ 55,neutral
เสี่ยเจริญ เป็นเจ้าของ แม่โขง แสงโสม เหล้าขาว เบียร์ช้าง จบ,neutral
โจ้มีขาย 7-11ด้วยราคาน่าลองอิอิ จัดไหม?,neutral
"ผมเคยถามคนขับแท็กซี่มาแล้วครับ แกบอกมาแบบนี้นะ โตโยต้าที่นิยมเอามาทำแท็กซี่เพราะเค้ามีโควต้าให้คนซื้อรถที่จะเอามาเป็นแท็กซี่ครับ ถูกกว่าขี้หมูขี้หมาก็คันละ 200,000 ในขณะที่ฮอนด้าก็ไม่ได้ห้ามแต่เค้าขายราคาปกติครับจะซื้อมาทำแท็กซี่ก็ต้องจ่ายเหมือนกับคนอื่น เหตุนี้จึงทำให้ไม่นิยม ส่วนเรื่องอะไหล่กับความคงทนผมว่าไม่ใช่ประเด็นอ่ะถ้ารถมันพังง่ายขนาดนั้นคงขายไม่ได้หรอก คุณภาพรถญี่ปุ่นผมว่าก็พอๆกันน่ะแหละประเด็นคือเรื่องราคาตามที่พี่แกว่ามากกว่า",neutral
เทออ,neutral
ว่าเป็นเมนส์ก็หงุดหงิดแล้วนะ เจอกาวผ้าอนามัยแล้วแบบ ว้อยยนยยนยยน,negative
สิ้นเดือนจัดเลย😊😊😊,neutral
กลับไม่ทัน 🤣🤣,neutral
อย่างปั่น55,positive
อยากปะทะ,neutral
ชอบ Honda Jazz เพราะขนาดกะทัดรัด ขับขี่ง่าย จอดรถได้สะดวก ประหยัดน้ำมัน ฮอนด้าที่รัก EnjoyHondaThailand,positive
อ้าวๆ เร็วนะครับ งบมีแล้ว.,neutral
เป็นเด็กคนหนึ่งที่อินการเมืองมากค่ะ เเละก็จะเลือกเรียนการเมืองการปกครอง เพราะศรัทธาเเละเชื่อมั่นมากว่าสิ่งเหล่านี้เป็นอะไรที่ศักดิ์สิทธิ์จะมาเล่นๆขำๆไม่ได้เพราะเรากุมประชาชนไว้ในมือ แต่ในขณะที่คนที่ดำรงตำแหน่ง ดำรงด้วยความเห็นแก่ตัวของตัวเอง คือจะอ้วก เลื่อนเเม่มึงสิ,negative
ครีมกันแดด เคเอ spf 35 แบบซอง สูตรปราศจากความมัน ป้องกันฝ้าจากแดด,neutral
สวัสดีครับ หากประจำเดือนมาไม่ปกติ ปวดหลังแนะนำให้เข้ามาตรวจครับ เพราะถือเป็นความผิดปกติเบื้องต้น สามารถอ่านข้อมูลอาการเพิ่มเติมได้ที่นี่ครับ โดยการตรวจแพทย์จะแนะนำให้ตรวจอัลตราซาวน์หน้าท้องเพื่อดูสุขภาพรังไข่และมดลูกครับ ส่วนการตรวจภายในจะเป็นการตรวจหาความผิดปกติของมะเร็งปากมดลูกครับผม สามารถทำนัดแพทย์ศูนย์สุขภาพสตรี โรงพยาบาลกรุงเทพที่เบอร์ 1719 ได้เลยครับ,neutral
okiee,neutral
ดีแม็กตอนเดียวนี่ทำยังงัยจะให้ขนของสู้ revo กับ navara ได้อ่ะคับ โดยที่ไม่ยุ่งกับเครื่องเลย ขน,positive
จะพาแสงโสมไปฟัง รึเปล่า Armchair อยากรุ้ว่ารัก รึเปล่าา ต้องไป Voice space,neutral
ร่วมสนุกค่ะ.. ท้าคนมือไวหยุด มิตซูบิชิ ปาเจโรสปอร์ตใหม่ให้ทัน ด้วยระบบเบรคFCMระบบเตือนการชนด้านหน้า พร้อมช่วยชะลอความเร็ว ตอบสนองดัยทันท่วงที,neutral
ตาปรืบๆ,neutral
การพบกันใช่ว่าจะขึ้นห้องกันได้ทันที ในการรับบริการของโออิรัน ลูกค้าจะต้องพบเธออย่างน้อย 3 ครั้ง โดยครั้งแรกคือการสร้างความประทับใจ ดังนั้นผู้ชายจะต้องแสดงฐานะให้โออิรันเห็นว่ารวยจริง โดยเธอจะนั่งมองอยู่บนเวทีเฉยๆ ไม่กิน ไม่ดื่ม ไม่แตะต้อง ครั้งที่สองเหมือนเดิมคือเช็คเครดิต,neutral
เห็นแล้วว เหมือนเม็ดสาคูเลย ไม่รู้ในหมูมีป่าวว น่ากลัวว,negative
แล้วค่าา,positive
ถ้าอนามัยโลกไม่ยืนยังว่าปลอดภัยกว่าบุหรี่มวน ยังไงก็ไม่มีทางถูกกฎหมายได้หรอก ทำใจซะ เลิกซะ...,neutral
นี่แพ็ตตี้ไง ที่ชอบกินเบียร์ช้างอ่ะ,positive
เข้ามาดูคอมเม้น​ จับเทียบต่าง​ segment ทั้งที่คอนเส็ปท์​ออกแบบต่างกัน​ เข้ามาดูเทพ​ Hrv​ ต้องดีกว่า​ เข้ามาดูอัตรา​เร่ง​ น้อยจังจะแซงสิบล้อพ้น​ไหม​ 🤣 เข้ามาดู​ ความประหยัด​ ผมขับได้​ เกือบยี่สิบโลลิตร​เลยนะ​ 😅,neutral
สนใจนิสสันมาร์ชค่ะ,positive
พุ้งนี้เลี้ยง อิอิ,neutral
ช่วยกันแชร์ให้ถึงมันไดอาน,neutral
มาสด้าเปิดตัวกระบะใหม่ยอดรวมอันดับ1แน่นอน,neutral
แต่จะเผ็ดจนกินไม่ได้ป่าง,negative
สภากาชาดไทยจัดกิจกรรม เนื่องในวันพ่อแห่งชาติ 5 ธันวาคม 2560 เนื่องในวันที่ 5 ธันวาคมของทุกปี เป็นวันคล้ายวันเฉลิมพระชนมพรรษาของพระบาทสมเด็จพระปรมินทรมหาภูมิพลอดุลยเดช บรมนาถบพิตรและถือเป็นวันพ่อแห่งชาติ สภากาชาดไทยได้จัดกิจกรรม เพื่อเทิดพระเกียรติและถวายเป็นพระราชกุศล พร้อมทั้งรำลึกในพระมหากรุณาธิคุณ ดังนี้ โรงพยาบาลจุฬาลงกรณ์ สภากาชาดไทย เปิดบริการตรวจสุขภาพและสมรรถภาพร่างกายให้กับประชาชนทั่วไป โดยไม่คิดมูลค่า ตั้งแต่เวลา 07.00 - 12.00 น. โดยมี ศาสตราจารย์ นายแพทย์ สุทธิพงศ์ วัชรสินธุ ผู้ช่วยเลขาธิการสภากาชาดไทย ฝ่ายการแพทย์ และผู้อำนวยการโรงพยาบาลจุฬาลงกรณ์ เป็นประธานเปิดโครงการ พร้อมทั้งผู้บริหาร แพทย์ พยาบาล เจ้าหน้าที่ ร่วมกิจกรรมในครั้งนี้ ณ อาคาร ภปร โรงพยาบาลจุฬาลงกรณ์ สภากาชาดไทย ภายในงานจัดให้มีบริการต่างๆ อาทิ ตรวจวัดระดับน้ำตาลและไขมันในเลือด ตรวจคลื่นไฟฟ้าหัวใจ ตรวจคัดกรองมะเร็งปากมดลูกและเต้านมในสตรี ตรวจคัดกรองมะเร็งต่อมลูกหมาก ตรวจวัดสายตา ตรวจหูและการได้ยิน บริการขูดหินปูน ฯลฯ และการให้คำปรึกษาปัญหาสุขภาพด้านต่างๆ การจำหน่ายยาสามัญประจำบ้านราคาพิเศษ พร้อมทั้งการจัดนิทรรศการวันพ่อแห่งชาติ และการบรรยายพิเศษเรื่อง “มะเร็งต่อมลูกหมาก” เพื่อเป็นการให้ความรู้และส่งเสริมการดูแลสุขภาพ ศูนย์บริการโลหิตแห่งชาติ สภากาชาดไทย ได้จัดโครงการ “บริจาคโลหิต น้อมรำลึก สำนึกในพระมหากรุณาธิคุณ เนื่องในวันคล้ายวันเฉลิมพระชนมพรรษาของพระบาทสมเด็จพระปรมินทรมหาภูมิพลอดุลยเดช บรมนาถบพิตร” ตั้งแต่เวลา 08.00-16.00 น. ได้จัดกิจกรรมพิเศษ รับบริจาคโลหิต ลงทะเบียนอาสาสมัครบริจาคเซลล์ต้นกำเนิดเม็ดโลหิต บริจาคอวัยวะ และดวงตา ภายในงาน ยังมีการนวดแผนไทยเพื่อสุขภาพ และการจัดเลี้ยงอาหารแก่ผู้บริจาคโลหิต ณ ศูนย์บริการโลหิตแห่งชาติ สภากาชาดไทย ถนนอังรีดูนังต์ สถานเสาวภา สภากาชาดไทย เปิดให้ประชาชนเเละนักท่องเที่ยวเข้าเยี่ยมชมสวนงูไม่คิดค่าธรรมเนียม พร้อมชมการเเสดงการสาธิตต่างๆ เช่น การแสดงสาธิตการจับงูชนิดต่างๆ การแสดงรีดพิษงู ในวันที่ 5 - 7 ธันวาคม 2560 ตั้งเเต่เวลา 9.30 น. - 15.30 น. ณ สถานเสาวภา สภากาชาดไทย,neutral
ฮื้ออ เค้าสับเพร่า เค้าสับเพร่าา เค้าจ่ายเต็มม แต่อร่อยเด้ออ ฮื้อออ,negative
แอดแม่งมั่ว เพลงประกอบโฆษณาผ้าอนามัย เฉยๆ,negative
ขอไปด้วย,neutral
ชอบรถเก๋งMazda 3 ชอบsport เอนกประสงค์ Ch-r ตอนนี้ชอบ Ch-r มากกว่า555,positive
ฮอนด้า โนวา แดก(แดกน้ำมันสุดๆ) อิอิ,negative
"Live!! งาน ""Bell's Be Real Concert"" คนจริงของจริง รีวิวเชียงใหม่ ตะลุย Party มีทั้งยีนส์แนววินเทจและดนตรีแนวบริทิสคูลๆ กับเบลล์ วิสกี้ ที่ร้านนาเบะ ใครผ่านมาทางนี้แวะด่วน!! มีวงพอสขึ้นตอน 4 ทุ่ม นะฮะ ไปตะลุยกันเลยย BellsWhisky คนจริงของจริง วิสกี้แท้สายพันธุ์อังกฤษ รสชาตินุ่มแบบของจริง",neutral
ก็เล็งไว้แล้วซูซูกิสวิฟ,neutral
พรุ้งนี้จะกินเมี่ยงปลาทู555,neutral
เป็นลีโอที่จืดสัส เหมือนกินน้ำที่รสชาติเฝื่อนๆ,negative
55 ของโปรดพวกแกรรร,neutral
โรคมะเร็งหลายคนเป็นแล้วหายได้ขึ้นอยู่กับกำลังใจการปรับเปลี่ยนพฤติกรรมการกินการใช้ชีวิติอย่างกรณีของคุณแม่ชีศันสนีย์ท่านเป็นมะเร็งขั้นที่4ก้อนมะเร็งขนาด10ซมตอนนี้เหลือแค่1ซมเท่านั้นใครเป็นอยู่ลองไปหาอ่านดูเห็นว่าท่านจะทำเป็นหนังสืออย่าหมดกำลังใจยาสมัยใหม่รักษาไม่ได้ก็ลองใช้สมุนไพรควบคู่กับการปรับเปลี่ยนพฤติกรรมชีวิต,neutral
อยากเอาลิ้นสัมผัสรส กระดกหมดชนๆ อิ่เจ๊รีบกลับมา,neutral
เดี๋ยวนี้mkเอาเศษผักมาขายด้วยหรอคับ สาขายูเนี่ยนมอลล์ เศษฟักทอง mkrestaurants,negative
ผมเชื่อว่าคนไทย ไม่แพ้ใครน๊ะคับ นอกจากฆ่าตัวเอง เหมือนทุกวันนี้,negative
กรุณาปรับปรุงด้วยค่ะ ไม่ใช่ดีแต่ปรับราคา คุณภาพแย่ลงแบบนี้ ควรเอาไปแก้ไขค่ะ ไม่ใช่มาส่งgiftเศร้าเสียใจ รักษามาตราฐานด่วน อย่าเอาเปรียบผู้บริโภคค่ะ,negative
คิดถืกคับที่กินลีโอคูมื้อ55,positive
หิวเมื่อไหร่ ก็แวะมา,neutral
เค็มเหมือนเดิม,negative
กำลังคิดว่าจะเอามาสด้า3กลางปีนี้ยุเลย อ่านแล้วเปลี่ยนใจดีกว่า พูดจริงๆเลย ซบพี่โตต้าดีฟ่า!!!,negative
โปรโมชั่นมาสด้า Mazda เดือนมกราคม 61 ทุกรุ่น! . Mazda CX-3 ดอกเบี้ย 0.66% ฟรีประกันภัย ระยะเวลาโปรโมชั่น : ตั้งแต่วันนี้ ถึง 31 ม.ค. 61 ดอกเบี้ย 0.66%* ฟรีประกันภัยชั้นหนึ่ง Mazda Premium Insurance 1 ปี** . Mazda 2 ดอกเบี้ย 1.69%* ฟรีประกันภัย** และ Mazda Care Program 3 ปี *** ระยะเวลาโปรโมชั่น : ตั้งแต่วันนี้ ถึง 31 ม.ค. 61 ดอกเบี้ย 1.69%* ฟรีประกันภัย** และ Mazda Care Program 3 ปี *** . NewMazda2 NewMazda3 MazdaCX3 MazdaCX5 MazdaBT50PRO Mazda CarPromotion,neutral
ไปต้าปิ่นโหล๋วดีกว่ามั้ย 55,neutral
บอกแม่ให้เตรียมเทียน ไฟฉาย ชาร์เพาเวอร์แบงค์ ชาร์ตมือถือไว้ให้เต็ม แม่ถามว่าเตรียมทำไม คือที่บ้านยังไม่รู้ว่าพายุจะเข้า พายุปาบึก,neutral
รับสมัครผู้ประกอบการที่สนใจจำหน่ายสินค้างานเกษตรแฟร์ประจำปี 2558 สนใจติดต่อ สำนักงานทรัพย์สิน มก โทร. 02-222-22,neutral
ทางLive Chat ของ Maybelline official store ในแอพ lazada เท่านั้น !!,neutral
จัดถี่นะเรา,neutral
นั่นล่ะสิ่งที่ต้องการแสงโสมยุบ้านมีโซดา,neutral
อย่าลืมบอกว่า Hello Kitty บนห่อไหนน่ารักโดนใจคุณที่สุด และใส่ Hashtag ลอรีเอะซูเปอร์อัลตร้าสลิมHelloKittyLimitedE ด้วยนะคะ <3,positive
อร่อยมากจิงๆๆต้องลอง,positive
เอาผ้าห่มเบียร์ช้างมาคลุม ก็น่าเหมือนนะ...งาน D.I.Y,neutral
เลือก24กุมภาเลือกแน่นอนนน หืมม อยากจะเอาคลิปไปฉายบนจอLEDหน้าทำเนียบรัฐบาลซะเกิน พลิกลิ้นเก่ง เลื่อนแม่มึงสิ,negative
วันนี้ไปจัดมาแล้ว อร่อยจุงเบย,positive
เพียวด้วย เล่าโซดาด้วย ไฮนีเก้นด้วย ลีโอด้วย สเมอนอฟด้วย จุดจบสายแข็ง,neutral
น่าสนยุนะ,positive
เพิ่งเคยกินอาชา อร่อยกว่าช้างอีก 55,negative
ใช้รีมูฟเวอร์เช็ดค่ะ ที่สำหรับเช็ดปากและตา ของเมย์เบลลีนใช้ดีค่ะ,neutral
เพื่อนๆ คนไหนที่ยังไม่ได้ใช้สิทธิ์ อั่งเปา E-Coupon อย่าลืม!! มาใช้สิทธิ์ได้ที่ร้าน HOT POT BUFFET ทุกสาขา HOTPOTBUFFET DIYBUFFET,positive
ตูไม่พร้อมม,neutral
อิ่มจังที่... โฮมราชบุรีคร้าา,positive
มึงบ้าไปแล้วจิงๆด้วยออกกฏหมายอะไรของมึง ไอ้บ้า โกงบ้านกินเมืองมึงออกกฏหมายจับมังวะ,negative
เมื่อคืนไปทานมาไม่เห็นแจ้งอะไรเลย,negative
เมนูอาหารคลีนครับ:),neutral
ตังในกระเป๋าพร้อมเราก็ไปกันเลย,neutral
มื้อไดมึงบอกกุมาดุ,neutral
สนม่ะ รึจะรอ pajero,neutral
รีบมานะ 😁,neutral
วันอังคารที่ 20 เครป่ะหละ,positive
ลุยไหม,neutral
ลดๆ,neutral
Happy birthday 6ขวบครับ เมียบอกให้มาเล่น ถ้าไม่ได้เมียบอกไม่ต้องเข้าบ้านครับ 1.แป้ง 2.น้ำยาถูพื้น 3.แป้ง 4.แก้วน้ำ 5.ลิปสติกKMA SAHA559 SAHA999,positive
ถามว่าประเทศที่พัฒนาแล้ว เค้าพัฒนาได้ยังไง ถ้าไม่ใช่เพราะคนในประเทศนั้นร่วมมือร่วมใจกันทำให้เกิดการพัฒนา รัฐก็เป็นส่วนสำคัญ เราก็เป็นส่วนสำคัญด้วย ประเทศจะพัฒนาได้ คนต้องพัฒนาก่อน,neutral
ไปกินกันนะคะ,positive
เหนือสิ่งอื่นใดตอนนี้กุแสบตะหมูกมาก E-cig เนี่ย,negative
จัดเต็มนิคือ​ซื้อของไปนั่งกินข้างร้าน​ MK​ ถูกไหม555,neutral
น่าสนแคปติวา,positive
ไปๆๆกันครับ ว่างวันไหนบอกล่ะกัน,positive
ทำไมเบียร์ช้างไม่มีบ้างว่ะ,neutral
เลี้ยงโหน่ยย,neutral
จะมีสูตรเก่าคือ Hada Labo Retinol Lifting & Firming Lotion และสูตรใหม่ในรูปคือ Hada Labo Anti-Anging Lotion ที่เพิ่มประสิทธิภาพการดูแลล้ำลึกถึงระดับเซลล์ผิว ช่วยซ่อมผิวแก่ กักเก็บความชุ่มชื่นได้ยาวนานยิ่งขึ้น เติมร่องริ้วรอยให้ผิวเรียบเนียน ดูอ่อนเยาว์ค่ะ :),neutral
สาขาที่ร่วมรายการมีดังนี้ค่ะ โลตัส นวนคร บิ๊กซี นวนคร ^^,neutral
จากินน,neutral
สู้ๆนะคับ,positive
กูจะเมาฟูลมูนไม่ได้ไอสัส,neutral
เผย 10 อันดับรถญี่ปุ่นประหยัดน้ำมันสุดปี 2017 'พรีอุส' คว้าอันดับ 1,positive
สวยและรวยมาก พัณนิดา ไชยแก้ว,neutral
สัสซัค!! พี่ใช้ของอินนิสฟรีอยู่ข่ะ,negative
อะไรๆก็หมี่หยกเป็ด งั้นขอเดาว่าพี่โฮมเป็นพนักงานเอ็มเคค่ะ อิสัด ไทม์มิ่งแบคฮวี,negative
1.ผู้ว่าขอนแก่นเดินมาเปิดงานวันครู 2.นักเรียนได้รับบาดเจ็บครูไม่ส่งโรงพยาบาลที่อุดรธานี 3.ผู้อำนวยการโรงเรียนสามเสน 4.พ่อค้าไอติมกับครูเรื่องรถชนกัน 5.กินเนื้อที่บาร์บีคิวพลาซ่า เจอสิ่งแปลกปลอมในเนื้อ 5 ข่าวค่ะ ❤,negative
เลี้ยงสิๆๆ อยากกินนน,neutral
บาร์บีคิวพลาซ่า,neutral
ฝั่งขึ้น,neutral
U and I ครั้งแรกที่ได้รู้จักยู ยูเป็น pilsner abv 5% ที่เบา บาง นุ่ม ไม่บาด ดื่มง่าย hop อ่อนๆ ไม่ขมติดลิ้น ยูเหมาะกับวันเบาๆ เปื่อยๆ ที่ไม่ต้องคิดอะไรมากมาย ชน! 🍻 ubeer singhabeer thaibeer อย่าลืมติดดาวเพจ เพื่อไม่พลาดเรื่องราวและกิจกรรม,neutral
น่าสนครับจะเอามาใส่mu xครับของผมพึ่งออกมาอาทิตยกว่าเทรินได้เท่าไหร่ครับ,positive
บ่ๆ,neutral
ก็ยังกล้าใช้กันโน๊ะ แบรนดีๆราคาเบา พอน การนิเย่ โอเล เห็นผลช้ายังสบายใจกว่าครีมกวนอะไรพวกนี้,positive
ลงและ 👽👽 HeinekenStarHive OpenYourMusic OpenYourWorld,neutral
ก้อนขอขอบพระคุณเป็นอย่างยิ่งครับ,neutral
อันนี้ก็มีซูชิย่ะ...นัดวันมาก่อนดีไหม555,neutral
โจมาโลนกลิ่นเฟดเรวมากเว่อ,negative
ยูเซอรีนโอเมก้าดีมาก,positive
เดินเล่นเสร็จ หิวก็แวะไปบาบีก้อน ครบ! 55,neutral
ชอบ Honda Civic เพราะภายในกว้างขวาง ขับนิ่ม เร่งเร็วแรง ไม่กินน้ำมัน ทั้งยังใช้ E85 ได้ด้วย ฮอนด้าที่รัก EnjoyHondaThailand,positive
รองโฆษกพลังประชารัฐ' แนะพรรคอื่นอย่าขายฝันเกินจริง,neutral
"แชร์ชวนเพื่อน 👨‍🎤 มากระโดดด้วยกัน 🔊 วันศุกร์ที่ 2 กุมภาพันธ์นี้ ขาร็อคพลาดไม่ได้!! 🎸🎤🥁 🔥🔥 มันส์แบบ Extra เเน่งานนี้ !!! คอนเสิร์ต เสก โลโซ Live บัตร 350 บาท พิเศษ !! 👉ใช้บัตร 2 ใบ (700 บาท) ลดค่าเปิดชีวาสเอ็กซ์ตร้าจาก 2,200 บาท เหลือแค่ 1,500 บาท 👉ใช้บัตร 1 ใบ (350 บาท) ลดค่าเปิดเจมส์สันจาก 1,350 บาท เหลือแค่ 1,000 บาท หรือ 1 ใบ (350 บาท) แลกเบียร์สิงห์ได้ 1 ขวด 👉ค่าเปิดเหล้าหิ้ว 1,000 บาท/ลิตร 👉เปิดเหล้าขวดใหม่แล้วเอาเหล้าฝากออกมาดื่มได้ 👉โต๊ะจอง ปล่อย 3 ทุ่มเป็นต้นไป สอบถามรายละเอียด หรือจองโต๊ะด่วนๆ ☎️ 02-222-22 / 088-888-88 LizmBangkok Lizm เสกโลโซ Chivas ChivasExtra สิงห์",neutral
ถ้าเป็นรีโว่ ต้องเหยียบครัชสตาร์ททุกครั้งครับ,neutral
เด่วลงลิ้งค์ให้รัวๆคับ,neutral
มีคนแชร์เจอพยาธิในชิ้นเนื้อค่ะ,neutral
ค่าเช่าชุดแพงกว่าที่ลดอีก,negative
เลี้ยงจรืงไหม เลี้ยงก้ไปจ้า55,neutral
ทำไมรีโว่เขาไม่เอามาเเต่งซิ่งคับหรือเเข่ง ขอคำตอบด้วยคับ,neutral
ไม่กล้ากินอ่ะ ผิดพลาดน่ากลัวว,negative
มึงอะชื้อให้กุชิมก่อนเดี๋ยวบอกรสชาติ,neutral
ขับง่ายกว่าวีออสเยอะเลย,negative
ได้มีการ live ไว้ค่ะ ^^ ขณะนี้ทีมงานกำลังตัดต่อคลิปในวันงาน โดยสามารถติดตามได้ที่หน้าแฟนเพจ Neutrogena เร็วๆ นี้ค่ะ,neutral
ว่าจะออกยาริส แต่เพิ่มเงินอีกนิดได้ GT-R เลย สับสนมากครับ ถถ,neutral
ฮอนด้า บีอาร์ วี ใหม่ โดดเด่นด้วยดีไซน์สปอร์ตเข้มรอบคัน พร้อมเดินทางสู่ทุกจุดหมายในสไตล์ที่เป็นคุณ รู้จัก Honda BR-V เพิ่มเติมได้ที่ HondaBRV EnjoyHondaThailand,neutral
โอ๊ยย อยากไปหมด,positive
ผู้โดยสารแน่นแต่สายการบินอ่วม ไทยแอร์เอเชียขาดทุน 656 ล้านบาท ไตรมาส 3/61,negative
ดีคับพี่ๆ,positive
ในที่สุดก็ได้เงินคืนจากลาซาด้า แต่ได้เป็นวอลเล็ท แถมมีวันหมุดอายุอีกต่างหาก กำ -_- แต่ก็ยังดีที่คืนค่าส่งมาให้ด้วย จากตอนแรกนึกว่าจะไม่ได้คืน ทำเรื่องไปตั้งแต่ 29 ก็ถือว่าเร็วอยู่ ลาซาด้า,negative
“มิซาเอะ” แม่ชินจังไม่ให้เลื่อน! ตามนั้นค่าาา เจอกันแน่นอน 10 มกราคมนี้!! CrayonShinChanTheMovie : ชินจัง เดอะมูฟวี่ ตอน เจ้าหนูกังฟูดุ๊กดิ๊ก พิชิตสงครามราเม็ง :: โปรแกรมสุดสนุกรับวันเด็กแห่งปี 2019 ที่ เมเจอร์ ซีนีเพล็กซ์ เลื่อนแม่มึงสิ,neutral
ประชาธิปัตย์' ตั้ง 'วิรัช ร่มเย็น' นั่ง ปธ.ฝ่ายกฎหมายพรรค,neutral
เคลียร์เรื่องรถเสร็จเดี๋ยวพาไป,neutral
ส่วนเกินได้ไง พี่มุกแท็กคนแรกนะ 55,positive
สุขภาพดีต้องมี4อย่าง (Anti-Aging Healthy lifestyle) [1] อาหารการกินที่ดี - ทั้งอาหารหลักและอาหารเสริมที่จำเป็น [2] ออกกำลังกายสม่ำเสมอ - ไม่ปล่อยให้อ้วนหรือผอมมากจนเกินไป [3] นอนหลับพักผ่อนเพียงพอและรู้จักผ่อนคลายความเครียด [4] หมั่นตรวจเช็คสุขภาพเป็นประจำและดูแลรักษาตัวเองให้ดีหากมีโรคภัย,neutral
Honda city ก็เเจ่มนะ แต่แพงขึ้นอีก,negative
นิสสันมองไทยเป็นตลาดรองอะ,negative
อัลเมร่า,neutral
Mamonde จะมาแล้ว อีเหี้ย ลิปจะหมดแล้วว รีบมาโว้ย,negative
น่ากินอ่ะ 😉,positive
เมื่อวานไปซื้อโคน ทำไมยัง 10 บาทละครับ โปรลด 5 บาทบอกเริ่มเมื่อวาน ขอเงินคืนด้วยครับ,negative
555 อยากกิน mk อยากกินหมูกรอบ,neutral
โพส ใหญ่ โพส โต,neutral
29 เลยไง๊ ลดวันสุดท้ายเลยนะหนะ,neutral
รถสวยมากเลยดีแม็ก,positive
อยากได้โจมาโลน แต่โจมาโลนซื้อรองเท้าใส่ได้คู่นึง ...,negative
โลตัส นครชัยศรี ร่วมรายการค่ะ,neutral
พวกนี้โง่เง่าจริงๆ ที่นั้นคือสนามบินสุวรรณภูมินะโว๊ย มีคนมีความรู้มีระดับจากทั่วโลกผ่านไปมานะ มึงยังไปโชว์ความโง่ให้โลกดูซะงั้น เค้าเป็นยักษ์ในสนามบินนานาชาตินะ มึงมาถวายเหล้าขาวน้ำแดงได้ไงวะ อย่างน้อยก็ต้องแบล็คเลเบิ้ลเว้ย ถ้าจะให้ดีก็ต้องไวน์แดงขวดหลักแสนนะ เข้าใจมัย!!!,negative
"ผมใช้ civic เปลี่ยนโช้ค,ยาง ผ้าเบรค,แคมเบอ.40,000 ขับดีขึ้นเป็นกอง..!? ( อันนี้นอกเรื่อง )",positive
รับซัมเมอร์ ด้วย รองพื้น Bisous Serum foundation สี Ivory แป้ง oriental ผสมกันแดด สี sand ที่เขียนคิ้วของ Ter ขี้เกียจเขียนเยอะ เดี๋ยวไว้มารีวิวให้ดูอีกทีน้าา ใกล้หยุดยาวแล้วต้องเตรียมผิว ปกป้องจากแดด !!,neutral
น่ากินมั้ย,neutral
เลือกเอานร้าเสาร์หน้า,positive
ทุกช่วงเวลา นำพาสู่ความยิ่งใหญ่ Heineken..,neutral
อยากแดกเฉยๆ ไม่เกี่ยวกับใจเลยครับ หิวช้าง555,positive
ฮิฮิ สรุปจะกินเอ็มเคว่าหมูกระทะเนีย,positive
Mazda2skyactiv G 1.3 Turbo Turbo kit by MES,neutral
"Suzuki ปลื้มยอดขายรถยนต์ปี 2560 ทะลุ 25,011 คัน เติบโตเกินเป้า 9% พร้อมประกาศเตรียมเปิดตัวรถใหม่อีก 2 รุ่น",positive
55 เพื่อนมาเมกาแล้วรีวิวผ้าอนามัยแบบสอด โอ้ยย,negative
พวกโลกสวย ไอ้ส้นตีน พวกไม่แดก เอง จะมางอแงทำห่าอะไร ปัญญา อ่อน เพราะคนอย่างพวกมึงนี่แหละ เศษ ธกิจ ถึงได้ร้มจมหมด เบียร์ช้างมีมานานก่อนพสกมึงเกิดอีก สมอง โลกสวยไอสัส กูว่าอีกหน่อยหมูหมากาไก่ก็แดกไม่ได้ ต้านการฆ่าสัตร ถุ้ยยย สถุนสิ้นดีพวกมึงนี่ไปตายซะ,negative
ไดโดมอนไม่ปิดน้า,neutral
จัดไปคร้าบ,neutral
เซเว่นมีขายย,neutral
129 บาทครับ,neutral
อยากรู้ว่าขายอะไรบ้างสไลด์เลย🌈 เตรียมท้องกันให้ว่าง! 23-25 มีนาคม นี้ พบกันที่ Airport Link Makkasan สี่โมงเย็นถึงเที่ยงคืน Singha SinghaFood SinghaFoodFest2,neutral
ค่อยว่ากันวันเกิด,neutral
โอ้ยยย ยอมแล้วคะซิสสส เจ้าแม่ชาบู หมูทะ จิ้มจุ่ม mk จ้างกินกันเลยที่เดียว55,positive
เพราะเห็นเด็กที่ทำงานใช้แล้วดี เลยใช้บ้าง ใช้มา~2ปี ไม่ทราบว่าทางผลิตภัณฑ์Snailwhite รู้ได้ยังไงว่าพี่แป้งใช้ เลยติดต่อมาเพื่อให้เป็นพรีเซนเตอร์ พี่แป้งว่าใช้แล้วดี เลยรับเป็นพรีเซนเตอร์ค่ะ,neutral
หนาวอะ แต่ใส่เสื้อกันหนาวแล้วก็ร้อน ไม่พอดีเลยวะ,neutral
เฉพาะวันจันทร์ - ศุกร์ เท่านั้นนะคะ แวะมาลองกันค่าา ^^,neutral
รายละเอียดมิว7ปีไหน เกียร์อะไร ผ่อนดาวน์เท่าไร ถ้ามีรายอะเอียดดูแล้วสนใจผมจะติดต่อกลับขอบคุณ,positive
ยังไม่มีกำหนดเปิดบริการเลยน้า T^T,negative
น่ารักดี,positive
เก็บเงินค่าน้ำมันไว้ซื้อHoegardenn ดีกว่าเนาะ555,neutral
ชุดทรูนี้คือต้องใช้เพราะรายเดือนหร่อค่ะหรือว่าแบบเติมเงินก็ได้ค่ะ,neutral
ยังไงดีๆ,neutral
เพราะ Snailwhite Gold มีสารสกัดเมือกหอยทากและสารสกัดจากสาหร่ายสีแดง ฟื้นคืนความอ่อนเยาว์ เพิ่มความชุ่มชื่น เพื่อผิวหน้ากระชับเรียบเนียนคุณและคุณแป้งเห็นน้องๆในบริษัทใช้ จึงซื้อมาลองใช้ตาม แล้วรู้สึกว่าได้ผลลัพท์ที่ดี จึงได้ใช้ประจำ จนทาง snailwhite ทราบ จึงได้เชิญให้เป็นพรีเซ็นเตอร์ snailwhite gole ซึ่งมีส่วนผสมของทองคำ เหมาะกับวัยและผิวของคุณแป้งค่ะ,neutral
จิงหรือป่าวว?? น้าา,neutral
ฮาเรียวไง จะใครล่ะ (ชื่อไร ใครจะบอก),neutral
ขับสบายจิง แต่นั่งสบายสุด แคมรี่ตัวเก่า เบาะฟินมาก,positive
คงต้องยอมเพราะยุคนี้เน้นประหยัดน้ำมัน แต่cvt 1.8ในnewaltis ขับสนุกได้ฟิวatแบบเดิมนะครับ,neutral
ผลิตภัณฑ์ Shiseido Essential Energy มีแพ็กเกจจิ้ง Shiseido Essential Energy มี 64 รูปทรง EssentialEnergy ShiseidoThailand,neutral
ถ้าเรามีบุหร่ไฟฟ้า...เราต้องพกใบกำกับภาษีก้วยใช่ไหมค่ะ,negative
นัวพอมั้ยเจ้าคะ ฟินเหมือนดังฝันไป Guruอิ๊งค์พาชิม TheMallThailand TheMallShoppingCenter TheMallGuru ไม่ดูยูเอ้าท์ บาร์บีคิวพลาซ่า BarBQPlaza บุพเพสันนิวาส,positive
คืนความผ่อนคลายสู่ผิวด้วยผลิตภัณฑ์สุดล้ำค่า แล้วผิวสวยจะอยู่กับคุณไปตลอดกาล The history of whoo Bichup Collections เลือกซื้อทันที : สั่งที่ INBOX เลย >>> พบกับการแต่งหน้า ด้วยส่วนผสมจากธรรมชาติ เพื่อความงามเหนือกาลเวลา - เคาน์เตอร์ เดอะ ฮิสทรี่ ออฟ ฮูว์ สาขาสยามพารากอน ชั้น M โซนบิวตี้ฮอลท์ - เซ็นทรัลปิ่นเกล้า ชั้น 1 - เซ็นทรัลลาดพร้าว ชั้น 1 โซน บิวตี้แกลอเรีย - เซ็นทรัลชิดลม ชั้น 1 -- สาขาเซ็นทรัลเวิลด์ (ฝั่ง ZEN ชั้น 1) พบโปรโมชั่นอื่นๆได้ที่เว็บไซต์,neutral
โลตัสพัทยาเหนือ..คุ้มค่ะ ที่ไหนให้หมูน้อย มาที่นี่เลยค่ะ อร่อย คุ้ม,positive
ก้อนขอส่วนลดที,neutral
อยากไปเขาดินน 55,positive
อยากกินน,positive
"โคโรลาโดสามารถเริ่มดาวน์ 29,000 ค่ะ",neutral
"“ขอบคุณมากครับ,ค่ะ” วินาทีน่าจดจำ เมื่อนายอุบล คล้ายทอง หัวหน้าโรงภาพยนตร์ลิโด มัลติเพล็กซ์ ปิดประตู Lido3 อย่างเป็นทางการหลังจบการฉายรอบสุดท้าย จากนั้นผู้บริหารและเจ้าหน้าที่ได้กล่าวคำขอบคุณแฟนๆ ที่ผูกพันร่วมกันมาตลอด 50 ปี ลิโด TheStandardCo",positive
//มองบน ถ้ารู้ว่าเป็นมะเร็งตั้งแต่ต้นๆ ก็รักษาหายได้นะคะทีรัก ไม่ใช่เป็นมะเร็งแล้วตายเลย แค่รู้จักไปตัวสุขภาพประจำปีดีๆทุกๆปี ก็พอแล้วนะที่รัก ที่บ้านเราตายเพราะมะเร็งเยอะๆเนี่ย เพราะไม่ได้ไปตรวจกันสุขภาพดีๆกัน ไปหาหมอแค่ตอนป่วยหนักๆ แล้วไปไปตรวจก็จ๊ะเอ๊ ระยะสุดท้ายกัน //มองบนอีกด้าน,neutral
ตังจะซื้อของยังไม่มีเลย55,negative
เศร้าเพราะฮงวอน ตื้นเต้นสงสัยงุนงงกับกฎของงานกับshow dc และตกใจกับงงค่ดๆกับงานbslกูณตอนนี้,negative
เรามีช่วงนึงแดกเหล้าหนัก จนไม่สบาย นน.ลดเกือบ10โล เข็ดสัสเลยเลิกแดกเหล้า สุขภาพก็ดีผอมอีกต่างหากขอบคุณแสงโสมที่ทำให้มีทุกวันนี้,negative
เคยลองม้ะ ของดีราคาย่อมเยาว์ป่าว,neutral
จะไปแดกเซตนี้คนเดียวเอาให้พุงแตก,positive
อยากกินเป็ด,positive
ใช่ๆๆ ลิ้นเเทบขาด,negative
เหมาซัก 3โคน,neutral
รีดสีดวงทวารหนักกับมะเร็งทวารหนักต่างกันไหมครับเพราะตอนนี้ผมมีก้อนเนื้อโผ่มาทางทวารหนักแต่ยังไม่ได้ไปหาหมอ,neutral
เข้งที่ 3,neutral
สยามสแควร์วัน ไม่ร่วมรายการค่ะ ^^,neutral
เอาแค่นิค 18 มิล ใครเค้าใช้กันตอนนี้ถามจริงๆ นิค 6 อัดไม่กี่ปื้ดก็เมาละ สูบเกินอ้วกอีก,neutral
ขายเบียร์ขวดเขียว ส่วนตัวอาคารก็เจ้าของเดียวกับเบียร์ขวดเขียว,neutral
ชม Nissan GT-R เครื่องยนต์วางกลางในจินตนาการ,neutral
มันมีหลายรสน่าลองwww ฟูลมูนเคยเห็นแม่กินแต่ยังไม่เคยเลยค่ะ u u นี่ถ้าติดมหาลัยจะลองหลายๆรส /แล้วก็เมาแตก---,negative
จากบทความรถใหม่ 2018-2021 ของพี่จิมมี่ เผยว่า March ใหม่มาครับ มาพร้อมกับ Almera ใหม่,neutral
คันต่อไปทาสด้าแน่ๆ แต่ตอนนี้ติดแก๊สก็ประหยัดกว่ามาสด้า2นิดๆ. อยู่ดีๆไม่เจ็บตัวดีกว่า,neutral
บัตรสมาชิกมีลายให้บริการตามแถวแรกค่ะ ^^,neutral
นี้คือ อาการแพ้ หงษ์ทอง จนอายุ 26 ปี พึ่งจะมามีอาการ ?? กินแค่ แก้ว สองแก้วเองนะ ผื่นคันแดงตรงหน้าอก,negative
ลุ้นตั๋วหนังฟรีด่วนๆ กับ Happymeal ชุด Building Block รอบที่ 1 แค่ไลค์และแชร์โพสนี้ พร้อมโพสท์ใบเสร็จ เมื่อซื้อชุดแฮปปี้มีลชุด Building อย่างน้อย 2 ชุด (สามารถแยกใบเสร็จได้) ผู้ร่วมสนุก 20 คนแรกที่ทำถูกต้องตามกติกา รับเลยบัตรชมภาพยนตร์ในเครือเมเจอร์ฯ 1 ใบ เล่นก่อนมีสิทธิ์ก่อน ได้ก่อนแน่ๆ แจกจริง แจกไว แจกรวมทั้งสิ้น 4 รอบ ประกาศผลทางหน้า fb.com/mcthai รู้แล้วเล่นเลย 😍,neutral
กด Like เพจ LiketoBuy ลุ้นที่ปิ้งขนมปังพี่ก้อนกัน เพจนี้แจกจริง,neutral
20 สรรพคุณที่คาดไม่ถึงของ “ต้นหอม” ขับเหงื่อ ลดไข้ บำรุงหัวใจ ลดไขมันในเส้นเลือด ป้องกันหวัด บำรุงไต บำรุงสายตา บำรุงสมอง เสริมสมรรถภาพทางเพศ กระตุ้นให้มารดาหลั่งน้ำนม เพิ่มน้ำนม ฯลฯ 1. ใช้แก้หวัด คัดจมูก น้ำมูกไหล 2. ป้องกันโรคหวัดเย็น ปวดศีรษะ คัดจมูก จมูกอักเสบ 3. แก้ฝีหนองบวมปวด แก้อักเสบบวมแดง 4. รักษาอาการฟกช้ำเนื่องจากถูกตี 5. รักษาอาการปวดท้องเนื่องจากความเย็น 6. รักษาเด็กท้องอืด ท้องเฟ้อ อาหารไม่ย่อย 7. ปัสสาวะ อุจจาระขัด 8. บรรเทาโรคบิด 9. เป็นยาบำรุงไต 10. บำรุงสายตา 11. เสริมสมรรถภาพทางเพศ 12. กระจายเลือดคั่ง 13. รักษาอาการเลือดกำเดาไหล 14. ทำให้ร่างกายอบอุ่น เพิ่มอุณหภูมิร่างกาย 15. บำรุงสมอง 16. กระตุ้นให้มารดาหลั่งน้ำนม เพิ่มน้ำนม 17. ขับพยาธิ ขับพยาธิเข็มหมุด พยาธิตัวกลมในเด็ก 18. ลดไขมันในเส้นเลือด โดยการกินสดๆ อย่างต่อเนื่อง 19. ขับเหงื่อ ลดไข้ 20. บำรุงหัวใจ สูตรต้นหอมขับเหงื่อ_ลดไข้ ต้นหอม 5-6 ก้าน ต้มกับขิง 2 แว่น กรองน้ำดื่ม ช่วยขับเหงื่อ ลดไข้ ต้นหอมสด 100 กรัม ให้พลังงาน 32 กิโลแคลอรี ประกอบด้วย โซเดียม 16 มิลลิกรัม คาร์โบไฮเดรต 7.3 กรัม เส้นใย 2.6 กรัม น้ำตาล 2.3 กรัม โปรตีน 1.8 กรัม โพแทสเซียม 276 มิลลิกรัม นอกจากนั้น ต้นหอม ยังมี แคลเซียม ฟอสฟอรัส เบต้า-แคโรทีน มีสารฟลาโวนอยด์ บางชนิดซ่อนอยู่ในใบของต้นหอม เช่น เควซีทีน สเปริโอไซด์ ซึ่งเป็นเกราะป้องกันมะเร็ง ให้กับคนได้ “ต้นหอม” ยังมีสารในตัวอีกมากกว่า 10 ชนิด กินแล้วได้คุณค่าประโยชน์ต่อร่างกาย มีน้ำมันหอมระเหย บรรเทาอาการหวัด มีสารฟลาโวนอยด์ต้านมะเร็ง ต้นหอมเป็นพืชล้มลุกขนาดเล็กตระกูลเดียวกับกระเทียม มีหัวสีขาว หรือบางต้นมีสีม่วงแซม อยู่ใต้ดิน ทำหน้าที่สะสมอาหาร ใบเป็นท่อยาว ปลายแหลม ภายในกลวง ดอกมีสีขาวออกเป็นช่อ ก้านช่อดอกยาว ช่อดอกเมื่อบานมีลักษณะคล้ายร่ม มีดอกย่อยเป็นจำนวนมาก ต้นหอมกินได้ทั้งใบ ดอก และหัว มีกลิ่นฉุนและรสซ่า นิยมนำไปกินเป็นผักเคียงกับอาหารชนิดอื่นๆ เช่น ข้าวหมูแดง ส่วนใบใช้ตกแต่งโรยหน้าอาหาร และใส่ในต้ม ผัด ยำ แกงต่างๆ หรือนำไปดอง ชื่อวิทยาศาสตร์ Alliumcepa var. aggregatum ชื่อสามัญ Green Shallot วงศ์ Alliaceae ชื่ออื่นๆ หอมแบ่ง ** **,neutral
มึงเนี้ยรีบตลอด55,neutral
ฮ่าๆๆ,neutral
กินไก่ทอดทำสถิติกินเยอะที่สุดในเวลา10 นาที อิอิ,neutral
อยากกินนักเก็ต,positive
จากแคมเปญ Native Advertising ที่ดู Creative ก็กลายเป็นดราม่ากันได้ หลายคนอาจจะแย้งว่าดูออกว่าเป็นโฆษณา แต่เราคงต้องเปิดใจยอมรับกันด้วยว่าหลายคนอาจจะไม่ได้รู้เท่าทันเหมือนกับเรานะครับ,neutral
ทิกเจอตอนเคี้ยวจะสัมผัสกรุบๆ,neutral
670 บาทค่ะ,neutral
อร่อยป่ะ,positive
อยากสั่ง​ท่านที่บ้าน​ แบบสั่งกลับบ้าน​ เพราะที่ผู้สูงอายุ​ไม่สะดวกมาทานที่ร้าน แต่​พนงบอกสั่งกลับบ้านไม่ได้​ งง​ ุุสาขาบิ๊กซี​เอ๊กซ์​ตร้า​สุขาภิบาล3,negative
แล้วก็บาบีก้อนที่ครูก้อยช่วยออกพันนึงแล้วแต่ยังเสียกันคนละ 200 คือแดกกันประหนึ่งไม่ใช่คน ละทั้งโต๊ะมีไม่ถึง 10 คนอ่ะ 55,negative
โรงงานเดียวกันแต่แยกบริษัทย่อย เหมือน เบียร์ช้าง/เบียร์สิงห์ /เบียร์ลีโอ เหมือน ร้าน 7-11 กับร้าน cp freshmart,neutral
New Pajero Sport.,neutral
วันเกิดกูไงง ไปกัน,neutral
ชาวเวปเจอเดินผ่านนี่น่าจะโดนหนัก,neutral
พาเด็กชายมากินสิ,positive
โค้งสุดท้าย! มาร่วมสนุกกับกิจกรรมจากรองพื้นลอรีอัล ปารีส ทรูแมช ที่ร้าน Eve & Boy สาขา แฟชั่น ไอส์แลนด์ได้ เรามีทั้งบริการเลือกเฉดรองพื้น 13 เฉดและแต่งหน้า Touch Up ฟรี! ที่สำคัญยังมีเกมส์ชิงของรางวัลจากรุ่น True Match มากมาย และบูธถ่ายรูปเก๋ๆ ภายในงานเวลา 11:00 น. - 20:00น. TrueToMyShade TrueMatch LorealParisTH,neutral
🚨3 วันสุดท้าย! กับโปรโมชั่นดีๆ ทั้งลด ทั้งแถมสินค้า Hada Labo หลากหลายสูตรที่ Tops ทุกสาขา ห้ามพลาดโดยเด็ดขาดค่ะ HadaLabo Promotion,neutral
ฟานี่ใช้น้ำหอม Chanel Chance eau Tendre อ่อ ฮืออ นี่ชอบมากก แต่ราคาไม่ใช่เล่นเลอ ฮอลล รอมีเงินเดือนเป็น…,negative
กลมๆมี บะหมี่ยก ล้อมไว้ ข้างในเป็น หมู และมี ชีส อยู่ด้วย 😀,positive
Tonight..เรามีของขวัญมาฝาก 27/12/17 FREE ENTRY...ฟรีค่าเข้า..เหล้าฝากเบิกได้!!! พิเศษสุดท้ายล่ะนะ มา 2 ท่าน ก่อน 5 ทุ่มฟรีอะไรน๊า 1 ขวด RESERVATION & INFORMATION | ID Card 20+ ☎️ 02-222-22 (18:00 - 02:00) ITCHY WAREHOUSE ChivasX Chavas12 Jameson Ballantine Absolut FreeHundredPipers RoyalStag Singha Kronenbourg Carlsberg,neutral
อยากกินแสงโสมอ่ะ 55,positive
💥โมโหมาก เสียรู้ไม่เรียก Grab หรือ Line Man เพราะเห็นว่าแท็กซี่นี่จอดอยู่พอดี เลยเดินไปเปิด ตอนแรกล็อคประตูอยู่ ละปลดล็อคให้เรา พอขึ้นไปนั่งปิดประตู... เรา: ไปเซ็นทรัลเวสเกตครับ มัน: ผมบอกหรอว่าจะไป? /ก้มหน้าเล่นโทรศัพท์ต่อ ได้หรอวะ คือถ้าไม่ไปจะปลดล็อคทำไม? มึงเป็นเหี้ยไรอะ,negative
บอกต่อได้บุญ!! เผย 15 อาการเริ่มต้นของ “มะเร็ง” เช็คด่วน ก่อนรักษาไม่ทัน!! (รายละเอียด),neutral
งานนิสสันมาแล้ว,neutral
วันนี้มั้ยย,positive
งื้อออ,neutral
ถ้าปิดโลโก้ นึกว่ามาสด้า ภายใน พวงมาลัยยังเหมือน มีจอตั้งอีก,neutral
ประตูตัวใหม่คับ,neutral
ชื่อก็บอก BLEN 285 เบียร์ช้างอาร๊ายย,neutral
เข้าห้างครั้งแรกครับช่วยแนะนำเมนูแม็คโดนัล อร่อยๆทีครับ🧐,positive
หร่อยนะ,neutral
ยืมก่อนก่ได้,neutral
แมคเด่อมอปิดไปแร้วว ร้องง,neutral
เพิ่งไปกินมา อิ่มมากกก😋😋,neutral
บอกเองนะ งั้นฮอทพอท55,neutral
"เต่า หลังสวน ควง ""โฟน เนวาด้า""เข้ารอบ 32 คน รอบ 16 คนมันส์สุดๆ ""พุฒ อุบล"" ชน ""อาร์ท โคราช"" .. ศึกสอยคิว ""SM SangSom 6 Red Open 2017"" สนามที่ 3 ณ เอสเอ็ม สนุกเกอร์ คลับ วันที่ 15 ต.ค. จอมสอยคิวระดับตำนวน ""เต่า หลังสวน"" (กาญจณ์ไชย วงศ์จันทร์) จูงมือดาวรุ่งรุ่นหลาน ""โฟน เนวาด้า"" (ณรงค์เดช ตาขันทอง) ผ่านเข้ารอบ 32 คนได้แบบสบายๆ เช่นเดียวกับมือดีๆอย่าง ""ป้อม เนวาด้า"", ""เติ้ล โคราช"", ""เจี๊ยบ แมนยู"", ""พล ศรีราชา"", ""เตี้ย ขอนแก่น"" ฯลฯ ส่วนในรอบ 32 คนที่แข่งในรอบสุดท้ายของวันนี้ ""พุฒ อุบล"" (ประวิทย์ วรรณแสง) เฉือนเอาชนะนักแทงร่างโย่ง ""โก้ โคราช"" (ชัยวัฒน์ อ่อนวาจา) 4-3 เฟรม ผ่านเข้ารอบ 16 คน ไปชนกับ ""อาร์ท โคราช"" (อัครเดช วีระสัตรา) ที่เอาชนะมือดีจากลาวที่ข้ามฝั่งโขงมาแข่ง ""สุลิยา มีนาลาวงค์"" 4-2 เฟรม ซึ่งในวันพรุ่งนี้จะเริ่มทำการแข่งขันในเวลา 11.00 น. ทางเพจ SnookerSociety จะแชร์มาจากเพจ SangSom 6 Red ให้ได้ชมกันทุกคู่ .. เรื่อง : แอดฯชัช ภาพ : โต้ง แสงโสม",neutral
โตโยต้าประกาศนำ Amazon Alexa มาใช้งานบนรถยนต์ | Blognone Toyota Alexa ArtificialIntelligence Automobile,neutral
น่ากินเนอะ,positive
ผมก็แยกสูบนะครับ แต่บางครั้งลมมันพาไปครับป๋า,neutral
เฮียครับวีออส ตอนติดเครื่องอาการเหมือนจะไม่ติด แต่ติด เกิดจากอะไรคับ,neutral
อยากกินอ่ะดิ๊!!ไปไม๊??,positive
นิสสันแข็งแรงทนทาน ประหยัดน้ำมัน ขับขี่ใกล้ไกลปลอดภัย ต้องนิสสัน,neutral
อีกมั้ย555,neutral
เบียร์ช้างคักๆ,neutral
ขอบคุณทุกๆท่านครับ,positive
อย่กเสริม ข้าวก็ไม่ร้อนเวลาเสิร์ฟ. เป็นทุกครั้งที่สั่งค่ะ,negative
ขอให้สู้กันต่อไปค่ะ,neutral
พัทยาไม่ร่วมรายการค่ะ มีสาขาที่ร่วมรายการดังนี้ค่ะ เซ็นทรัล ชลบุรี โลตัสบ่อวิน ชลบุรี โลตัส บ้านบึงชลบุรี ^^,neutral
เหี้ยคับ แค่บุหรี่ไฟฟ้า,negative
ขอบคุณทุกท่านที่เป็นปากเป็นเสียงเพื่อคนอื่นครับ ความดีที่ทำไม่แพ้ตูนที่วิ่งขอเงินบริจาคเลยครับ,positive
ไปกินเซนทรัลบางนามา ซูซิแข็งมาก มีหน้าไห้เลือก 3 อย่าง 👎,negative
แสงโสมนะไอสาสส,neutral
ที่ไหนจัดเลยมั้ย55,neutral
ราชบุรีไม่มีชื่อในสาขาร่วมโปรนี้ ...,negative
เอานัคเก็ต,neutral
ก้อน จะปีใหม่แล้ว ไม่คิดขะลดน้ำหนักบ้างเรอะ🤣🤣,neutral
คิดถึง Clarins นึกถึง ผลิตภัณฑ์สกินแคร์และเครื่องสำอางค์ อันดับ 1 ของประเทศฝรั่งเศส ที่มีหลากหลายรูปแบบทั้ง หลากหลายสูตรให้เราได้เลือกให้เหมาะกับสภาพผิวของแต่ละคน ค่ะ Clarins InstantLightLipComfortOil,neutral
ไหว้เจ้าเสร็จ กินสปายดับเครียด. นอนเลย เหมือนเอาเท้ามาพาดบ่นบ่ามคันใต้กว่าเท้า อย่าแรง,positive
ไม่ชอบแบบ 4 ช่องเลย หม้อเล็ก แค่ 2 ช่องยังมีไม๊ ไม่ก็ช่องเดียวไปเลย,negative
เปิดมุมมองใหม่ด้วยซันรูฟ พร้อมระบบ One-touch ใน Honda Accord Hybrid ในอีกระดับให้กับรถของคุณ สัมผัส ฮอนด้า แอคคอร์ด ไฮบริด แบบ 360 องศา ได้ใน,neutral
"ฝากประชาสัมพันธ์หน่อยนะค๊ะ โรงพยาบาลพญาไท 3 ผ่าตัดเปลี่ยนข้อเข่า และตาต้อกระจกฟรี!!! 70 ข้อเข่า 70 ดวงตา - ผู้ที่มีรายได้ครัวเรือน ไม่เกิน 15,000 บาทต่อเดือน - อายุ 50-80 ปี แค่ช่วยกันส่งต่อ...ก็ได้ทำดีแล้วเค้ามีโอกาส หาย เราก็ได้บุญ แค่ช่วยกันส่งต่อ... พวกเค้าก็ไม่ต้องรอ.. โอกาสอีกต่อไป.. ขยายเวลาถึง 05-ธ.ค.2560 สอบถามเพิ่มเติมโทร. 1772 รับใบสมัครได้ที่ โรงพยาบาลพญาไท",neutral
เมื่อไหร่อิรูปเนื้อบาบีก้อนนั่นจะหมดไปจากไทม์ไลน์กุซักทีวะ,negative
เชียร์สด สนุกเกอร์ SangSom 6 Red World Championship 2017 ที่ BCC HALL เซ็นทรัลพลาซ่า 🔥รอบชิงชนะเลิศ 🏆เชียร์ด F1 🇹🇭 แข่งระบบ 8 ใน 15 เฟรม 👉เทพไชยา อุ่นหนู (ไทยแลนด์) (vs) มาร์ค เจ วิลเลี่ยมส์ (เวลส์) 👉เริ่มเวลา 15.00 สด: True4U ⭐️FW IPTV SPORTS⭐️ LINE ID: (ใส่ @ ด้วยจ้า),neutral
📣📣📣 ภาพสวยๆ มาแล้วจ้า 📣📣📣 บรรยากาศการแข่งขันคัดเลือกตัวแทน Wall8 Futsal ในรายการ Singha Football League 2017 🥅⚽🏃‍♂️🏃‍♀️ เข้าไปชมกันได้ตามสะดวกเล้ย 😘 Wall8Futsal SinghaFootballLeague2017,neutral
แข็งแกร่งขั้นเทพ,neutral
หิวอ่ะ 😂😂😂,positive
ป่ะ ๆ หลายรอบ ไม่ได้ไปสักรอบ,positive
เยส ลายเบียร์สิงห์55,neutral
ดูสเป็ครถระหว่างคัมรี่กับแอคคอร์ด ปี2018 อะไรที่เข้าไทยมักถูกถอดออกหรือไม่นำเข้าจริงๆ ดูอะไรมา ชอบอะไร ไม่มีในไทยทั้งสิ้น แล้วก็พับโครงการเปลี่ยนรุ่นทันที เอวัง 😒,negative
! แค่อยากดื่มน้ำผลไม้เฉยๆ ไม่ได้ไรเลยจริงจริ๊งงง Absolut AbsolutThailand,neutral
ศ นี้เลยนะ,positive
สาขาเราไม่มีน้าาา,negative
กล่องข้าว,neutral
เด๊ยวๆๆนะ พี่ทำงานแล้วแจ้งอีกที,neutral
เบียร์ช้าง110บาทต่อขวด,neutral
5 จุดครับ,neutral
"🎉ลุ้นรถ...ลุ้นทอง! “วันเสาร์ที่ 10 ก.พ. นี้” พบกันในงาน Mitsubishi Happy Festival @ “โชว์รูมมิตซูอยุธยา สนญ.วังน้อย” เปิดลงทะเบียนตั้งแต่เวลา 10.00น เป็นต้นไปนะคะ🎉 🎁ลงทะเบียนเข้างาน! ลุ้นรับทองฟรี! 🎁จองรถในงาน! ลุ้นรับมิราจฟรี! 🎁มินิคอนเสิร์ต! “จ๊ะ อาร์สยาม” 🎁ก๊อปปี้โชว์! พี่ตูน บอดี้สแลม/แจ๊ซ ชวนชื่น/หญิงลี 🎁การประกวดหนูน้อยแฟนซี! ชิงเงินรางวัลรวมกว่า 20,000.-บาท 🎁อาหารและเครื่องดื่มฟรี! ตลอดงาน 🎁ของรางวัลเพียบจัดเต็ม! MitsubishiHappyFestival มิตซูอยุธยา งานนี้ห้ามพลาดนะจ๊ะ - - - - - - - - - - - - - - - - - - - - - - - - - สนใจร่วมกิจกรรม สอบถามเพิ่มเติมได้ที่: วังน้อย☎️035-950-155 อยุธยา☎️035-235-015 สายเอเซีย☎️035-329-222 เสนา☎️035-289-999",neutral
ไมเนอร์เชนจ์ใหม่ เปิดตัวที่ญี่ปุ่น ราคาเริ่ม 6 แสนนิดๆ,neutral
ปัจจุบันมีให้บริการสมัครสมาชิกบัตร MK Red Card ราคา 99 บาทนะคะ ^^,neutral
ปิดสาขาเดอะมอลบางกระปิ ทำไมคับ,neutral
ขอ คำแนะนำ ทางหนีที่ไล่ ถ้าเจอเหตุการณ์ แบบนี้ ครับ รายชื่อที่ยื่นไป ผลออกเมื่อไรครับ,neutral
บวกก,neutral
มื้อเที่ยงสุขสรรค์,neutral
เพราะใช้สินค้า Snailwhite Gold เป็นประจำอยู่แล้ว ทำให้หน้าดีขึ้น อ่อนกว่าวัย ช่วยบำรุงผิวให้ดูดีตลอดเวลา ที่สำคัญ ราคาไม่แพง,positive
ยาริสตัวธรรมดาด้วยคับราคาไม่กี่บาทเองคับ,neutral
จังหวัดนครปฐม มีที่ไหนบ้างครับ,neutral
พระราม9,neutral
ซื้อบอนชอนไปแดกบาบิกอนไง,neutral
น้ำผึ้งขอขอบพระคุณ คุณลูกค้าที่ให้ความไว้วางใจและเลือกใช้ผลิตภัณฑ์ Oriental Princess นะคะ,neutral
กินอ๋อ,neutral
ไม่วางซับพล็อตละ รำคาญ โยนทิ้ง สิ่งที่ทำให้นิยายไม่ตันคือซับพล็อตเนี่ยแหละ แต่ถ้ามันมีเยอะ ๆ ค่ดปวดหัวรำคาญ ด้นสดเอาพอ รำ!!!,negative
หื้อเจ้เดียร์เลี้ยงๆ,neutral
ผ่านไม่ผ่านมันอยู่ที่ใครได้เสียผลประโยชน์ประชาชนอย่างพวกเราเป็นแค่เหยื่อ😡😡,negative
คิดถึง KFCครับ มันอร่อยกว่า,negative
งุ้ย,neutral
เสียค่าเตาย่างเพิ่มไหมครับ,negative
"การลดการอักเสบ คลายกล้ามเนื้อด้วยคลื่นเสียงความถี่สูง ( US ) , การกระตุ้นไฟฟ้าเพิ่มกระแสประสาทใบหน้าอ่อนแรงรักษาโรคปากเบี้ยว , การลดความตึงตัวกล้ามเนื้อ กระชับข้อต่อในผู้ป่วยปวดไหล่ :: คลินิกเปิดทำการทุกวัน จันทร์ - ศุกร์ 10.00 - 20.00 น. เสาร์ - อาทิตย์ 9.30 - 18.00 น. โทรสอบถามนัดเวลา 099 - 999 99",neutral
เออน่ากิน,neutral
เพราะคุณแป้งเห็นน้องๆใช้ครีมตัวนี้ เลยลองใช้บ้างแล้วดี ทาง snail white เลยชวนให้มาเป็นพรีเซ็นเตอร์,neutral
บุหรี่ไฟฟ้านะโว้ยไม่ใช่ยาบ้าไอ้สัส,negative
มี มันลดยุพักนึงละ,neutral
แดกช้างมาแรงดีนะมึง,neutral
พักชมสิ่งสวยๆงามๆกันบ้างค่ะ เครียดมาทั้งวันแล้ว,positive
"รดน้ำดำหัวผู้ใหญ่ค่ะ , เล่นน้ำ , แต่งหน้าค้าา สวยกล้าท้าทุกแสง คู่หูท้าแดด kmacosmetics",neutral
มานี่ๆๆๆ,positive
ถ้าเป็นเด็กรุ่นใหม่ อยากไปเลือกตั้ง ต้องพยายามหาข้อมูลขั้นตอนในเรื่องนี้ใส่หัวไว้หน่อย ว่าใครจะมาประกาศสุ่มสี่สุ่มห้าไม่ได้ เรื่องนี้ (วันนี้) อยู่ในพระราชอำนาจ ไม่ใช่มาเย้วๆ จะเลือกตั้งๆ เหมือนเด็กอมมือ,negative
แงะ เบียร์หมีหิมะไม่อร่อย จะไม่ลองกินแอลอีกแล้ว,negative
อันนี้ก็กิน อร่ยจริงๆๆๆ ดีกว่าsmirnoff,negative
คนบ่นไม่ซื้อ คนซื้อไม่บ่น เจาะความแพง FORD RANGER RAPTOR: บ่นกันเยอะเรื่องราคาที่แพงแสบตับ…,negative
อ๊อด เบียร์สิงห์. พาพี่โอ๊ตไปกัน,neutral
ม้ากี่ตัวนิตัวนี้ วันนี้ลองกะรีโว่เจ้าถิ่นทางขึนอ่างขาง มันจี้ๆๆๆ จะแซงให้ได้ กดไม่ให้แซง 555 พอเจอช่วงเขาชันยาวๆ หายจ้อย55 สงสัยรีโว่จะไต่เกียร์3ไม่รอด มันลงเกียร์2รอบเลยช้า ทั้งชันทั้งยาว,neutral
เบียร์จังไม่รู้จัก รู้จักเบียร์ช้าง55,neutral
มันเอามาดุดเองไม่ก้อให้พวกลุกน้อง,neutral
เหมือนกันเป๊ะ ไม่รู้จะอธิบายให้เค้าเข้าใจได้อย่างไร 😰,negative
กาวผ้าอนามัยมันทำมาเหมือาเหนียวแน่น ยกเว้นกับ กกน.TT,negative
ทำบัตรเสียค่าสมัครเท่าไรค่ะ,negative
ความสูงเกินแล้วไอ้หวานอะ,neutral
อันนี้น่ากินอ่ะ,positive
เคยเจอเหมือนกัน เกือบจะหยิบมาซับหน้าตอนเปิดฝาหม้อแล้วโดนไอน้ำ,negative
บอกลา...ผิวลาเต้กับนีเวีย ซัน เดลี่โพรเท็ค SPF 50 ครั้งแรกของครีมกันแดดที่ให้การปกป้อง แต่บางเบาดุจเสื้อกันแดดล่องหน โดยมี วี วิโอเลต วอเทียร์” นั่งแท่นพรีเซนเตอร์สาวคนล่าสุด ☀️ พบกับการปฏิวัติกันแดดเนื้อเซรั่มสุดบางเบาสำหรับผิวของคุณในทุกๆวันได้แล้ววันนี้ที่ร้านค้าสะดวกซื้อและร้านค้าชั้นนำทั่วประเทศ,neutral
ฉันนั่งฟังเพลง บ่ได้กินเหล้ากินเบียร์คือเทอ พอต้องเตรียมเงินไปหลายๆไว้จ่ายค่าเหล้าเบียร์ ยูโนว,neutral
อุปสรรคครั้งสำคัญของชีวิต คือ หลงป่าค่ะ ติดอยู่ในนั้น5วัน เกือบตาย ดีที่รอดชีวิต มีเจ้าหน้าที่มาช่วยไว้ สิ่งที่ทำให้เราก้าวผ่านอุปสรรคมาได้คือ ความรู้รอบตัวค่ะ เพราะต้องหาน้ำ หาของป่าประทังชีพ แล้วต้องคอยหลบสัตว์ป่าด้วย ถามว่าเข็ดไหม คงตอบว่าไม่ เพราะเราชอบเดินป่า แต่ถ้าไปอีกจะไม่เดินหลงมาคนเดียวแบบนี้เด็ดขาดเลยค่ะ สู้ให้สุดอย่าหยุดที่อุปสรรค MitsubishiTriton,neutral
นี่ว่าไม่จริง ที่พูดว่าเพื่อนถ้าสนิท ต่อให้ไม่เจอกันนานก็ยังสนิท คือจะสนิทได้ไงวะ ประสบการณ์ชีวิตต่าง ไม่มีสังคมจุดร่วม แถมความคิดนิสัยก็เปลี่ยน โตขึ้นบ้าง หรือจากใจดีก็กลายเป็นเก้วกาดบ้าง เอาอะไรมาสนิทเหมือนเดิม งง,negative
555ช่ายๆๆๆแดกเบคอนเสียหลัก,negative
เสียใจเลย,negative
คนเขียนกฎหมายมันเขียนไม่ดูหีดูแตดไรเลย มันรีบเขียนไปเยแตด,neutral
ถ้าเบียร์สด เขียวกินขาด,positive
"Hoegaarden, good beer!",neutral
ยุ่งยากจิง ต้องรู้ลวด ขนาดโอม แบต ฯลฯ ไม่ได้ใช้กันง่ายๆ,neutral
ตามหาบัตร Thailand Zocial award 2019 จัดที่สยามพิศเนศ ชั้น 7 สยามวัน 1 ใบ อยากได้มากจริงๆ ใครมีเสนอมาได้เลยค่า หาบัตร thailand thalandzocialaward ขายต่อ กดบัตร,neutral
อีกนิด ไม่ต้องดูไกล ซีพี เบียร์ช้าง ร้านทองเยาวราช ..,neutral
เรฟลอน โฟโต้เรดดี้ แอร์ บลัชเอฟเฟ็ค เมคอัพ ทุกเฉด ได้รับคูปองส่วนลดทันที 100 บาทในโปรโมชั่น Watson's Beauty in Summer (29 มี.ค. -25 เม.ย.61) รีบไปช้อปด่วน ก่อนหมดเขต 25 เม.ย.61 นะคะ กิจกรรมจากวัตสัน watsonsth,neutral
ลองแล้วรสนี้อร่อย... ชอบๆ,positive
กลับมาก่อนเด้อ55,positive
เดวเขาแกล้งแอ่,neutral
ได้ค่ะ ^_^,neutral
นิสส้น นาวารา กึ่งรถเก๋งกึ่งรถปิคอ้พ เเข็งเเรง ปลอดภ้ยไช้งานคุ้ม มืบ้ตรเติมน้ำม้นให้อืกด้วย,positive
ใจดีจางเลยยย ที่รักก,neutral
น่าแดก อย่าไข่หวาน55,positive
ผมรักเม้นนี้ ชัดเจน ทราบแล้วเปลี่ยน,positive
ชีวาส รีกัล ประกาศผลแคมเปญ Chivas Venture ปี 4,neutral
ไปถึงก็ชุดใหญ่ทุกที,neutral
ไม่ไป!,negative
กด❤ให้กับความเรียบง่ายของSPY Cooler ชอบรสชาติสุดคลาสสิค นุ่มละมุนละไม ดื่มง่าย เหมาะกับเราที่สุด,positive
ใหม่ เต้นสุดยอดมากก ปรบมือรัวว ต้องรีบไปหามาใช้แล้วแระ ลอรีเอะ,positive
น้ำยาหล่อเย็นวีออสรุ่น12ควรเปลี่ยนทุกกี่กิโลคับ,neutral
คอมเม้นพีค เลิกกินนน,negative
ตัดโฟมนีเวียแปะหน้า จบ,neutral
เซฟรูปไว้เลย,positive
Ford Everest ถอยมาได้2เดือน ขับด้วยความเร็ว120กม/ชม อยู่ดีๆก็มีอาการวืด กลางถนน เหยียบไม่ไป พอเข้าเชคศูนย์ สาเหตุคือ ท่ออินเตอร์ แตก อยากทราบว่า แบบนี้ทางฟอร์ด จะออกมารับผิดชอบอย่างไร ยังเป็นรถใหม่ป้ายแดง รู้สึกไม่ปลอดภัย จะเดินทางไปไหน จะแน่ใจได้ยังไงว่าจะไม่เกิดอะไรขึ้นอีก,negative
I love U Bear 🐻 🐻 🐻 Ubeer Ubear Udon TheHappyTime,neutral
หาแตกเลือดเองคะ เขาไม่ขายที่สาขา55,negative
เอ็มควอเทียร์ เฮลท์ โซไซตี้ เอ็กซ์โป 2017' รวมศาสตร์ชะลอวัยและเทคโนโลยีเพื่อสุขภาพ,neutral
จ. ชุมพร,positive
ฮาจะเลิกกิ๋นเบียร์ลีโออะหยังกู้อย่างตี้เกี่ยวกับBG ถ้าหมู่สูยังทำกับทีมเกิดบ้านฮาจะอี้...ควย,negative
จุดจบของคนทรยศอุดมการณ์ประชาธิปไตย ครูเวียง วรเชษฐ์ นักพูดฝีปากกล้าจากแดนอีสาน ตอนอยู่ พท คนฟังล้นหลาม คิดว่าตัวเองเจ๋ง พอย้ายไปอยู่กับประยุทธ ออกจากเพื่อไทย ไปพลังประชารัฐ ที่คนเข้าใจได้ว่าเป็นพรรคประยุทธ ไม่มีคนฟังพูดให้เก้าอี้ฟัง 😁🙄🤪🤣😂 เขาว่ามา👆🏼,neutral
ทำไมน้ำจิ้มไม่อร่อยเลยครับ,negative
Bt50pro เครื่องตัวเดียวกับฟอร์ดranger T6 มีปัญหาปั้มน้ำมันเครื่องเปราะเนื่องจากการใช้ปั้มเวน มีโอกาสพังทุกคัน ช่วงก่อนแสนโลจนถึงหลังแสนโลไปแล้ว มีวิธีแก้คือเอาปั้มแบบเกียร์มาใส่แทน,negative
ไม่นะ อันนี้คนเต็มใจดูดเองถ้าของดีกว่าคนก็ต้องเลือกสิ่งที่ดีกว่า บุหรี่จริงแพงทำร้ายสุขภาพ บุหรีไฟฟ้าลงทุนทีเดียวแต่อยู่ยาวเสียเงินน้อยกว่า ดีต่อตนเองละคนรอบข้างไม่ก่อมะเร็ง เถียงไม่ได้แล้วพาลอิอิ ไหนงานวิจัยของไทยเอามาโต้ดิ,positive
(คลิป) ซ้อมเดินขบวนพยุหยาตราสถลมารคเลียบพระนคร ในพระราชพิธีบรมราชาภิเษก เป็นการซ้อม ก่อนจะลงซ้อมในพื้นที่จริงช่วงกลางเดือน เม.ย.นี้ วันใหม่ไทยพีบีเอส ThaiPBS,neutral
ตั้งแต่เมื่อวาน ใครใช้งาน facebook ไม่ได้บ้าง ? (เช่น โพสต์ไม่ได้) เราเพื่อนกัน ทาง facebook ออกมาชี้แจงว่า กำลังเร่งแก้ปัญหาให้อยู่ แต่ยืนยันว่าสิ่งงที่เกิดขึ้นไม่ใช่เพราะระบบถูกโจมตี,neutral
"เดี๋ยวๆๆๆ รีโว่ พี่จะวิ่ง200 รอบแค่ 1,000 ผมว่า พี่คงต้องพักผ่อนบ้างแล้วครับ",neutral
ใครมันจะยอมขาดรายได้,neutral
จานขยาย ใส่ แคปติว่า มีไม๊ครับ ราคาครับ,neutral
ทำไมขึ้นว่า เลขบัตรไม่ถูกต้องหรือเลขนี้ลงทะเบียนไปแล้ว ทั้งๆที่ไม่เคยลงทะเบียนเลย งงอ่ะ,neutral
ผิวหน้าพังก็ปังได้❗️พิสูจน์แล้วจากคนใช้จริง!! หน้าฝ้า ผิวติดสาร หน้าโคตรพัง สิวอักเสบหัวหนอง ตัวช่วยมาแล้ววว ‼️ ทาเช้า - ก่อนนอน เท่านั้น ‼️ ฟื้นฟูผิวจากผิวชั้นใน ปลอดภัยมากก ‼️ ที่สุดของครีมสลายฝ้า รักษาสิว ผิวใส ชะลอวัย เห็นการเปลี่ยนแปลงใน 3 วัน❗️❗️❗️ winkwinkskincare,neutral
โออิรันนั้นเป็น ผู้หญิงแห่งความสุข หรือโสเภณีชั้นสูงในสมัยเอโดะ (1600 – 1868) ของประเทศญี่ปุ่น ซึ่งแตกต่างจากโสเภณีทั่วไปตามท้องถนนที่ถูกเรียกว่า ยูโจ โดยคำว่าโออิรันนั้นมาจากวลีภาษาญี่ปุ่น โออิระโนะโทโคโระโนะเน่ซัง ซึ่งแปลว่า พี่สาวของฉัน,neutral
ชอบจัง,positive
เตรียมพบกับ ฟอร์ด เรนเจอร์ แร็พเตอร์ ครั้งแรกของโลก ข้อมูลเพิ่มเติมเร็วๆ นี้ที่,neutral
ไปเล่นน้ำกัน,positive
งานบอลจบแล้วเจอกัน ! โค้งสุดท้าย !! สำหรับงาน kulov presents งานเลี้ยงประเพณี ครั้งที่2 บัตรใกล้จะหมดแล้ว ใครยังไม่ซื้อรีบๆหน่อยนะ! ซื้อบัตรได้แล้วได้ที่นี่ 3 กุมภาพันธ์ นี้ gmm live house ctw พบกันเวลา 6 โมงเย็นเป็นต้นไป ติดตามรายละเอียดเพิ่มเติมได้ที่ facebook : zaap line@ : แล้วเจอกัน ! ชีวิตต้องไม่สะดุด อย่าหยุดku zaapparty cutu,neutral
โปรโมชั่นดีๆต้องศูนย์นิสสันค่ะ สนใจแวะชมได้ค่ะ,positive
เห็นชื่อรุ่นตอนแรกนึกว่ามอเตอร์ไซค์ Honda Beat (บ้านเราขายชื่อ icon),neutral
ได้ innisfree แบบไม่เสียเงินกูสักบาท เเฮ่ๆๆ,negative
ลิปที่นัวที่สุดในเลิศหล้า Armani Lip Maestro 500 ทาแก้มก็ได้ ArmaniBeautyTH,neutral
ตอนแท็กกูหิวด้วย,positive
ถุกแท้กแล้วน่าน่าถุกเลี้ยง55,positive
จุดจำหน่ายตั๋วไทยทิกเก็ต(?) ตรงไหนวะ55ไปเซอร์เวย์มาแล้วแต่ก็ไม่เห็นแฮะ showdc,negative
พี่จ่ายเต็ม พวกเเกจ่าย ส่วนลดเอา,neutral
รอทีตังก่อนน้อออ.,positive
"Joe Root กัปตันคริกเก็ตทีมชาติอังกฤษ ถูกคู่แข่งทีมเวสต์อินดีสล้อว่า ""ชอบผู้ชายเหรอ?"" หวังทำให้เสียสมาธิ เขาตอบกลับว่า ""การเป็นเกย์ไม่ใช่เรื่องผิดอะไร"" เขาได้รับคำชื่นชมมากมาย ส่วนคู่แข่งถูกแบนและปรับเงิน ปล.แมตช์คริกเก็ตสากลจะมีไมค์อยู่ที่พื้น ผู้ชมจะได้ยินเสียงนักกีฬาคุยกัน",neutral
ไป ไปหมดอะสัส อยาก,positive
เบียร์ช้าง ต้องคู่กับใบหม่อนจิ รับรอง,neutral
กินมาจนนับขวดไม่ได้ของเขาดีจริง. รูปโปรฟายยังเป็นช้างเลย,positive
ก็อย่างว่าละครับอะไหล่ toyota หาง่ายมีให้เลือกเยอะและราคาถูกกว่า honda,negative
อีสัส,negative
สอบถามครับโตโยต้ายังมีเกียร์ออโต้เบนซินในรุ่นตอนครึ่งไหมครับ,neutral
➡️➡️INTELLIGENT HYBRID เหนือระดับสำหรับทุกเส้นทาง เต็มที่ได้ไม่ว่าจะบนทางเรียบในวันทำงานหรือทางลุยในวันพักผ่อน ที่ออกแบบอย่างสมบูรณ์แบบทุกรายละเอียดตามหลักพลศาสตร์ ผสานการทำงานของเครื่องยนต์จากเทคโนโลยีชั้นสูง พร้อมระบบเกียร์แปรผันอัจฉริยะ เพื่อมอบพลังขับเคลื่อนที่เหนือกว่า แต่ประหยัดน้ำมันเป็นเลิศตอบสนองต่อทุกสถานการณ์บนท้องถนนได้อย่างรวดเร็วและนุ่มนวล เพื่อความปลอดภัยสูงสุด พร้อมเทคโนโลยีล่าสุดของ NISSAN ที่ลดการเสียดสีระหว่างเปลี่ยนเกียร์ได้มากถึง 40% ทำให้อัตราเร่งดีขึ้นแม้ที่ความเร็วต่ำ และยังประหยัดน้ำมันได้เหนือกว่า,neutral
ไม่มีโปรที่โลตัสท่ายาง TT,negative
สาขาที่ร่วมรายการมีดังนี้ โลตัส สิงห์บุรี บิ๊กซี ลพบุรี (2) บิ๊กซี ลพบุรี ค่ะ ^^,neutral
😬 เพื่อนพึ่ง (ภาฯ) เกษตรแฟร์ ปีนี้โซนอาหาร🍴จริงจังมากนะ 🤣 ดูแผนที่ซิเล่า บุกเข้าไปสำนักพิพิธฯ แล้ววว มีคนถามเยอะเรื่องขายของ โทร. 02561 4749 สำนักงานทรัพย์สิน มก. ใบสมัครโหลดเอาเด้อ ▶️,neutral
รูปเซลฟี่หลังซาวด์เชคเสร็จ ฟินกันมั้ยเอ่ย? ส่งกำลังใจให้ กันรัวๆ เลยจ้า nann nann_fc farmfest2017 singhapark @ Singha Park Chiang Rai Sport and Recreational Center,neutral
วันนี้พอทจังเอาวิธีดับความเผ็ดร้อนจากการกินซุปหม่าล่ามาฝากนะ ต้องบอกก่อนเลยว่าวิธีนี้สำหรับเพื่อนๆที่ทานเผ็ดไม่เก่งนะ แต่ถ้าเพื่อนๆที่ทานเผ็ดได้ก็ลองดูนะไม่เสียหายๆ HOTPOTBUFFET DIYBUFFET สนุกเต็มที่อร่อยเต็มอิ่ม,neutral
จะวัด supercar จากราคาแม่งก็ไม่ได้ เช่น Benz รุ่นธรรมดา กับ AMG(แท้ๆทั้งเครื่องและชุดแต่ง) ราคาแบบธรรมดาแม่งไม่กี่…,negative
เหมือนพ่อจะไม่เข้าใจว่าอารมณ์เราไม่ปกติ แต่ชวนมากินเอ็มเค 😭,negative
แต่นี่มัน lunch,neutral
ชอบ แต่เค้าว่ามาสด้ามีปัญหา,negative
เจ้าของเบียร์ช้างเบียร์สิงค์ไม่เหนออกมาบริจาคเลยย,negative
เซนลาด มีทั้งหม้อและเตาปิ้งย่างไหมคะ?,neutral
แสงสีเขียวที่สร้างรอยยิ้ม เรียกเสียงหัวเราะ เพิ่มความสนุก คอยปลอบใจ… แล้วคืนนี้คุณรู้สึกแบบไหนกัน? JamesonThailand TwiceAsSmooth,negative
73 สมูทโตะเสี่ยงโชค,neutral
มีขายครับ MAZDA 6 เพิ่งเปิดตัว Big Minor Change 2018,neutral
นิสสัน ของแต่งมีไม่มากครับ Navara มีแต่ Nitrocharger sport ตัวโช๊คสีเหลืองครับ,negative
"“ถอนหายใจแรงๆสักครั้งหลัง Final Exam"" Hangover Project presents "" Mild "" on Tuesday 26 December at DND EKKAMAI Early Bird: ฿399 At Door: ฿499 For tickets & RSVP: Line: .project (มี@) Tel: 088 Dress Code: ปิดเทอมนี้ ⚫️Black อยากมีคนดูแล ⚪️White มีคนดูแลแล้ว *Special* For first 250 customer get a bottle of Singha Light for FREE *FREE MIXER ALL NIGHT* hangoverprojectbkk mild DNDDoNotDisturb ChivasExtra Singhalight DNDBoutiquePlayhouse",neutral
ไฟecoจะดับลงก็ต่อเมื่อความเร็วรถอยุ่ที่130ขึ้นผมใช้ยาริส2014อ่านในคุ่มือครับ,neutral
อยากกินเหรอครับ😽,positive
ราคา บาท โลชั่นน้ำตบ ดีที่สุด แพงที่สุด Estee Re-Nutriv Ultimate lift Age Correcting Lotion 30ml โลชั่นบำรุงผิวเนื้อเนียนนุ่ม เบาสบายผิว มอบการบำรุงและสร้างสมดุลแก่ผิว สุดยอดแห่งชุดบำรุงผิวเลอค่า ปฏิวัติทุกสูตรการบำรุงของเอสเต ลอเดอร์ เพื่อผลลัพธ์แห่งผิวดูกระจ่างสว่างใสอย่างเต็มประสิทธิภาพ The Radiant White Age-Renewal Collection ชุดผลิตภัณฑ์ปรนนิบัติผิวอย่างอ่อนโยน แต่ทรงประสิทธิภาพอย่างน่าอัศจรรย์ เพื่อผิวดูกระจ่างใส และพลิกฟื้นสู่ผิวที่ดูอ่อนเยาว์ ประกอบด้วยส่วนผสมสำคัญ Re-Nutriv White Tuberose ซึ่งเป็นส่วนผสมเข้มข้นจากดอก White Tuberose มอบคุณสมบัติแห่งสารแอนตี้ออกซิแดนท์เข้มข้น และส่วนผสมล้ำหน้าเพื่อผิวดูกระจ่างใสอื่นๆ. มีส่วนผสมสูตรลับลิขสิทธิ์เฉพาะ Life Re-Newing Molecules™ ที่มอบผิวเปล่งปลั่ง เพิ่มประกายให้ผิวดูสดใสมีชีวิตชีวาและ โดดเด่นด้วยเนื้อสัมผัสครีมที่ละมุนสุดหรูหรา,neutral
บนโลกใบนี้ทุกคนเก่ง เพียงแค่แต่ละคนเก่งไม่เหมือนกัน เก่งไม่เท่ากัน จงมั่นใจในตัวเองว่าเราเก่งและมีศักยภาพที่จะพัฒนาต่อไปได้อีกอย่างไม่สิ้นสุด คุณไพชยนตร์ นุชรนารถ ผจก.แผนกโครงการพิเศษ ใน การฝึกงานสิงห์ SBC X สนใจมาพัฒนาศักยภาพของตัวเองด้วยกัน ด้วยการทำงานกับผู้บริหารระดับสูง ห้ามพลาด หมดเขตวันที่ 28 ก.พ. นี้ สมัครและสอบได้ที่ ครับ . SBCX SinghaBizCourse_X SinghaBizCourse,neutral
สู้ต่อไปครับนาวาร่า,positive
ชอบ Honda City ค่ะ เคยซื้อเป็นรถคันแรก พอช่วงนี้มีเหตุจำเป็นต้องขายให้ญาติก็เสียใจอยู่ค่ะ แต่ถ้าไม่ขี้เกียจสักวันจะต้องซื้อHonda อีกแต่จะเป็นรุ่นCRV ชอบที่ทรงสวย นั่งสบาย และที่สำคัญประหยัดน้ำมัน ได้ขับรถพาคุณแม่ อรสิริ วงศ์ธนาโรจน์ไปทำบุญและไปเที่ยวต่างจังหวัดกันค่ะ ฮอนด้าที่รัก EnjoyHondaThailand,neutral
ใช่ครับเผาโรงงาน,neutral
เราว่า ใจเย็น ไม่มีใครถุกผิดหรอก มองในมุมชาวบ้าน มันก็คือที่พึ่งทางใจ ถ้าหมอส่ายหัวแล้ว จะให้นอนรอความตาย คงไม่มีใครยอม แม้โอกาสน้อยนิด ก็อยากเสี่ยง ถูกมั้ย แต่ รอซักนิดเถิด ตอนนี้กำลังเป็นกระแส หลายๆหน่วยงาน คงต้องช่วย ตรวจสอบ หาอันตราย ผลข้างเคียง ส่วนผสมของยา รอขึ้นทะเบียนตำรับให้เรียบร้อย เพื่อความชัวร์ ไม่ดีกว่าเหรอ แต่ถ้าคุณเป็นมะเร็ง ระยะ 1 2 ผมว่าคุณหมอหมอเถอะ โอกาสหายสุงมากๆ แต่ก็ขึ้นกะชนิดมะเร็วด้วยนะ ส่วนใบทุเรียนเทศ นี่ ไม่แนะนำเหมือนกัน รักษามะเร็งได้จิงไหม ไม่รู้ แต่ไตวาย อันนี้ชัวร์ครับ,neutral
นิสสัน ค่ายนี้สุดยอด..! ของเขาดีจริงๆ สนใจแล้วไม่ควรพลาด สอบถามรายละเอียด ถูกใจมากๆ,positive
อยากอ่ดิ,neutral
โอ้ยย 😢😢,positive
"สวัสดีค่ะค่ะ คุณลูกค้า สำหรับ ANESSA สูตรใหม่ มีวางจำหน่ายแล้วที่ Watsons, Tsuruha, Eveandboy, Matsumoto Kiyoshi",neutral
ลดน้ำหนักอยู่เลยตั้งใจหยุดกินก่อนหกโมง พอหกโมงก็รอพ้นสามทุ่มให้ครัวเคเอฟซีปิดจะได้สั่งไม่ได้ ก่อนจะนึกออกว่าร้านหมูกระทะปิดห้าทุ่ม แต่ถ้าถึงห้าทุ่มยังไงแมคเปิด24ชม.อยู่ดี อีดอก อวสานความผอม,negative
รอคะๆๆ,positive
แจ่วหวานไปนะก้อน 😭😭,negative
"ลิปกลอสสีแน่น ไม่เหนียวเหนอะหนะกับ Passion Ville Makeup ราคา 2 ชิ้นเพียง 490 บาท 🔖 ราคาพิเศษเฉพาะที่ บิวเทรี่ยม เท่านั้น! *โปรโมชั่นร่วมรายการเฉพาะหน้าร้านสาขาที่จำหน่าย วันนี้ - 30 เม.ย นี้ สอบถามเพิ่มเติม Line : หรือ beautrium beauty mega store siam square centerpoint makeup skincare haircare perfume sale btPassionVille *ขอสงวนสิทธิการเปลี่ยนแปลงโปรโมชั่นต้องไม่ต้องแจ้งให้ทราบล่วงหน้า -- ติดตาม รีวิว ข่าวสาร โปรโมชั่นหรือกิจกรรมต่างๆ จาก Beautrium ได้ตามช่องทางต่างๆ ดังนี้ Facebook: Instagram: Twitter: Youtube: Beautrium ทั้ง 5 สาขา 1. ชั้น G, Centerpoint Of Siam Square (ดิจิตอลเกตเวย์เดิม) 2. ชั้น 1, Seacon Bangkae (ซีคอนบางแค ติดลานกิจกรรม) 3. ชั้น B, G Tower พระราม 9 (MRT ทางออกประตู 3) 4. ชั้น 3 , Seacon Srinakarin (ซีคอนศรีนครินทร์ ฝั่งโลตัส) 5. โซนชิงช้า , Asiatique TheRiverFont (เอเชียทีค เดอะริเวอร์ฟร้อนท์)",neutral
อิshowdcมันประกาศอย่างเป็นทางการวันนี้ ละผู้จะมา11เมษา ปุบปับไป,negative
อยากได้ลายเบียร์ช้าง,neutral
"มาฉลองวันเกิดของคุณให้สุขกว่า ที่ MK...สมาชิกบัตรเอ็มเคทุกประเภท ฉลองวันเกิดของคุณภายในเดือนเกิด รับสิทธิ์สั่งชุดเอ็มเคเบิร์ดเดย์สุขใจ* ลดถึง 15% เพียง 1,199 บาท (จากราคาปกติ 1,427 บาท) ตั้งแต่วันที่ 22 มกราคม – 28 กุมภาพันธ์ 2561 ชุดเอ็มเคเบิร์ดเดย์สุขใจ ให้บริการที่ MK Restaurants ทุกสาขา ยกเว้น MK Gold และ MK Live . *ชุดเอ็มเคเบิร์ดเดย์สุขใจ ประกอบด้วย ชุดรวมสุกี้พิเศษ 16 รายการ, ชุดผักสุขภาพจานเล็ก 1 จาน, เป็ดย่างเอ็มเคจานเล็ก 1 จาน, คะน้าน้ำมันหอยจานเล็ก 1 จาน, บะหมี่หยก 2 ก้อน 1 จาน (เหมาะสำหรับ 4-5 ท่าน) *ชุดเอ็มเคเบิร์ดเดย์สุขใจ ให้บริการที่ MK Restaurants ทุกสาขา ยกเว้น MK Gold และ MK Live",neutral
L'Oréal Paris แต่ทาได้สักพักประมาณ 2-3 นาที มันก็หายแสบอ่ะค่ะ หรือเป็นเพราะเรามีสิวค่ะ,positive
อยากได้ขวดลิตร,neutral
20. กินจุ้งจ่ะ,neutral
ดีแมก4ประตูไปเท่าไรใครรู้บ้าง,neutral
"เราใช้วีออส รุ่นเดียวปีเดียวกับคันที่โพส เติม300 ไม่จะเป็น91หรืออี20,85 ขึ้นหมด 300 นี่ล่อไปกลางถัง เลยครึ่ฃถึงไปอีกตั้งขีดนึง โกงแน่นอน100% เพราะเราเติม300-400 ตลอด จะสังเกตเวลาเกจ์น้ำมันขึ้น",negative
เร็วกับผีอะไร ใช้เดือนละ1099 สัญญาณอยากหายตอนไหนก็หาย เล่นเกมส์ก็ไม่ได้ไม่มีสัญญาณ อีผี ขอแชร์ไวไฟวัดยังเร็วกว่าเน็ตมึงอีกอีผี,negative
มาสด้า2 2018ขอรายละเอียดคะ,neutral
“เกิดมาแกร่ง” Ford Ranger Raptor รถกระบะอเมริกันพันธุ์แกร่งสุดบึกบึน จับคู่ล้อลุยอเมริกันสไตล์อย่าง LENSO MAX X08 เข้าไป บอกเลยว่าเคมีลงตัว เสริมความโหดได้เต็มอารมณ์ ดูสเปกพร้อมราคาได้ที่นี่ LENSO MAXX08,neutral
เลี้ยงหน่อยยอยากกิน,neutral
ศูนย์การแพทย์บูรณาการ แอ็บโซลูท เฮลธ์ เชียงใหม่ จัดงานเฉลิมฉลองครบรอบ 5 ปี ของการเปิดศูนย์การแพทย์บูรณาการ ดูแลสุขภาพเชิงป้องกัน รักษา ฟื้นฟู และเวชศาสตร์ชะลอวัย โดยได้รับเกียรติจากแขกผู้มีเกียรติจากหลายๆ วงการ ที่มีชื่อเสียงในจังหวัดเชียงใหม่เข้าร่วมงาน โดยได้รับเกียรติจากท่านกฤษณ์ ธนาวานิช รองผู้ว่าราชการจังหวัดเชียงใหม่ ผู้แทนจากหอการค้า สภาอุตสาหกรรม สมาชิก BNI จ เชียงใหม่ พร้อมด้วยเหล่าศิลปินดารา คุณพิศมัย วิไลศักดิ์ ศิลปินแห่งชาติ คุณเนาวรัตน์ ยุกตะนันท์ คุณเท่ห์ อุเทน พรหมมินทร์ พร้อมรับฟังการเสวนาสุขภาพในคอนเซ็ป “เพราะสุขภาพดี…คุณกำหนดได้” และรับการปรึกษาสุขภาพแบบองค์กับผู้เชี่ยวชาญโดยตรง งานนี้นอกจากจะมีสุขภาพดีกลับบ้านแล้วยังได้ลุ้นรับของขวัญพิเศษภายในงานอีกด้วย,neutral
รถคาเกียเกี้ยไร. รีโว่ ต้องเหยียบครัช แล้วถึงสตาร์ทได้ แถไปดื้อๆ ไอ้ควาย,negative
ไปเอา พรบ.รถ Honda ให้หน่อย,neutral
M11ชมพูพาน M12แดงกล่ำ S11ส้มแป้น S12ส้มเฉา 🙏🏻❤️😍4u2 4u2cosmetics 4u2thailand,neutral
สมัครสมาชิกไม่ไดอ่ะ บอกว่าอีเมลล์นี้เคยสมัครแล้ว ใช้อีเมลล์ไหนก็ไม่ได้,negative
พ่อผมก็ขับฟอจูนเนอ เวลาขับตามกันมาโคตรแสบตา ไม่รู้จะแก้ยังไงเหมือนกัน ไฟจากโรงงาน ไม่รู้ว่ามันจะเป็นแบบนี้ ได้แต่พยายามขับแต่กลางวัน แต่บ้างทีมันก็จำเป็นต้องขับกลางคืน ให้คนขับฟอจูนเนอมาตอบ จะแก้ไขอะไรได้อะ ร้องเรียนหรือฟ้องกับโตโยต้า น่าจะดีกว่าถ้ามีคนฟ้องเยอะๆ โตโยต้าอาจเปิดแก้ไขให้ฟรีก็ได้ หวังว่านะ,negative
สำนักงานคณะกรรมการการอาชีวศึกษา (สอศ.) ร่วมกับ บริษัท เอ็มเค เรสโตรองต์กรุ๊ป จำกัด (มหาชน) พัฒนาวิชาชีพสู่ THAILAND 4.0,neutral
วันนี้ฉีดสารเพิ่มการเจริญเติบโต ทดแล้ง ยืดลำต้นให้อ้อยของ ผจก มนัส ในโรงงานเบียร์ช้างกำแพงเพชร Cr.เอสบีวัน แอนด์ ซีนส์โบ,negative
หน้ากาก แสงโสม @ STAY Ekamai,negative
19 สาขา ตามนี้เลยคร้าบ,neutral
7-11 ควรมีเกาอี้เล็กๆ โต๊ะเล็กๆ ในร้านให้เรานั่งได้สบายกว่านี้ เบียร์สดก็ควรมีโฮการ์เด้นด้วย มีจานกระดาษใส่แหนมตุ้ม,neutral
Lพุ่งนี้ไปลองมะ,neutral
แค่บุหรี่ไฟฟ้า..ถ่อกก,negative
เขร้ 55 เลยเหรอ แทบไม่ต่างจากลีโอ ยูเบียร์ ราคานี้ถูกกว่าไฮเนเก้นด้วย โหด,neutral
ไม่กินชาบูชิแบ้วหรอ,neutral
แถวพระราม3พระราม4,neutral
สาขาที่ร่วมรายการมีดังนี้ บิ๊กซี ลพบุรี (2) บิ๊กซี ลพบุรี ^^,neutral
สู้ๆครับพี่,positive
ไปค่าา,positive
อยากกินด้วย วันไหนแวะไปกิน,neutral
หายข้องใจ!! ซื้อฮอนด้าซีวิค มาทำแท็กซี่ แต่เจอดราม่า กูรูรถเฉลยชัด..? ค่ายรถมีสิทธิ์ซื้อคืนได้ จริงหรือ!?,negative
หมูหรือกระดาษ,neutral
โอเคคับ,positive
มันไม่ถูกกดหมายบ้านเราจบ,negative
Congratulations!!! กับรหัส S ทุกคนนะคร้าบ... ใครผ่านรอบแรกแล้วมารายงานตัวกับพี่ Hops ที่ใต้โพสต์นี้กันได้เลย ขอชื่อ นามสกุล มหาวิทยาลัยนะครับ ... พี่ Hops มีของที่ระลึกให้สิงห์ปืนไว 33 คนแรกที่ทำถูกกติกา (มี edit ไม่นับนะ) :) แล้วมารับรางวัลกันได้ที่สนามสอบรอบสองครับ ... . ฝ่าด่านแรกมาได้แล้ว สู้ต่อไปนะครับ พบกันในวันสอบรอบ 2 เสาร์ที่ 24 มี.ค. นี้ รีบไปจองรอบสอบที่ ภายในวันที่ 16 มี.ค. เวลา 17.00 น. นะครับ . SinghaBizCourse SBC SBCX รุ่น10จัดเต็มทุกX UareExTraordinary eXtraordinaryUneedEXtraordinaryX . SBC การฝึกงานที่ได้มากกว่า_คิด การฝึกงานที่ฝึกให้กล้าปฏิบัติ Call Center 088,neutral
มา6 จ่าย 4 มีม้ะ55,neutral
วันนี้ปะๆๆ,positive
สุดยอดเลยครับ Nissan พัฒนาเทคโนโลยีอัจฉริยะ มาอยู่เรื่อยๆเลยชอบครับ,positive
พรุ่งนี้พี่เลิกเย็น,neutral
ฟอร์จูนเนอร์เหมือนเอาหลังคามาครอบกระบะ ดูยังงัยก็รถกระบะไม่เหมือนSuv,negative
คราวหน้าคราวหลัง..จะไม่กินjack daniels แล้วไปกินเบียร์ต่ออีกแล้ว รู้สึกว่าโคตรอึนเหมือนโดนไม้กลองของหลัวฟาดกลางกะบาล,negative
งงมากค่ะ ประชารัฐ นึกว่าเพจคำคมมุกเสี่ยว อ่านแล้วอึดอัด ฝืนมาก พรรคนี้ก็คือควรพักก่อนเลย 55,negative
ข้าวผัดแฉะมากค่ะ ยังไม่โดน,negative
งดบาบีก้อน จนกว่าจะทำใจได้ ...,negative
อุส่าเปลี่ยนวันหยุดมา 55,neutral
สาขาที่ร่วมรายการมีดังนี้ค่ะ ซีคอน ศรีนครินทร์ ชั้นใต้ดิน ซีคอน ศรีนครินทร์ ชั้น 4 ^^,neutral
ชอบสูตร Biore Perfect Cleansing Water Acne Care เพราะช่วยลดการสะสมของแบคทีเรีย ลดปัญหาการเกิดสิว เหมาะกับผิวบอบบาง เช่นเรา,positive
ให้10ล้านชื่อก็ไม่มีทางชนะพวกไดโนเสาร์ไม่กี่ตัวได้หรอกครับ ผลประโยนช์ทับซ้อนมันเยอะ!!,neutral
ผัดไท นรกแตก ผัดแค่วันละ300 จาน ต้องไปลอง อย่าลืมติด U ไปด้วยน่ะครับ ubeer,neutral
กินบาบีก้อนต้องขนาดนี้ไหม..,negative
น่าลองเนอะๆๆๆ,positive
แพ้การ์นิเย่ ตั้งแต่ครีมยันโฟมล้างหน้า เสียจัยย,negative
แมคไก่ทอดน้ำเกลือ ใหญ่ กรอบเต็มคำ,neutral
น้องหงษ์ น้องรี น้องเรด น้องโซดา น้องน้ำ น้องน้ำแข็ง...มาสายเมาเลยตู,neutral
เสี่ยเจริญเบียร์ช้างสามารถซื้อได้,neutral
นิสสันมาร์ช ขอรายละเอียดหน่อยคะ,neutral
บาคาดี้รัมอะไร เผชชิบหาย,negative
อยากบอกเพื่อนว่า ขอบคุณที่คอยตามใจตลอดขอบคุณที่คอยเป็นเพื่อนที่ดี ขอบคุณที่คอยไปนั่งกินเบียร์ด้วยเวลาที่ตรูเศร้า ปกติไปก็จะสั่งแต่โปรเบียร์ช้าง55 ไหนๆเพื่อนก็เป็นเพื่อนที่ดีของกูมาตลอดทั้งปีแล้ว มีเถียงกันบ้างงอนกันบ้าง ปีใหม่นี่ก็อยากตอบแทนเพื่อนด้วยบัตรงาน tbc เพื่อนจะได้มาสนุกบ้างเพราะอุตสาห์มีสปอนเซอร์ใจดีอย่างช้างมาจัดกิจกรรม😂 จะได้ไปปาร์ตี้กันเนอะะะ อยากไปวันที่31ธ.ค. เพราะจะได้เค้าท์ดาวน์กับเพื่อนพอดี ยังไม่เคยได้เค้าท์ดาวน์กับเพื่อนเลยยย,positive
กำลังสิไปๆนำบ่ลางานเคิงมื้อมา,positive
Cleansing water ของ Biore ตอนแรกใช้ของ Bifesta แต่พอมาลองตัวนี้ แล้วรู้สึกลื่น มีแรงเสียดทานน้อยกว่า…,negative
BRIEF: เวลาไม่ช่วยอะไร งานวิจัยเผยอาการอกหักส่งผลระยะยาวต่อหัวใจ และอาจรักษาไม่หายตลอดชีวิต . รักเธอเท่าไหร่ เธอไม่รักตอบ เกิดความเสียใจ หัวใจตรงอกซ้ายเหมือนจะสลาย พร้อมอาการปวดหนึบๆ หน่วงๆ แต่แค่อกหักก็เศร้ามากพอแล้ว นักวิจัยยังเปิดเผยความจริงมาให้ได้เศร้ากันเพิ่ม ว่าอาการเจ็บจี๊ดหัวใจเหล่านี้ มีผลระยะยาวเสมือนโรคหัวใจ และอาจรักษาไม่หายไปตลอดชีวิต! . Takotsubo cardiomyopathy หรืออาการหัวใจสลาย ที่มักเกิดจากเหตุการณ์แสนเจ็บปวดรวดร้าว อาการของมันมักทำให้กล้ามเนื้อหัวใจอ่อนลง และทำงานได้ไม่เต็มที่ ซึ่งนักวิจัยเคยคาดการณ์ไว้ว่าผลของอาการจะมีแค่ชั่วคราว แต่งานวิจัยชิ้นใหม่ของมหาวิทยาลัย Aberdeen ค้นพบว่าผลของมันจะอยู่ยาวถาวร เหมือนกับโรคหัวใจ . งานวิจัยชิ้นนี้ได้ทดสอบผู้เข้าร่วมที่มีอาการ Takostubo จำนวน 37 คน เป็นเวลา 2 ปี โดยใช้การอัลตราซาวด์และสแกน MRI ผลปรากฎว่า เนื้อเยื่อกล้ามเนื้อหัวใจที่ทำหน้าที่ลดความยืดหยุ่นจากการหดตัวของการเต้นหัวใจ ในผู้เข้าร่วมทดสอบมีอาการเสียหายที่ไม่สามารถรักษาได้ . ศาสตราจารย์ Jeremy Pearson ผู้อำนวยการการแพทย์ของมูลนิธิหัวใจของอังกฤษ (BHF) อธิบายว่า “Takotsubo เป็นโรคร้ายแรงที่สามารถเกิดกับคนที่มีสุขภาพดีได้ เราเคยคิดว่าผลกระทบของโรคนี้จะมีเพียงแค่ชั่วคราว แต่ตอนนี้เราสามารถเห็นได้ว่าพวกเขาสามารถส่งผลกระทบต่อผู้คนต่อไปได้ตลอดชีวิต” . Pearson ยังระบุว่า ขณะนี้ยังไม่มีการรักษาระยะยาวสำหรับผู้ป่วย เพราะแพทย์เคยคิดว่าผู้ป่วยทุกรายจะฟื้นตัวได้อย่างเต็มที่ แต่งานวิจัยชิ้นนี้แสดงให้เห็นว่าเราควรรักษาผู้ป่วยด้วยวิธีการเดียวกับผู้ที่มีความเสี่ยงต่อการเกิดภาวะหัวใจล้มเหลว” . . ที่มา,neutral
ไม่ขอบสีโทนนี้แล้ว ไปชอบโทน tarte bloom หยั่กดั้ยมากกก,negative
PAUL & JOE ครับ,neutral
“โรงแรมดุสิตธานี กรุงเทพฯ” เป็นโรงแรมเก่าแก่แห่งหนึ่งของเมืองไทย เริ่มก่อสร้างในปี พ.ศ. 2509 โดยบริษัท ดุสิตธานี จำกัด ตัวอาคารก่อสร้างในลักษณะทรงสูง 22 ชั้น วัดจากพื้นดินไปถึงปลายยอดสูงสุด 100 เมตร ตั้งอยู่บนเนื้อที่ 16 ไร่ หัวมุมถนนสีลม ตรงข้ามกับสวนลุมพินี กรุงเทพฯ,neutral
ขอบุฟเฟ่ต์ทุกสาขาเป็นการขอโทษจ้า,neutral
โรงงานเบียร์ช้างแล้ว,neutral
ทำไ้มเราว่าราคาแพงเกินคุณภาพกับรสชาติสงสัยค่าที่ในshowdcแพง กลับไปกินร้านประจำต่อ,negative
มา4จ่าย3 .. มา6 ต้องจ่ายกี่คน ??,neutral
แสงโสมก็ชัดนะแม่อ้อม,neutral
New fortuner โตโยต้าเขายื่นผ่านขนส่งมาได้ไง ผมงงมาก,negative
โห พ่อกุ กุทำเนียนไปหยิบโฮกาเด้นแดก ก็ไม่ด่า อีสัส55 แสบร้อนในอก พ่อบอกกินเถอะ พน.วันหยุด55,negative
เบียร์ยูแคน(490cc),neutral
สงกรานต์แล้วอย่ากินให้ตัวแตกมากนะ 55 เออ แม่ชั้นฝากชมว่าแกหน้าใหญ่ขึ้นเห็นชัดสวยดี กิกิ คิดถึง เจอกันเดือนหน้า นีเวียแคร์คุณ,neutral
มีใครอยากได้โค้ดลด200บาท sephora online มั้ย หมดอายุวันนี้แร้ววว เสียดาย เอาไปใช้ที55,negative
อยากมีหนวดจุง 🎅,neutral
แสงโสมคือเหล้าที่ดีที่สุด กินแสงหวา555,positive
มีบัตรเบียร์ช้าง5 ใบ,neutral
กระบะก็คือกระบะราคาขนาดนี้ซื้อฟอร์จูนเนอร์ดีกว่าสวยกว่าเยอะ,positive
คอนเสิร์ต BLEN FES LIVE PROJECT โปรเจคเล่นสด ใส่หมดไม่มีพัก คึกคักตลอด 6 ชั่วโมง วันศุกร์ที่ 19 มกราคมนี้. ลานอู้ฟู่ จ.ขอนแก่น • พบกับ BODYSLAM / LOMOSONIC / 25 HOURS / GETSUNOVA / MODERNDOG / TABASCO วันเสาร์ที่ 24 กุมภาพันธ์นี้. ตลาดนัดจตุจักร บางแสน จ.ชลบุรี • พบกับ BODYSLAM / LOMOSONIC / 25 HOURS / COCKTAIL / MODERNDOG / TABASCO วันศุกร์ที่ 23 มีนาคมนี้. ตลาดนัดเครื่องบิน จ.นครปฐม • พบกับ BODYSLAM / LOMOSONIC / 25 HOURS / BIG ASS / MODERNDOG / TABASCO บัตรราคา 285 บาท หาซื้อบัตรกันได้ที่ Counter Service ALL TICKET ในร้าน 7-ELEVEN ทุกสาขาทั่วประเทศ หรือ * ประตูเปิดเวลา 16.00 น. ** ขอสงวนสิทธิ์การเข้างานสำหรับผู้ที่อายุ 20 ปีบริบูรณ์ขึ้นไปเท่านั้น ►รายละเอียดเพิ่มเติมที่ Facebook : BLEND 285,neutral
อยุธยาไม่เห็นมี,negative
"รุ่นปี 2018 ใหม่ เพิ่มอ็อพชั่นหรู 10 รายการ ปรับราคาขึ้นเพียง 7,000 - 10,000 บาท",neutral
กูสมเพชกับพวกที่โพส พูดมาได้บุหรี่ไฟฟ้าไม่เป็นอันตรายต่อคนรอบข้าง โง่หรือฉลาดว่ะ หัดไปหาข้อมูลอ่านมั่ง แุถมยังพูดกับตรรกกะโง่ๆๆ ช่วยเลิกบุหรี่ มันช่วยเลิกตรงไหนว่ะ ดีแล้วที่ประเทศไทยไม่ให้ขาย และผิดกฎหมาย ปากแม่งบอกรักประเทศ แต่เอาของเหี้ย ๆๆ ของฝรั่งมาขายในประเทศ ทำเป็นแฟชั่น,negative
คนไทยรวยกว่าทักษิณมีหลายคน เช่นเสี่ยเจริญ เบียร์ช้าง เสี่ยธานินทร์ ซีพี เขาอยู่สุขสบาย เสี่ยกระทิงแดง เสี่ยคิงส์เพาเวอร์ จะซื้อเครื่องบินส่วนตัวเป็นฝูงบินก็ได้ แต่เสี่ยทักษิณอยู่แผ่นดินเกิดไม่ได้ แปลกดี,neutral
อย่าไปถ้าไม่ใจพอ แคมเปญดีๆของยูเบียร์ กิจกรรมที่ร้านวันนี้ อยากรู้คืออะไรต้องมาดูเอง ขนาดเค้าจะมาจัดงานที่ร้าน ขนาดแอดยังไม่รู้เลยเฮ้ย!! 239Vintage VintageRestaurant,neutral
คิดถึง​ตอนกิน มึงมันเลว 555,negative
มาทาน MK สาขานี้ พนักงานน่ารักมากๆ พี่ผช.ที่ออกสาวๆหน่อย ใส่ใจลูกค้าทุกโต๊ะเลย,positive
LOOKER ชวนทุกคนใส่ความกล้า เพื่อออกไปท้าทายตัวเองและโลกภายนอกไปพร้อมๆ กับ HONDA CB150R เพราะมันใกล้ถึงเวลา 'READY TO DARE' แล้ว!!! HowDareYou HondaxLooker,neutral
"⚡รีวิวเสื้อ3rd Size M สีดำ/ทอง ดูเผินๆออกสีเทาๆอมเขียว เนื่องจากเฟล็กสีทองสะท้อนเข้าตา ลวดลายสายฟ้าเหมือนเสื้อHome และ Away สวยจริงได้ใจ *สินค้าเข้ามาที่ร้าน 22-23 มค. จำนวนจำกัด ✅จากการวัดขนาดเสื้อ Size S40"" M42"" 🔥ลูกค้าที่ค้างส่งอยู่ทยอยทำเบอร์ส่งให้วันจันทร์นี้จ้า Buriramunited เสื้อบุรีรัมย์2018 Buriramjersey2018 Gu12 เสื้อBuriram บุรีรัมย์ยูไนเต็ด สว่างพาณิชย์ Sawangpanich ChangArena Thundercastle Buriram BRIC Shopburiram Burirammegastore",neutral
D-Max X-Series,neutral
ขนาด เหล้า กับเบียรยังมีคนกินแล้วแต่คนชอบ,positive
เว้ยย ลค.ให้กินแสงโสมเพียวหนึ่งจอก ร้อนคอมาก และมึนง่ายมาก ตอนนี้แก้มเริ่มจะแดงร้อนๆแล้ว,negative
คันนี้ใช้มา 5 ปีแล้วคุ้มค่ามากๆ คันต่อไปต้อง New Pajero Sport,neutral
ณ ตอนนี้จะยังไม่มีโปรโมชั่นลดราคาของ Hada Labo Premium Lotion ที่หน้าร้านค้านะคะ โดยโปรโมชั่นจะเป็นไปตามรายละเอียดของรูปที่อยู่ในอัลบั้มนี้ค่ะ :),neutral
อีเหี้ยย วาสนาจะได้ขับ mazda 2 คือล่มละ อีช่างแม่งรื้อรถออกมาตรวจสภาพแล้วประกอบกลับไม่ได้อะ หนังหีมาก,negative
วารสารการเงินการธนาคารฉบับเดือนธันวาคม 2560 จัดอันดับมหาเศรษฐีรวยหุ้นไทย นายแพทย์ปราเสริฐ ปราสาททองโอสถ เจ้าของโรงพยาบาลกรุงเทพและบางกอกแอร์เวย์ครองหุ้นมูลค่าสูงสุดอันดับ 1 ประมาณ 6.3หมื่นล้านบาท อันดับสองคือ พิชญ์ โพธารามิกเจ้าของจัสมิน อินเตอร์เนชั่นแนล 3.5หมื่นล้าน อันดับ 3 สมโภชน์ อาหุนัย เจ้าของธุรกิจพลังงานแสงอาทิตย์EA ถือครองมูลค่าหุ้น 3.3หมื่นล้านบาท thaitribune,neutral
31 ธันวาคม วันสิ้นสุดของศักราช เป็นการเฉลิมฉลองให้กับการผ่านพ้นไปของปีเก่า และต้อนรับชีวิตใหม่ในปีใหม่ที่กำลังจะมาถึง ขอให้ทุกท่านเดินทางอย่างปลอดภัย และอย่าลืมดูแลสุขภาพกันด้วยนะค่ะ ด้วยความปรารถนาดีจาก โรงพยาบาลกรุงเทพระยอง ;) BangkokHospitalRayong NewYearsEve,neutral
กระบะพันธุ์แกร่งต้อง x trail ดีไซด์ดีทั้งนอกและใน รีบจองนะครับ,neutral
ซื้อสิ,neutral
สำนักงานทรัพย์สิน ส่วนพระมหากษัตริย์ เปิดโครงการต้นแบบ หลังสวน วิลเลจ เน้นให้ความสำคัญกับทัศนียภาพของชุมชนเมือง และเป็นมิตรกับสิ่งแวดล้อม,neutral
IN2IT ก็คัม ฮืออ คิดถึงหมี T_T,negative
คุณลูกค้าตรวจสอบในเว็บไซต์รึยังคะ?,neutral
ผ้าอนามัยค่ะ ส่วนมากตอนนี้ ที่ รพ จะใช้ตอนคลอดลูก เพราะ มันสะดวกกว่าใส่แบบแปะเกงในค่ะ,neutral
เบียร์ช้างบูด หัวใจต๊ะติ๊งโหน่ง เค้าบอกให้ tag 1 คน 🤣🤣🤣,neutral
เธอชอบเครียด กังวล นอนไม่หลับในช่วงนั้นของเดือน เราอยากให้เธอมาลองใช้ นี่เลย ลอรีเอะ ซอฟท์แอนด์ดซฟ เอ็กซ์ตร้าโพเทคชั่น แอนตี้แบคทีเรีย รู้ไหมเราลองใช้ดูแล้ว นอนหลับสบายทั้งคืน ไม่ว่าจะนอนท่าไหน ตีลังกา 180 องศา หรือ 360 องศา ก็ไร้กังวล เพราะหยุดการซึมเปื้อนด้านหลัง ลดการสะสมแบคทีเรีย ไร้กลิ่นอับชื้น ไม่ต้องขะยุกขะยิกจิมิ ฮ่าๆๆ เราอยากแนะนำสิ่งดีๆให้เพื่อนที่เรารัก แล้วเธอจะร้อง wow จะรู้สึก feel good เหมือนเราแน่นอน ลองนะจ้ะ แผ่นเดียว คืนเดียว รู้เรื่อง !!,positive
แล้ว พวก เรา ชาว vape ต้องระวัง ถ้าไม่ใช้บุหรี่มวน ก็ vape ต่อไป,negative
โปรดเลือก​ พรรค​ประชาธิปัตย์​ เพื่อชาติ,positive
"บุหรี่ไฟฟ้า ประกัน100,000 โอโห้",negative
แม่งยิ่งมีเรื่องคลิปคนดังมาเลยหนักเลยช่วงนี้อีห่า555,negative
ของน้อยกว่าหมูทะข้างทางอีก,negative
ตีกันฉันป่วย กินเหล้าบอกด้วย ถึงป่วยก็ไป - ลัดฟ้าดินเนอร์ หรูหราที่ ปารีส SPYCLASSIC,neutral
สวัสดีปีใหม่ 2562 เผด็จการจงพินาศ ประชาธิปไตยจงเจริญ,neutral
เพิ่งเปิดตัว Ranger Raptor ไปหมาดๆ ล่าสุดก็มีข่าวว่า Ford เตรียมเอาใจสายลุยอีกระลอกด้วยการส่ง Everest Raptor ตามมาครับ ความเป็นไปได้มีมากน้อยแค่ไหน ไปติดตามกันได้เลย,neutral
hi! ยูbeer ...ขวดมันเล็กไปอ่ะ . ubeer,negative
ต้องสั่งน้ำซุปนี้เฉพาะหรือเปล่าคะ ถึงได้ราคา 299 ทุกวันจันทร์-ศุกร์ เมื่อวานไปกินมา โดนโปรวันพุธ ตกคนละ 310 คือเป็นโปร 299 เลยชวนกันไป เวลาลงโปร เขียนให้ชัดเจนหน่อยได้มั้ยคะ หรือเป็นบางสาขาที่จัดโปร ขอบคุณค่ะ,negative
ที่จอดรถหายากนิดนึง,negative
อยากกินโว้ยย,positive
คุณสมบัติผู้สมัคร -ปริญญาตรีวิทยาศาสตร์บัณฑิต สาขารังสีเทคนิค -มีใบประกอบวิชาชีพ -มีความรู้ความสามารถในงานรังสีการแพทย์อย่าง เหมาะสมแก่การปฏิบัติงานในหน้าที่ -มีความสามารถในการศึกษา และจัดการข้อมูล วิเคราะห์ปัญหา และสรุปเหตุผล -มีความรู้ความสามารถในการใช้ภาษาอังกฤษ และคอมพิวเตอร์อย่างเหมาะสมแก่การปฏิบัติงาน มีมนุษยสัมพันธ์ดีสามารถทำงานเป็นทีมเพื่อให้เกิดคุณภาพสูงสุดในการบริการผู้ป่วย -สามารถปฏิบัติงานในวันเสาร์ อาทิตย์ และวันนักขัตฤกษ์ได้ รวมทั้งทำงานล่วงเวลา และมีความยืดหยุ่นต่อการเปลี่ยนแปลงตารางการทำงานได้ สามารถมาสมัครได้ที่ รพ.กรุงเทพสุราษฎร์ ทุกวันจันทร์-ศุกร์ เวลา 8.00 น.- 17.00 น. หยุดทุกวันเสาร์ - อาทิตย์ และวันหยุดนักขัตฤกษ์ Tel.077-956789 ต่อ 1502 HR,neutral
ใช่ๆๆ กะทะดำไม่ดีเลย ไม่อร่อยด้วย บางห้างยังเป็นกะทะทองเหลืองอยู่ต้องยอมที่นั่น,negative
ผี่ใช้อยู่ ทาบ้างไม่ทาบ้าง กันแดดสีเขียวบางครั้ง แถมของ ยูเซอรีนอีก ไม่รู้ซื้อมาแล้วทำไมไม่ใช้ เบื่อความขี้เกียจตัว…,negative
จริงๆคนมีลูกน่าจะยิ่งเข้าใจ ยิ่งพี่ใช้คำว่า “อาจจะ” เป็นเอ็นเป็นท่อน้ำเหลือง. พี่จะกล้าให้ลูกกินหรอคะ? อะไรที่เราก็ยังไม่รู้ว่าเป็นอันตรายมั้ย? 😒,neutral
ผมชอบผสมน้ำคับ ได้รสชาติ แสงโสมเต็มๆ,positive
GOoo!!,positive
cf บาบาร่า 190,neutral
หาไรกินไปก่อนนะครับ ยังรอเกบตังลุกค้า น่าจะสาย,neutral
น่าทานนทั้งนั้น,neutral
ชอบรถ C-HR สีแดงเพราะ สวย เฉีบบ น่าสัมผัส สี่ที่ตัวเองรักมากๆค่ะ,positive
แสนสิริ อะคาเดมี่ สานฝันนักฟุตบอลเยาวชนสู่อาชีพ,neutral
วันจันละกัน,neutral
เลิกงานก้อนละกัน,neutral
สิทธิ์วันเกิดจะรับได้เพียง 1 ครั้งในเดือนเกิด คุณลูกค้าแจ้งให้ทางพนักงานทราบเพื่อรับสิทธิ์วันเกิด สำหรับการแสดงบัตรประชาชนโดยไม่แจ้งให้พนักงานทราบนั้นจะได้รับส่วนลดตามเงื่อนไขของบัตรสมาชิกและได้รับไอศกรีมพร้อมถ่ายภาพใส่กรอบค่ะ,neutral
ใหม่ เคาะวันเปิดตัวในไทยแล้ว 26 มีนาคมนี้,neutral
ไอ้ริดกินแบล็ก ใช่เลย,neutral
เอ้า ให้ Blind Spot Monitor มาแค่เนี่ย??? เห้ย CH-R Hybrid High และ CAMRY Hybrid Premium ยังมีเยอะกว่าเลย ราคาก็ถูกกว่า เข้าใจนะว่านำเข้ามา แต่ก็ให้มาหน่อยก็ได้นี่ TOYOTA SAFETY SENSE น่ะ,negative
รถ MG รถสไตล์อังกฤษ ช่วงนี้มี โปรแจก แถม พร้อมข้อเสนอ อื่นๆอีกมากมาย ใช้งานดี ระบบเครื่องเสียง สุดยอด ระบบเตือน ต่าง โอเคร เยี่ยม,neutral
"3กับ1 , 4กับ2 ชุดชีสแซ่บอู๊ดอู๊ดและชุดแซ่บซีฟู้ด MKRestaurants สุขเอ่อล้นที่MK มากินที่MK",neutral
แดกอะไรก็ไม่เหมือนสิงห์. งง,neutral
กินเบียร์สิงห์ เมาอย่างหมา,negative
ไอ้หมอส้นตีนนี่อยู่เฉยๆก็ไม่มีใครว่าเป็นใบ้ปะ ให้โทร 1600 แล้วจะกล่อมกูเลิกบุหรี่ได้เหรอ มึงบ้าปะ กูหาไฟฟ้ามาดูดเพื่อเป็นทางเลือกที่ดีต่อตัวกูและคนใกล้ชิดมากกว่าเพราะกูยังเลิกไม่ได้,negative
ลีโอเป็นเบียร์,neutral
ยอมแล้ว ขอน้าาพลีสส🙏🏻🙏🏻 KUเลิฟ KuเลิฟSongkranOnyx Kuเลิฟสงกรานต์ KULOVMAX7,neutral
5 บาทๆ,neutral
จะไปยังไงดี มันใช้เวลานาน,positive
ถ้ากิน กินเอมเคโกลเหมาะก่า,negative
cnblue ที่รัก มา showdc เราจะได้เจอนายไหมว่ะ งานยากอะ ซื้อบัตรดูคอนสบายใจกว่าเยอะ 55+ งานฟรีไงเลยยาก เอาจริงฟรีหราาาต้องซื้อของในห้างเนี่ย,negative
"อีเวนท์ดีๆจาก Wanna be 90s/White beer'D/Singha ที่จะพาคุณย้อนไปร้านสองสลึงทองหล่อ21 ...กีต้าร์กับกลอง2คน จุดเริ่มต้นของธรรมเนียม""Yed Heay!!""ในเพลงเพียงกระซิบและมารำลึกเพลงยุค'90,ยุค2000ไปด้วยกันที่ ร้านWhite Beer'D ศุกร์10พย.60 (บุ๋น&แสบshow24.00-01.00น.) มากันนะๆ ไม่เจอกันเกือบ20ปี ใครคิดถึง จองโต๊ะเลย wannabe90s whitebeerd singha ubeer เบียร์กู เบียร์ยู ยูเบียร์ ยูเบียร์กระป๋อง ยูเบียร์แคน มีGU มีU beerku beeru ubeer ubeercan ucan อย่าลืมติดดาวเพจ เพื่อไม่พลาดเรื่องราวและกิจกรรม",neutral
ลืมว่าเอ็มเค เซ็ตต้มยำชีสหมดเขตวันนี้ T___T อดกินเลย,negative
โชว์โคตรดี ไลท์ติ้งนี่งามมาก แต่จบไวไปนิสนุง 555 ISEEYOU ThexxliveinBangkok ThexxliveinBKK SINGHAMUSIC LoveDa VIJICORP,neutral
"วันที่ 12 ตุลาคมของทุกปีเป็นวันโรคข้อสากล โรคข้อนับเป็นภัยเงียบที่คุกคามสุขภาพของคนทุกเพศทุกวัย ไม่เฉพาะแต่ผู้สูงอายุเท่านั้น และหนึ่งในโรคข้อที่สร้างความทุกข์ใจแก่ผู้ป่วยมากที่สุดคือ ""โรคข้อเข่าเสื่อม"" BangkokHospitalRayong",neutral
อิชชี่ใหม่...ย้ายร้านมาอยู่หลังร้านณ.สโมสร หรือฝั่งตรงกันข้ามกับโรงพยาบาลเปาโลสมุทรปราการ ให้ไปกลับรถใต้สะพาน 3 แยกการไฟฟ้า RSVP.02-222-22 (18:00-02:00) ITCHY WAREHOUSE SRINAKARIN JAMESON,neutral
พี่ก๊อน ยั่วตลอดเลย,neutral
บริการความสุขใหม่ๆ จาก Heineken Heineken evomagazinethaiedition evothaiedition,neutral
มาสด้า เลอดิส คลองหลวง ALL-NEW MAZDA CX-5 ให้คุณสัมผัสมุมมองใหม่ที่เหนือกว่า มั่นใจไปกับทุกความแรงที่ควบคุมได้ AllNewMazdaCX5 MazdaThailand,neutral
วึ้ยย,neutral
ของขวัญจากบาร์บีคิวพลาซ่า,neutral
ใช่ๆ เห็นเขาขายกันเกลื่อนไม่ใช่ว่าจะแพงอะชีสบอล,negative
มีให้บริการ ดังนี้ค่ะ - โลตัส ลาดพร้าว (โลตัสพหลโยธิน) - บิ๊กซี ลาดพร้าว (อิมพิเรียล) - บิ๊กซี ลาดพร้าว (2) - ยูเนี่ยนมอลล์ ลาดพร้าว - เซ็นทรัล ลาดพร้าว ^^,neutral
เมื่อคืนมีคนจะตายเพราะกินลีโอปลอม,negative
ปะตั้ม,positive
ตามใจ😙,neutral
เอมจีแซสเอส เจ็ดแสน9ชนะจริงๆ,neutral
ไก่ สวยกล้าท้าทุกแสง คู่หูท้าแดด kmacosmetics,neutral
หล่อประมาณนี้!? Ford Ranger Raptor กับภาพเรนเดอร์ที่อ้างอิงมาจากรถคันจริง,neutral
เคยขึ้นแท็กซี่หน้าหอไปกระทรวงพาณิชย์ เขาถามว่า ธุระที่ทำนี่นานมั้ย ถ้าไม่นาน ผมจะรอ น้าแกจะอยู่แดนรังสิตอย่างเดียวเลย,neutral
ก้อไว้รอก่อนเลยไง จะได้ไม่ตื่นเต้นทีหลัง,positive
อ่านสรุปได้ว่า :- ยืนยันเบื้องต้นว่าไม่ใช่พยาธิ แต่จะเป็นอะไรนั้น ตอนนี้ส่ง lab ตรวจสอบอยู่ จะได้ผลภายใน 7 วันครับ,neutral
ไหนตัง,neutral
จบสวย,neutral
ผมลงชื่อสนับสนุนแล้วครับ เป็นกำลังใจให้ครับ สู้ๆ,neutral
โพเลี้ยง,neutral
เพราะว่าคุณเเป้งเห็นเด็กที่ออพฟิศใช้ก็เลยให้คนไปซื้อมาใช้บ้าง เเล้วทางสเนลไวท์ให้คุณเเป้งเป็นพรีเซนเตอร์,neutral
ไม่มีเบียร์สิงห์บ้างหรอ,neutral
hot pot บ้างไหม,positive
"เข้าฤดูหนาวแร้ว...เทศกาลเบียร์สดก้อมา วันหยุดนี้ อย่าลืมแวะไปอุดหนุน ""เบียร์ช้าง"" เบียร์คนไทยของเรากันนะคับ รสชาตินุ่มเหมาะกับคนไทยในราคาไม่แพง",neutral
เริ่มตั่งแต่วันไหนอ่ะ,neutral
บริษัท นิสสัน มอเตอร์ (ประเทศไทย) จำกัด เสริมทัพ นาวารา ซิงเกิ้ลแค็บ 4WD ใหม่ ปิคอัพอัจฉริยะพลังแรง เพื่อการบรรทุกหนักที่สามารถลุยได้ทุกเส้นทาง และนิสสัน นาวารา รุ่นปี 2018 ที่ได้เสริมเทคโนโลยีอัจฉริยะจาก นิสสัน อินเทลลิเจนท์ โมบิลิตี (Nissan Intelligent Mobility) อย่างระบบกล้องมองรอบคันอัจฉริยะ หรือ Around View Monitor (AVM) ที่ถือเป็นครั้งแรกของกลุ่มรถปิคอัพ นอกเหนือจากอุปกรณ์ด้านความปลอดภัยและอำนวยความสะดวกอย่างเต็มรูปแบบ รายละเอียดเพิ่มเติม :,neutral
สนใจ อัลเมร่า เงินเดือน 12000 ดาวน์เท่าไร,neutral
ปากของwet n wildรู้ว่านานรอดแต่ก็ไม่ค่อยกล้า แม่งอยู่นะ แต่คราบ 55,negative
ทำไมให้น้องโฆษณาผ้าอนามัย..,negative
ม่ายย😢😢,neutral
จังหวัด พิษณุโลก มีให้บริการดังนี้ค่ะ - เซ็นทรัล พิษณุโลก - โลตัส พิษณุโลก 2 - บิ๊กซี พิษณุโลก ^^,neutral
ขี่เเลมโบกินี้กูจะไมว่าซักคำเรยเเค่ยาริสทำมะดารดบ้านผมยังแพงกว่าอีกป้านิสัยเเบบนี้เลิกซะ,negative
ไม่มีตัง,neutral
เป็นคนเดียวป่ะที่ไม่ชอบกลิ่นเซ็ต innisfree bija โครตไม่ชอบเลย กลิ่นมันดูแนวสมุนไพรอ่ะ แต่ของ sulwhasoo กลับเฉยๆ,negative
ชอบ SPY Cooler เพราะให้รสชาติกลมกล่อมดื่มง่าย หอมเหมือนน้ำผลไม้ เป็นคนที่ไม่ชอบดื่มอยู่แล้ว พอมาเจอ spy cooler บอกเลยรักหมดใจ ไม่เปลี่ยนใจไปกินอย่างอื่นแน่นอน ที่สำคัญกินแล้วแก้มจะเป็นแดงๆหน่อย อันนี้แล้วแต่บุคคล อิอิ 😊😊🍷💋💋,neutral
จัดดิรอไร. แกรเชื่อมะแบบวันไหนเซงๆนะจะซื้อสปายไปกินเล่นๆคนเดียววงย้อมใจ555,negative
เราอยู่ในยุคที่ผ้าอนามัยเป็นของลิมิเต็ด... ผู้บริโภค,neutral
รถโตโยต้าไมคะ เคยเติมเกบางทีขึ้นช้ามาก ขับไปเปนครึ่งชม.ถึงจะขึ้น,negative
ช้าไม่ได้แล้ว!!! กับ อั่งเปา ส่วนลด พิเศษ คุณอาจโชคดีได้ กินฟรี ยกโต๊ะ และส่วนลดอื่นๆอีกเพียบ เทศกาลตรุษจีน ที่ HOT POT BUFFET พิจิตร link sinvlcdo QR code,neutral
อิ่มละ,neutral
เลี้ยงสิ,neutral
"ไม่เปลี่ยนครับ มั่นใจ 1,000,000%",positive
ถ้าซื้อ 2ปอนด์มานี่ งานช้างเลยนะ .. ครั้นจะแบ่งไปให้คนอื่นกินก็ละอายอ่ะ มันไม่อร่อยอ่า,negative
อยากกิน555นะๆๆ,positive
เปลี่ยนเป็นสเมอนอฟ แทน น่าจะอร่อย,positive
ขอดูออัลเมร่า ออโต้ค่ะ,neutral
101 สัมภาษณ์นักการเมืองเรื่องผ้าอนามัย คนจำนวนมากด่านักการเมืองว่าไม่มีอะไรจะหาเสียงแล้วหรอ พวกนี้อ่านหนังสือไม่แตกว่าตอนนี้ผ้าอนามัยจัดอยู่ในประเภทเครื่องสำอาง เสียภาษีแบบสินค้าฟุ่มเฟือย แล้วโวยทำไมถ้ามีคนเสนอให้แจกผ้าอนามัยฟรีตามศูนย์อนามัย ทุกวันนี้ก็แจกถุงยางฟรี,neutral
พรรคเพื่อไทย ได้ใสหัวออกไปเพราะจากใครเป็นมือขวาเปรตที่ทุเรศจากสงขลา เตรียมขจัดอาชา เบียร์ยี่ใหม่ ซึ่งเบียร์ไทยเตรียมส่งทั้งลีโอและช้างสนับสนุนยล นักลงใหญ่หลายค่ายไม่ช่วย เตรียมซวยกันทั่วหน้า เมือประชาลุกฮือ ไม่เอาทั้งอาชา และลีโอหรือช้างอีกต่อไป,neutral
สุข ทุกข์ ก็ยังคงอยู่ให้กำลังใจกันและกัน รักลูกนะ Chivas Regal,neutral
กั้กว่างทุกกินของฟรีทุกวันเลยน้าา,neutral
อย่าไป ถ้าใจไม่พอ ไอเลิฟยู ไอเลิฟเปรู . แคมเปญใหญ่จาก U ค้นหาผู้ที่ใจพอไปสัมผัสประสบการณ์ที่ครั้งหนึ่งในชีวิตก็หาไม่ได้ เตือนก่อนนะ อย่าไป! ถ้าไม่ใจพอ ประทศเปรู มาชูปิดชู ไปฟรีกะ U beer (Machu Picchu Ultimate Peru) 😁 ถ้าใจพอ รีบสมัครได้ที่ . machUcan myUis machUcitizen Ubeer มีUมีGu ไม่สดไม่สุดไม่ทำนะU . เบียร์กู เบียร์ยู ยูเบียร์ ยูเบียร์กระป๋อง ยูเบียร์แคน มีGU มีU beerku beeru ubeer ubeercan ucan รีวิวเซเว่น เซเว่นมีขาย ป๋องเหลือง ขวดฉลากยูเท่านั้น . อย่าลืมติดดาวเพจ เพื่อไม่พลาดเรื่องราวและกิจกรรม,neutral
เค้าก้อเอาไปสูบกันเิงน้ำละ ตำรวจ แม่ง ยื่น Vape หน้า สน หน้า สถานีตำรวจ ยังมีเลย ไม่จับคนของตัวเองก่อน แต่ไล่จับแต่ประชาชน ดีเนอะ บุหรี่สารพิษเยอะกว่า ถูกกฎหมายเพราะภาษี แดกกันเข้าไป กะลาแลน ปฎิรูป พวกมึงก่อนเหอะ,negative
เอาสิ เปนน้องต้องพี่เลี้ยงอยู่ละ 555,neutral
จะไปก่อน หรือไปพร้อมลูก 555,neutral
ไม่รู้นะ ลุงผมป่วยเป็นมะเร็งยังไม่คิดให้ใครมาบริจากช่วยเลย ก็ทำงานหาเงินรักษาเอาเอง... มันไม่พอก็ต้องกู้เงินมาใช้จ่าย,neutral
หายใจแล้วจะปลิ้วมั๊ยคะ บางเกิ๊น,negative
ที่ร้านก้อนเป็นน้ำซุปไก่ คุณลูกค้า อิสลาม ทานได้นะคร้าบบ^^,neutral
กิน ๆๆ 555,positive
สาขาที่ร่วมรายการมีดังนี้ค่ะ โลตัส เพชรบูรณ์ บิ๊กซี หล่มสัก เพชรบูรณ์ ^^ ลองแล้วแวะมาเล่าให้แอดมินทราบบ้างนะคะ ^^,neutral
อัพเดต พายุปาบึก 4 ม.ค. 62 เวลา 22.05 น. สรุปการประชุม กสทช.-ค่ายมือถือ ประชาชนในพื้นที่ประสบภัย จ.นครศรีธรรมราช ใช้บริการดาต้า (เน็ตบนมือถือฟรี 1GB) โทรฟรี 50 นาที 4-6 ม.ค.นี้ ค่ายมือถือจะส่ง SMS ยืนยันให้ผู้ใช้บริการอีกครั้งนะคะ ส่งใจสู้ปาบึก ปาบึก Pabuk ไทยรัฐ,neutral
พรุ่งนี้,positive
"ก็ไม่นะ เพราะก่อนหน้า X1, C300 ที่แรงบิดเยอะๆ ต้นแรงๆ ผมใช้ camry hybrid มันก็เป็นบุคลิกของรถสองแบบ การขับรถ hybrid หลายๆคนไม่ได้คำนึงเรื่องแรง หรือต้องประหยัดมาก (เพราะทั่ง X1 ทั้ง C300 ประหยัดกว่า, C300 hybrid ก็จริงแต่ได้เครื่องดีเซล ซึ่งhybrid benz ไม่เอาอ่าวเท่าไหร่) แต่เป็นการซื้อฟีล ว่าได้ขับในโหมดไฟฟ้า ได้ใช้ระบบ hybrid (ซึ่งก็ขัดกับคนไทยส่วนใหญ่ ที่มองว่ามันต้องประหยัดน้ำมันเท่ากับส่วนต่าง 2แสนจากตัวธรรมดา เหมือนคิดว่า eco car มึงต้องถูกไว้ก่อน) นั่นแหละ แค่จะบอกว่า คนเลือก hybrid มันไม่สน hee สน taed หรอก ว่าต้องแรงมาก",neutral
cf กันแดดชิเชโด้ 2550,neutral
สั่งดับเบิ้ลชีสเบอเกอร์มากินเพราะคิดว่าจะได้เนื้อ2ชิ้น อิเวง ละจะไม่เจ็บใจเลยถ้าบิ๊กแมคไม่ได้ราคาเท่ากันแต่ได้เนื้อ2ชิ้นและขนมปัง3แผ่น สึส!,negative
ค่ำๆกับ TOYOTA HILUX VIGO และ Pioneer AVH-A205BT สร้างความสุข ทุกการเดินทาง,neutral
Cf /คีลส์โลชั่น /1570,neutral
วันน้ีว่างจ้า เอาเลยไหม 55,neutral
ถูกสาด !! ผิวก็ยังสวยหน๊าาา แป้งเจ้านางกันน้ำ ลิปเจ้านาง เพิ่มสีสัน สวยทนไม่หลุดง่าย!!! สงกรานต์นี้ ตามมาใช้กันคร้า แป้งกันน้ำ หน้าสวยรับสงกรานต์ พร้อมปกป้องผิวด้วย SPF 20 PA+++ กันน้ำ กันเหงือ คุมมันดีสุด !!! แป้งเจ้านาง แป้งพัฟเจ้านาง Chaonangthailand Chaonangthailandofficial แป้งพัฟ แป้ง แป้งพัพถูกและดี แป้งผสมกันแดดที่ดีที่สุดในยุค แป้งผสมรองพื้น แป้งพัฟคุมมัน ลิปเจ้านาง ลิปแมทเจ้านาง ลิปแมท สอบถาม-สั่งซื้อ-สมัครตัวแทน โทร. 088-888-88 📲Line : 📩Inbox : m.me/chaonangthailandofficial,neutral
"🔥🔥🔥 บัตร 350 บาทเท่านั้น 🔥🔥🔥 👉บัตร 2 ใบ ใช้ลด Chivas Extra จาก 2,200 เหลือ 1,500 บ. 👉บัตร 1 ใบ ใช้ลด Jameson จาก 1,350 เหลือ 1,000 บ. 👉บัตร 1 ใบ แลกเบียร์สิงห์ 1 ขวด สอบถามหรือจองโต๊ะ ด่วนๆ 02 222 22-1 Line :",neutral
1 ชุด กินได้กี่คนค่ะ,neutral
รสชาติแห่งวันหยุดวันสุดท้าย… รีบกินซะ! Absolut AbsolutThailand,neutral
สาขาเซนทรัลชลบุรีบริการแย่มากเลยนะคะ สั่งอาหารเป็นเซต ตอนมาได้แค่ข้าวจานเดียวกับน้ำซุปป่าวๆ ไม่มีเกี๊ยวมาให้ บอกอย่างเกี๊ยวหมด แล้วแบบนี้จะขายเป็นเซตทำไมคะ ? 👎🏿,negative
กระเทียม?,neutral
เราพัฒนาNissan X-Trail Hybrid มาเพื่อลดเชื้อเพลิงและเป็นมิตรกับสิ่งแวดล้อมจริงๆครับ,neutral
ให้คุณได้ทราบล่วงหน้า ก่อนการเดินทาง ระบบตรวจวัด และแจ้งเตือนแรงดันลมยาง (Tire Pressure Measuring System) ในเชฟโรเลต เทรลเบลเซอร์ Z71 ใหม่ ระบบจะแจ้งเตือนทันที ที่พบแรงดันลมยางล้อใดล้อหนึ่งไม่เหมาะสม สัมผัสผู้ช่วยที่เป็นมากกว่าแค่ SUV ได้ที่โชว์รูมเชฟโรเลตทั่วประเทศ รายละเอียดเพิ่มเติม คลิก,neutral
ดีๆๆๆ,neutral
หิวแต่ไม่อยากกินไก่แมคอะ กำ,negative
บาบีกอน คือ ทางออก,positive
คูปองยังไม่ได้ใช้เลยค่ะ ไปกดตอนจ่ายตังค์ บอกใช้ไปแล้วค่ะ เสียความรู้สึกมากค่ะ ใช้ได้เฉพาะ 10% คูปองกินฟรีใช้ไม่ได้ค่ะ,negative
เปิดตัว ช้างอารีนา Chang BURIRAM COUNTDOWN 2018 @ Chang ARENA - ช้างอารีนา ChangARENA ช้างอารีนา TheFestivalOfLight2018,neutral
มีแสงโสมให้กินบ่,neutral
ได้เอ็มเคที่ตูดด้านกับผีมาด้วย ดีลโคตรดี,neutral
โดนขังเพราะบุหรี่ไฟฟ้า,negative
ขอเอาชัวร์ๆนะ,neutral
โปรโมชั่นนี้เฉพาะจันทร์-ศุกร์ค่ะ วันอาทิตย์พาครอบครัวไปเติมความสุขกันนะคะ ^^,neutral
ติดตามมาตั้งแต่อยู่เวปเก่า และซื้อรถคันนี้ คันแรก ก็จากรีวิวในเวปเก่า ออกรถวันที่ 21 กพ 2009 ก่อนเปิดเวปไม่กี่วัน ตามไปค้นอ่านรีวิวในเวปต้องห้ามอีกหลายรุ่น จนมาสร้างเวปเอง สมัครสมาชิกเป็นรุ่นแรกๆ มีโอกาสเจอตัวเป็นๆ ตอนพี่จิมไปเทสรถ ออลนิว ดีแมก รุ่นปี 2012 ที่ปาย ได้พาไปทานข้าว ได้ปรึกษาเรื่องรถอยู่หลายครั้งมาก จนตอนนี้ซื้อรถเพิ่ม เปลี่ยนรถใหม่มา 3-4 คัน ก็อ้างอิงข้อมูงจากในเวปนี้เป็นหลัก ผมประทับใจ และจะขอติดตามเวปตลอดไปครับ,positive
28 วันไรว่ะ555,neutral
คนท้องทำไมต้องฟันผุ เปิดมาแบบนี้มีคำตอบค่า เพราะคนท้องจะหิวและทานอาหารบ่อยขึ้นมาก บวกกับฮอร์โมนก็สูงขึ้น ทำให้เหงือกอักเสบและเลือดออกง่าย พอแปรงแล้ว รู้สึกเจ็บจี๊ด ก็หยุดสิคะ ทำให้การแปรงฟันดูเป็นเรื่องลำบากขึ้นมาทันที แล้วก็ฟันผุในที่สุด... แล้วต้องทำยังไง คุณหมอสูติฯ มีคำแนะนำค่ะ 📍 ศึกษาข้อมูลเพิ่มเติม คลิก!! : 📍📍 สอบถามข้อมูลเพิ่มเติม : 📞 Samitivej Call Center 020-222-222 SamitivejHospital โรงพยาบาลสมิติเวช,neutral
ข้าวน้ำตก ให้มีตลอด มาแทนกะเพาก็ได้,neutral
มาสด้ากินน้ำมัน,negative
ให้น้องโท,neutral
เลี้ยงฮอตพอตปิดปาก,neutral
เซเว่นก็มีครับ,neutral
เจอในโฆษณา Garnier อ่ะ คือแบบหล่อชิบหาย แล้วได้ยินนางพูดภาษาเกาหลี แสดงว่าเป็นอ้ปป้า เป็นไอดอลป่ะ หรือนักแสดง นาง…,negative
ที่ห้องมีแต่หมอน !!,neutral
เชื่อว่าสำหรับสายเที่ยวผู้หลงใหลในอารยธรรมดั้งเดิมของพื้นที่ประวัติศาสตร์ต่างๆ ทั่วโลกแล้ว คงไม่มีใครห้ามใจไม่ให้เต้นตึกตักไปกับภาพซากเมืองหินโบราณ ที่มีฉากหลังเป็นธรรมชาติเขียวชอุ่มตรงหน้าได้ นั่นจึงเป็นเหตุผลว่าทำไม มาชูปิกชู (Machu Picchu) หรือที่ถูกขนานนามว่าเมืองสาบสูญของชาวอินคา จึงได้รับการยกย่องโดยองค์กร UNESCO ให้เป็นหนึ่งในมรดกโลกตั้งแต่ปี 1983 รวมถึงยังได้รับเลือกจากประชาชนทั่วโลกให้เป็นหนึ่งในเจ็ดสิ่งมหัศจรรย์ของโลกยุคใหม่ . แน่นอนว่ามาชูปิกชู ยังเป็นอีกหนึ่งในสถานที่ยอดฮิตที่นักเที่ยวทั่วโลกพากันยัดรายชื่อใส่ไว้ใน Bucket List ที่ใฝ่ฝันอยากจะไปเยือนสักครั้งก่อนตาย แต่แหม ด้วยความที่เจ้าซากอารยธรรมนี้ตั้งอยู่ไกลถึงประเทศเปรู แถมยังถูกยกย่องว่ามีดีกรีเหนือกว่าที่เที่ยวอื่นๆ ทั่วไป (ไม่เหนือได้ไง ก็สูงกว่าระดับน้ำทะเลตั้งเฉียดหมื่นฟุต!) ค่าใช้จ่ายในการไปเยือนสักครั้งหนึ่งย่อมต้องไม่ใช่ไก่กาอาราเล่แน่นอน เพราะฉะนั้นเมื่อมีโอกาสได้ไปสักครั้งหนึ่งแล้ว ก็ต้องห้ามพลาดฟาดไฮไลท์เด็ดๆ ทั้งที่เที่ยว ที่กิน ที่ถ่ายรูป ให้ครบทุกอย่าง ซึ่งงานนี้เราก็ไม่ได้มาบิ๊วท์เฉยๆ แน่นอน เพราะเราได้รวบรวม 4 ข้อ Must Try มาไว้ให้เรียบร้อยแล้ว! . อ่านบทความต่อได้ที่ : . TheMATTERxUbeer Ubeer machUcan machUcitizen มาชูอ่ะปิกชู มาชูยูแคน ถ้าอยากปิกยูวไปเที่ยวด้วยต้องทำไง เที่ยวที่ดีต้องเที่ยวฟรีเท่านั้น Advertorial,neutral
"พร้อมให้ใช้งาน เผยรถยนต์ฮอนด้า 12 รุ่นที่ติดได้ ราคา 5,900 บาท",neutral
รวมชุดผักด้วยไหมค่ะ,neutral
แต่อาจจะเป็นเพราะวันนี้ไม่ค่อยกัดปากด้วยส่วนนึง แต่ก็เพราะมันไม่ได้แห้งกร้านแถมหนืดๆเหนียวๆแบบ nyx อะ ฮือ,negative
เมื่อเบนต้องกินบาร์บีกอนคัดสรร 10 ชุด!!,neutral
ไปกินงี้กันมั้ย,positive
"โรงพยาบาลสมเด็จพระยุพราชสระแก้ว ขอเชิญชวนผู้มีจิตศรัทธาทุกท่าน ร่วมบริจาคเงินสมทบทุน เพื่อกองทุนดูแลผู้ป่วยโรคหลอดเลือดสมอง บริจาคเงินจำนวน 200 บาท รับเสื้องาน ""แสงนำใจ ไทยทั้งชาติ เดิน วิ่ง ปั่น เฉลิมพระเกียรติ ครั้งที่ 3"" พร้อมเหรียญที่ระลึก ติดต่อได้ที่ศูนย์คุณภาพ ชั้น 3 อาคารผู้ป่วยนอก โรงพยาบาลสมเด็จพระยุพราชสระแก้ว โทร 037-243018-20 ต่อ 235 (ในวันและเวลาราชการ) หรือบริจาคได้ที่หน้างาน""เดินรณรงค์ป้องกันอัมพาต จ.สระแก้ว"" วันที่ 26 พฤศจิกายน 2560 ณ โรงพยาบาลสมเด็จพระยุพราชสระแก้ว ตั้งแต่เวลา 05.30 น. เป็นต้นไป",neutral
นึกว่ากินสิงห์,neutral
วันหลังนะ วันนี้ธุระเยอะ,neutral
พี่ยอร์ชต้องสัก3-4ชุดถึงจะอิ่มอ่ะ55,positive
อีกไม่นาน สู้ไปด้วยกัน😚😍ฮอนด้าแจ๊สต้องมี😄,neutral
ปิดปาป้าเลี้ยงหนะหรอ บ้าแล้ว,neutral
ทศกัณฐ์ ตัวร้ายที่รักเป็น,neutral
เรามันคนโสดไปไหนมาไหนเราก้ไปด้วยตลอดเวลา เราไปเค้าท์ดาวน์กัน ช้าง Chang TBC 2018 มึงเตรียมตัวไปมันกัน 30 ธันวาคม 2017,neutral
อาบน้ำก่อน รอกินบาบีก้อนกันนะ เตรียมตัวรอ,neutral
555..พลอยช่วงนี้หายเงียบ,neutral
จัดไปอย่าให้เสีย,negative
กำลังหิวว่าจะไปเจอแบบนี้เงิบ,neutral
สัสหมา,negative
ก็พกมาร้อนเดียวนี่.,neutral
คันนึงล้านกว่าเอายาริส99ม้าไปหาน้าแจ่มไม่ถึงล้านเกิน300ม้าแล้ว,neutral
วันนี้เลย 55,positive
(สายมโน) นิสสันอาจจะทำเครื่องกระบะ ดีเซลv8 หรือ ดีเซลv10 ของตัวเองออกมาก็ได้,neutral
จับบุหรี่ไฟฟ้า ยึดรถ??,negative
ผลทดสอบจากสถาบัน Cancer research of UK นี่สงสัยยังไม่พออีกสินะ,neutral
ชายคะะะ,positive
น่ารักจัง55,positive
ช้ากว่านี้กฎหมายมีแต่จะเข้มขึ้นคับ,positive
ไปกินกันนน นั่งรถไปเซน,positive
กล่องข้าวแลกซื้อ เตาอบซื้อได้เลยมั๊ง,neutral
หยิบผ้าอนามัยมาผิด เอาแบบเย็นมาใส่ตอนจะนอนละเสือกนอนห้องแอร์ อีสัด รู้สึกเหมือนพรุ่งนี้เช้าน่าจะมีแม่คะนิ้งมาเกาะที่หี. 55 ยืมเมจforsex,negative
อยากจะจัดเครื่องดีแมคจริงๆเลย 55,positive
อันนี้แม่งฮาจริง ทรงเป็นสามัญชน 55,negative
เออ55,positive
"อย่าลืมนะคะ วันนี้นี้ เรามีนัดกัน !! พฤหัสบดีที่ 21 ธันวาคมนี้ เวลา 14.30 เป็นต้นไป โดย นพ.นรชาติ รัตนชาตะ (จิตเวชศาสตร์) ""ปัญหา...สุขภาพเพศชาย"" Live กัน ""สดๆ"" ถามกัน ""สดๆ"" พร้อมกัน !! ""พูดคุยกับแพทย์เฉพาะทาง"" ""พร้อมตอบปัญหาสุขภาพทุกข้อสงสัย"" ""ตอบคำถามชิงรางวัลมากมาย"" Live !! เรื่อง สุขภาพ เราเชี่ยวชาญ แล้วเจอกันนะคะ DoctorBLive FacebookLive เรื่องสุขภาพมั่นใจให้เราดูแล โรงพยาบาลกรุงเทพราชสีมา",neutral
"มิตซู เตชอัมพร (แยกบางแพ) ขอเชิญทุกท่านเที่ยวงาน Mini Motor Show @ งานกาชาดราบุรี ร่วมสัมผัสและทดลองขับยนตรกรรมชั้นนำจาก มิตซูบิชิ ทั้ง 4 รุ่น ได้แก่ ปาเจโร สปอร์ต, ไทรทัน, แอททราจ , มิราจ และยังได้ใกล้ชิดกับ MC ชั้นแนวหน้าของเมืองไทย และ พริตตี้ตัวท๊อปติดอันดับ 1 ใน 10 จากมอเตอร์โช์ ชมการแสดงโชว์ล้างรถจากพริตตี้ สาว สวย sexy และ โชว์พิเศษจากแชมป์โคโยตี้ประเทศไทย นินิวเอวเด้ง พร้อมรับข้อเสนอสุดพิเศษ เงื่อนไขเดียวกับงานมอเตอร์โชว์ อีกเพียบ พบกันที่บูธของมิตซูบิชิ โดย มิตซูเตชอัมพร ตั้งแต่วันที่ 24 มีนา-1 เมษา 61 นี้ นะค่ะ",neutral
พูดแล้วหิว,positive
ต่อให้ทั่วโลกจะประกาศว่าบุหรี่เป็นโทษ มีรูปน่าเกลียดน่ากลัวบนซอง เรื่องภาษีเก็บโครตของโครตแพง ราคาต่อซองก็เพิ่มขึ้นก็ไม่เห็นว่าโรงงานผลิตมันจะเจ๊งสักประเทศ คนที่อยากสูบก็ยังสูบต่อไป แถมสถิติคนสูบเด็กลงเรื่อยๆ อันนี้ต้องอยู่สติของคนสูบแล้วหล่ะ,negative
สวัสดีค่ะ ตอนนี้คือสุดๆอ่ะ เติมเน็ตรายวันอันนู้นก็ม่ได้อันนี้ก็ไม่ได้เพราะเบอเพิ่งเปิด คือแร้วพอกูเติมแบบ19บาทใช้งานม่ถึงชั่วโมงแม่งไม่โหลดเหี้ยไรเรยกูก็เปลี่ยนเป็น22บาท ชิบหายไม่ต่างกันเรย คือวันๆๆๆกูต้อวสมัคร2-3รอบ อีกเหี้ยเสียเงิน4-50บาทม่ได้เหี้ยไรเลยคือกูต้องทำไงมาบอกกูสิ,negative
เขาโฆษนาผ้าอนามัยนี่คับ,neutral
บ้านเรามันเป็นสิ่งเสพติด55ขำจิงๆปวดหัวกะประเทศไทย,neutral
มั่นใจเลือก มิตซูบิชิ เป็นเพื่อนคู่ใจตลอดทุกทริปไม่ว่าจะเหนือใต้ออกตก เธอก็อยู่ข้างกันเสมอ ประหยัดน้ำมันมาก คุ้มค่า จริงๆ ครั้งนี้ขอเจ้าหนูขาวนำโชคให้พี่ด้วยน้าาา พี่อยากไปMeet&Greet พี่ขุนเรือง เพี้ยงๆๆๆ😁😁😁😉😉 Mitsubishi Attrage,positive
ซื้ออยากกินตอนนี้เลย,neutral
ไปมั้ยนู๋น้อย ไอริน,neutral
ไม่เหี้ยทำไม่ได้นะแบบนี้ ไอ้หน้าข้อศอกหมาเอ้ย 😡😡😡,negative
ให้มีตังก่อย,positive
พรุ่งนี้ทางบริษัทฯ มีการจัดงาน ISUZU MU-X Day ที่โรบินสันกาญจนบุรี มีแคมเพจน์พิเศษมากมายด้วยคะ ยังไงเรียนเชิญคุณลูกค้านะคะ 😁,neutral
พาไปกินหน่อยน้าาปั๋ววว,positive
เอาใจช่วยครับ.ขอให้ผ่านไปได้ด้วยดีครับ,positive
ชอบตัวนี้มากกว่า anessa ละ,negative
ตอนนี้ช้อตว้ะ555,negative
หลายหมีมาใหม่ยังครับ,neutral
วันพุธนี้ไปกินกันมั้ย เวสเกต,positive
เฮ้ย กิน!!!,neutral
จะกินอันนี้ก่อนกลับบ้านน,neutral
ตอนนี้รู้สึกว่าหน้าเฉยเฉยกับbiothermไปแล้ว เลยจะลองพักการใช้สัก7วัน ถ้าหน้าไม่เปลี่ยนแปลงอะไรก็จบ จะไม่ไปต่อ แฮ่,negative
จัดไปเลยจ้ะหนู,positive
ออๆๆลืมๆๆขอโทดๆๆๆ เสียใจด้วยนะจ๊ะ😟😟😟,negative
แม่ชีศันสนีย์รักษามะเร็งทางแพทย์-ธรรมชาติบำบัด ตามวิถีพระพุทธเจ้า เชื่อจะสามารถฟื้นฟูกลับมาตามปกติ,neutral
ถ้วยอนามัย ทางเลือกใหม่ของสาวๆ ที่ใช้แทนผ้าอนามัยได้ อ่อนโยนต่อจุดซ่อนเร้น มาน้อยมามากก็เอาอยู่!!,positive
โมเดสไม่ดี ห่อตัว แบบเย็นไม่ชอบ ใส่แล้วห.ชา,negative
ก่อนนอนอีกแล้ว mk 😂,positive
ปิคอัพอัจฉริยะพลังแรง! เหนือกว่าด้วยเทคโนโลยีอัจฉริยะ กล้องมองภาพรอบทิศทาง AVM ต้อง นิสสัน นาวารา เท่านั้นค่ะ,positive
🍒ช่วงนี้อินลิปเเมทYSLตัวนี้หนักมาก🍒เบอร์1นะ เราชอบตรงที่ถ้าทาเเบบใช้มือเกลี่ยๆ จะได้สีชมพูกลางๆ กำลังน่ารักเลย เเต่ถ้าทาเเบบเต็มปาก จะได้ลุคที่เเซ่บมากกก ข้อดีหลักๆเลยคือเป็นลิปที่ทาเเล้วสบายปากมาก เเนะนำเลยค่า Yves Saint Laurent Beauté- YSL Thailand,positive
โดนมั้ยล่ะเพื่อน 😂😂,neutral
เพื่อนบางคนก็ไม่ควรเป็นเพื่อน เกลียด!!,negative
มึงคือนางพญาแสงโสมปะ,neutral
รสชาติดีมากครับ กินง่าย ไม่ขมคอ,positive
Cf dior lip nude 126 680,neutral
ซัมเมอร์นี้ คือดีอ่ะ 😍😘 ⭐️⭐️⭐️⭐️⭐️ ครีมกันแดดหน้าเนียนเลน่า หน้าเนียน ใสๆ บางเบา ไม่โบ๊ะ สวยผ่องมีออร่า กันแดดเนื้อมูสของ Lena เลน่า คือดีงามมาก เป็นกันแดดเนื้อเนียนนุ่มทาแล้ว เบาสบายหน้ามาก ตัวนี้ลงปุ๊บผิวจะเนียนๆ แห้งเป็นเนื้อแป้ง ไม่เป็นขุย ไม่ตกร่อง แบรนด์นี้ค่อนข้างออแกนิค ใครสายสวยใสไม่โบ๊ะต้องลอง เวลาใช้แต้มนิดเดียวพอนะคะ ตัวนี้ทาปุ๊บผิวจะไบรท์เลย ไม่มัน เหมาะกับทุกสภาพผิว ครีมกันแดดหน้าเนียน สินค้าขายดีแบรนด์เลน่า,neutral
วิธีการสื่อสารกับเด็กๆ ของ อ.ปิยบุตร น่าสนใจ น้ำเสียงสบายๆ ดูไม่ประดิษฐ์ ขายของไปเรื่อยๆ เด็กถามก็ตอบธรรมดาๆ ไม่รู้สึกถึงการยัดเยียด ดูจากรีแอคชั่นของเด็กเห็นได้ว่าเด็กสบายใจที่จะคุยด้วย และที่ดีมากคือแม้เด็กอาจจะอายุไม่ถึงวัยเลือกตั้ง แต่ใช้เวลาพูดคุยด้วย pic.twitter.com/pB3s0QUUmD,positive
บายไปละะะ ได้บาบีก้อนละตอนนี้ลืมหมดแบ้วคิคิ,neutral
"ยังไงไทยก็ได้ใช้และเป็นฐานผลิตรถยนต์ไฮบริด ปลั๊กอินไฮบริด และ อีวี ครับ 5ยี่ห้อที่ประกาศลงทุนเพิ่มไปแล้วเพื่อผลิตจำหน่ายและส่งออก ครับ Toyota ลุยไฮบริด รุ่นแรกที่คนไทยได้ใช้คือ C-HR ครับ MG สนใจEV Mazda,Mercedes-benz รถยนต์ไฟฟ้าสำหรับคนไทยไม่ใช่เรื่องไกลตัวครับ เพราะมาตราฐานเทคโนโลยีเราตามยุโรปเพียงแค่1step ยุโรปใช้ ยูโร6 ไทยก็ใช้ ยูโร5 เพราะฉะนั้น เทคโนโลยีมลพิษก็ต้องลดลงตามยุโรปครับ แต่ละยูโร จะมีอายุ5ปี ครับ",neutral
สำหรับน้ำมันเกียร์ แคปติว่า ที่ บี-ควิก ยังไม่มีบริการเปลี่ยนครับ แนะนำให้เข้าศูนย์โดยตรงครับ,neutral
หัวหน้าผม ตอนจนๆ ก็อยากได้รถแพง พอมีรถแพงแล้ว แกก็เห่อขับอยู่พักใหญ่ แต่ตอนนี้เอาไว้จอดครับ แล้วแกไปซื้อ MG3 มาขับแทน พร้อมชนทุกคัน,negative
"ธนากร ฟ้าเดียวกัน เป็นนายทุนให้เวบสมัยบอร์ดฟ้าเดียวกันยังไม่ปิด (สมัยทักษิณ 1) แกยังลงมาตอบกระทู้กับพวก สมศักดิ์ เจียม, ปิยบุตร อยู่เลย สโลแกนไม่เอาเจ้า, ไม่เอาสำนักงานทรัพย์สิน เดี๋ยวนี้มาตั้งพรรคการเมืองหรือ เอ้าลองดู 55",neutral
นิสสันชัยนาท เลทการดาวและส่งไห้ด็ดูหน่อยครับ,positive
เอาใจก้อนแลกไปเล้ยย <3 <3,neutral
Ford Fiesta ฟอร์ด เฟียสต้า ประตูชอบปิดไม่ได้,negative
ก้อยขม ต้มแซบ เบียร์ช้างเย็นๆคับ😀😬,neutral
CX5 mazda 2 ดีเซล ปัญหาน้ำดันฝาสูบโก่ง,negative
ไปไหมๆๆคะ,neutral
ได้ๆๆๆเยย,positive
จริงค่ะ คันเก่า วีออส ซิ้อป้ายแดงมาขับนาน 10 ปี ใส่น้ำยาหม้อน้ำตลอดไม่มีปัญหา เพราะรถใหม่ ถ้าเป็นรถเก่าช่างจะไม่แนะนำให้ใช้ เพราะ จะทำให้หม้อน้ำเป็นรังผึ้ง ช่างแนะนำว่าใช้ได้เฉพาะรถใหม่ค่ะ,neutral
รีโว่4ประตูพรีรันเนอต้องเติมเท่าไหร่,neutral
55 ตกลงจะวันนี้หรอ,neutral
เพราะเหล้าเรดปลอม เน๊อะ,negative
เฮียเขาจะถอยดีแม็ค,positive
285 อาชา ลีโอ จัดมาชุดโต รอบนี้เฮ้าจ่าย ผุ้สาวขี้เหล้า หน่อยค่ะ,neutral
จริงที่สุด,neutral
ก็ยึดแนวพอเพียงไง จะมีกด ้กินแบลคกินเรด สู่ไม่ไหวหรอกโยมมันแพง,negative
555วันนี้ป่ะ,positive
ถ้ามึงเลี้ยงกูก็พร้อม,neutral
มาต้ะ 555,positive
สุ้ๆๆคะเจ้,neutral
"รอบ 8 คน ระทึก ""พุฒ อุบล"" ท้าชน ""จิ๋ว เชียงราย"" ""เจี๊ยบ แมนยู"" จะบู๊กับ ""เติ้ล โคราช"" .. ศึกสอยคิว ""SM SangSom 6 Red Open 2017"" สนามที่ 3 ณ เอสเอ็ม สนุกเกอร์ คลับ วันที่ 16 ต.ค. นักสู้เมืองดอกบัว ""พุฒ อุบล"" (ประวิทย์ วรรณแสง) โชว์สเตปในรอบ 16 คนด้วยการเชือด ""อาร์ท โคราช"" (อัครเดช วีระสัตรา) 4-2 เฟรม ผ่านเข้ารอบ 8 คน ไปเจอศึกหนักกับจอมแม่นจากยอดดอย ""จิ๋ว เชียงราย"" (พชร มาเยอะ) ทางด้านจอมแม่นร่างยักษ์แต่หัวคิวเล็กจี๊ดเดียว ""เจี๊ยบ แมนยู"" (กรกต ทองคำ) จะเข้าไปวัดความสดกับ ""เติ้ล โคราช"" (ตะวัน ฉายแสง) ที่อกหักจาก 2 สนามแรกมารวด ซึ่งพรุ่งนี้จะมีเพียงรอบ 8 คนรอบเดียว โดยเริ่มในเวลา 18.00 น. ทาง SnookerSociety จะแชร์มาจากเพจ SangSom 6 Red ให้ได้ชม .. เรื่อง : แอดฯชัช ภาพ : โต้ง แสงโสม",neutral
สาวกแดนซ์ปาร์ตี้เตรียมพบกับประสบการณ์ทางดนตรีครั้งยิ่งใหญ่ กับงานปาร์ตี้ที่ทุกคนรอคอย ‘Sensation Thailand 2018 Presented by Heineken’ พร้อมระเบิดความมันส์ 29 กรกฎาคมนี้ ณ ไบเทค บางนา Sensation SensationThailand SensationThailand2018 Heineken IMEthailand IMEgroup CPN MET107 MONO29 MTHAI JOOX ticketmelon HiSoParty Heineken presents Sensation Thailand 2018,neutral
ทำไมเป็นมนุดที่ใช้การ์นิเย่ไม่ได้ ใช้กี่ครั้งก็คราบ อดทนลองใช้มาทุกรุ่นก็เป็นคราบ ทำไมม,negative
อันนี้ก็ขึ้นก่ะสันดานคนสูบครับ ถ้าเป็นที่ๆจัดให้สูบก็ว่าอะไรไม่ได้ แต่ถ้าเป็นที่สาธารณะ ก็ไม่ควรสูบทั้งคู่ครับ ของผมนี่ ที่บ้าน ญาติๆ และคนทั่วไป เค้าโอเคก่ะเรื่องควัน ผมอัดลงพื้น ไม่ก็อัดขึ้นฟ้า เพราะมันจะสลายไปในช่วงแค่ 1-2นาทีครับ ผิดกับควันบุหรี่ ซึ่งนานกว่าหลายเท่า,negative
สนป่าวถ้าสนกูจะได้เก็บตังไปกิน,positive
ปี2006 มีสินค้าตัวไหนแนะนำ หรือรีแมฟ ดีกว่า เอารถไม่พัง เกียร์ไม่พัง,neutral
เปลี่ยนมากินช้างเลยตั้งเเต่พี่เวียรโฆษณารักที่สุด,neutral
ให้กำลังใจนะคะ ยังไงก็ยังมั่นใจมาตรฐานของก้อนมากกว่าร้านหมูกระทะชาบูข้างนอกบางร้าน😂,positive
"วันพรุ่งนี้ จำหน่ายบัตรวันแรกอาทิตย์ที่ 7 มกราคม 2561 ตั้งแต่เวลา 10:00 น. เป็นต้นไป วันแรก!วันเดียว! ที่บัตรจะราคา 1,000 บาท (จากราคาปกติ 1,500 บาท) ซื้อได้ทางไทยทิคเก็ตเมเจอร์ ทุกสาขาทั่วประเทศ หรือ โทร 02-222-22 แล้วพบกันในงานแถลงข่าว g19fest วันอาทิตย์ที่ 7 มกราคม 2561 เวลาบ่ายสองโมง ลาน Eden ชั้น 1 เซ็นทรัลเวิลด์ เตรียมตัวมาร่วมประสบการณ์เดียวกัน Chang Music Connection presents genie fest 19 ปี กว่าจะร็อกเท่าวันนี้ วันเสาร์ที่ 10 กุมภาพันธ์ 2561 ณ ราชมังคลากีฬาสถาน ประตูเปิด บ่ายโมงตรง geniefest genierecords zaapparty Chang themousses ~ 6 jan 2018 ~",neutral
จาก ประเทศกูมี เราอาจจะได้ 8 Bars Challenge ของ เลื่อนแม่มึงสิ แทนนะครับ,neutral
การทำให้พระราชพิธีบรมราชาภิเษกนั้นสมพระเกียรติ คือการให้รัฐบาลพลเรือนที่มาจากการเลือกตั้งได้รับสนองพระองค์ในช่วงพระราชพิธีครับ ไม่ใช่รัฐบาลที่มาจากการทำรัฐประหาร ซึ่งประเทศจำนวนมากไม่ได้ให้การยอมรับ การเลือกตั้งสามารถดำเนินการไปพร้อมๆ กับการเตรียมงานพระราชพิธีบรมราชาภิเษกครับ,neutral
เห็ดเข็มม,neutral
อ้วกไม่พอ ท้องเสียอีกจร้าา ออกทั้งบนทั้งล่าง กุว่าไม่ใช่เพราะบาคาดี้ละ เป็นเพราะกุแดกเยอะเนี่ยแหละ,negative
น่าจะเพราะอยากให้คนไทยอ่านอะไรชัดๆ กระจ่างๆมั้งคะ ทำสรุปให้คงกลัวว่าเดี๋ยวก็อ่านแค่นั้นแล้วก็เอาไปพูดมั่วๆอีก,positive
จวนเสี้ยงตังเก่งขนาด555,neutral
“ลาซาด้า” เติมเต็มคุณภาพชีวิต “แม่และลูก” จัดโปรแกรมช้อปออนไลน์ Milk Formula Guarantee,neutral
คุณลูกค้าสามารถติดต่อ MK Call Center 02-222-22 เพื่อให้เจ้าหน้าที่ดำเนินการตรวจสอบนะคะ ^^,neutral
มานั่งคำนวนรายจ่าย ค่าเดินทางไปทำงานทาง bts+เรือ เทียบกะรถเมล์+รถกระป๋อง คือส่วนต่าง = 600 บาทเลยอะ bts แพงกว่าประมาณ 1.6 เท่าได้,negative
แบบบุฟเฟ่มีทุกสาขาหรอคะ,neutral
ไปจ้าาา อยากที่ไหนนน,positive
เราซื้อคุชั่น Cathy Doll มาจ้า แกะออกมาพัฟเปื้อน สภาพแบบมือสองเลยจ้าาา !!!,negative
ซึงมินอันเดอร์คัท? ถ้าใช่นี่เรียกกู้ภัยเลยนะ,positive
กูแนะนำอย่าซื้อ ysl ไม่ดี,negative
เด๋วเลี้ยง,neutral
จัดมาแล้วจร้า10ชิ้น,neutral
สาวๆไม่มีไม่ได้นะคะ หาซื้อได้แล้วที่เคาน์เตอร์ 4U2 ทุกสาขาค่า,positive
ไปสิ 555,positive
เหมือนมีคนเคยบอกว่าไรน่ะ,neutral
สำหรับลูกค้าที่สมัครบัตรสมาชิกใหม่สามารถรับสิทธิ์ได้ทันทีค่ะ ^^,neutral
ตัวหนังสือเอียงสงสัยหิว,positive
"ตัวเล็ก สำโรง - แบงค์ โซโห รอบ 16 คน ระบบ 3/5 เฟรม การแข่งขัน ""SangSom 6 Red Open Top Players 2017"" 9 - 12 พ.ย. 2560 ณ ThaiBev Pavilion ในงาน Thailand International Sport Expo 2017 อาคาร Challenger 3 เมืองทองธานี",neutral
ออกรถมาขับยังไม่ถึง1เดือน ตรวจพบว่าเซ็นเซอร์ปัดน้ำฝนไม่ทำงาน เข้าไปที่ศูนย์มาสด้านาราที่ออกรถครั้งแรก ก็แค่รีเซตเซ็นเซอร์ให้ พอฝนตกอีกที่ปัดน้ำฝนอัตโนมัติไม่ทำงานอีก เลยเข้าศูนย์มาสด้าเพชรเกษม เช็คให้ก็พบว่าแผ่นเจลที่ติดเซนเซอร์มีฟองอากาศเกิดจากการติดตั้งฟิล์มให้นัดหมายเข้ามาทำ พอวันนี้ไปทำบอกว่าไม่สามารถเปลี่ยนให้ได้เนื่องจากทางศูนย์จะมีค่าใช้จ่าย เลยโทรหาผู้จัดการที่นาราเค้าบอกให้เข้ามาที่มาสด้าพระราม5เพราะเป็นเพื่อนgmด้วยกัน แบบนี้ก็ได้หรอ,negative
ตะมายหยออ,neutral
เมื่อไหร่ที่ภูเก็ตจะมีสาขาบ้างอ่ะก้อน,neutral
น่าจัดเนาะ😁😁,neutral
จะกลับไปใช้วาสลีนละ ใช้นีเวียแล้วสีผิวไม่ค่อยสม่ำเสมอเลย,negative
บาบีก้อนนน,neutral
กรณีที่เจอที่บาบีคิวพลาซ่า บริษัทเขาส่งตรวจแล็ปและสรุปว่าคือฝีหนองในเนื้อวัวนี่แหละ,neutral
การวิจัยปัจจุบันค้นพบว่าวิตามินซีไม่ได้มีสรรภคุณในการป้องกันหวัด หรือทำให้หายหวัดแล้ว เพราะฉนั้นวิธีการกินที่ดีที่สุดเวลาป่วยก็คือการกินอาหารให้สมดุลย์กันนั่นเอง,neutral
มองจุดแข็งจุดอ่อนการเมืองสามก๊ก เพื่อไทย – ประชาธิปัตย์ – พลังประชารัฐ,neutral
ดีที่ไม่ได้กินบาบิก้อนนานแล้ว.🤨,negative
ซีวิค,neutral
ใช่ ก่อนที่เราจะใช้ฮอนด้า ก็ใช้ Nissan อยู่ต้องรับว่า รถเขาดี ศูนย์บริการแต่ก่อนดี หลังๆมาไม่ค่อยเท่าไร ที่มาใช้ฮอนด้าเพราะตอนนั้น Nissan ยังไม่มีรถ CNG ก็เลยซื้อ ฮอนด้าตัวรถเองก็ไม่เท่าไรนัก และศูนย์บริการก็ห่วย,negative
มีน้ำจิ้มเด็กที่มีส่วนผสมของเต้าหู้ยี้ให้บริการค่ะ ^^,neutral
!!ALL NEW SUZUKI SWIFT อีกไม่นานเกินรอ เราได้เจอกันแน่นอน สนใจลงชื่อ-เบอร์โทร ใน inbox หรืิอใต้คอมเม้นได้เลยค่ะ เพื่อชมตัวจริง และทดลองขับ,neutral
มึงมันน่ากินน,positive
ซ้อกวางไปกินกานนมุย,positive
ตัวเธอเป็นเเบบนี้ได้ไหม เบียร์ ลีโอโอ,neutral
มียารักษาริดสีดวงและมะเร็งลำไส้มั๊ยค่ะ,neutral
แท็กตั้ง9ครั้งเลขมงคลไปแดกกก,positive
ข้อแนะนำสำหรับการทานธาตุเหล็ก 1. การรับประทานธาตุเหล็กมากจนเกินไปอาจทำให้เกิดการกระตุ้นการก่อตัวของอนุมูลอิสระ รวมทั้งเป็นการเพิ่มความเสี่ยงต่อการเป็นโรคหัวใจได้ ในกรณีนี้มักเกิดกับผู้ชาย 2. สำหรับผู้ที่เป็นโรคฮีโมโครมาโตวิสโดยไม่ทราบถึงสาเหตุ แต่มีกรรมพันธุ์ที่เสี่ยงต่อการมีธาตุเหล็กสะสมอยู่ในร่างกายในปริมาณที่มากจนเกินไป ควรเข้ารับการรักษาหรือเข้าปรึกษาแพทย์ 3. ผู้หญิงที่มีประจำเดือนมามากทุกเดือนสมควรที่ร่างกายจะได้รับธาตุเหล็กเสริม 4. ในกรณีของผู้ที่เป็นโรคติดเชื้อนั้น ไม่ควรที่จะรับประทานธาตุเหล็กเสริม เนื่องจากจะเป็นการช่วยเพิ่มจำนวนของแบคทีเรียในร่างกายได้ 5. การดื่มกาแฟหรือชาเป็นประจำทุกวันจะมีส่วนในการไปขัดขางการดูดซึมของธาตุเหล็กในร่างกายได้ 6. หญิงตั้งครรภ์ควรเข้าปรึกษาแพทย์ผู้เชี่ยวชาญก่อนที่จะตัดสินใจรับประทานธาตุเหล็กเสริม เนื่องจากเคยมีรายงานถึงกรณีของเด็กมีอาการเป็นพิษจากธาตุเหล็กเสริมดังกล่าว เพราะเกิดจากการที่มารดาทานเข้าไปในขณะที่ตั้งครรภ์อยู่ 7. ร่างกายของหญิงที่หมดประจำเดือน โดยส่วนมากจะอยู่ในภาวะที่ร่างกายไม่ต้องการธาตุเหล็กเสริม 8. ผู้ที่ต้องรับประทานยาประเภทแอสไพริน ยาแก้อักเสบหรือยาอินโดซินทุกวัน ควรได้รับธาตุเหล็กเสริมอย่างเพียงพอ,neutral
น้ำสิงห์รสชาติแดกไม่ได้จริงๆ,negative
ช้างมิวสิคคอนเนคชั่น ขอบพระคุณมากๆนะคะ เดินทางกลับบ้านปลอดภัยนะคะทุกคน,positive
แวะมา ๆ ที่ MK กันนะคะ ^^,neutral
ไปกันๆๆคร้าฟพี่ๆๆ,positive
สุดยอดครับนิ่มด้วยพูดง่ายขัลสบายสไตฮอนด้านะครับ,positive
วันนั้นกินไปแล้วไง เลี่ยนๆวะ,negative
หาคนอย่างนี้ยาก มีแต่มันอวดรวย แต่ไมเคยช่วยสังคมเลย ที่เรารู้มาพนักงานของเขา สวัสดิการ เยี่ยมมาก ทุกวันนี้ถ้าเราอยากกินเบียร์ต้อง LEO ยี่ข้อเดียวจริงๆครับ,negative
สวัสดีครับประชุมข้อกฏหมายไปถึงไหนแล้วครับ,neutral
มันเอาเบียร์ช้างขึ้นมาขายด้วยป่าว,neutral
ลาก่อย ฮอนด้า ปกติก็ไม่คิดจะซื้ออยุ่แล้ว ใช้พี่ To ดีแระ,negative
มาสด้า3ราคาเท่ารัยค่ะ..ตัวท็อป,neutral
ถึง3โมงงง,neutral
ภาพบรรยากาศเมื่อคืนนี้ ในงาน Chang Carnival World of Illusion คนไหนพลาดเมื่อคืนวันนี้ยังมีอีกวัน บอกเลยโชว์ดี กิจกรรมเพียบ แล้วเจอกัน! ChangCarnival WorldOfIllusion,neutral
ป้ายแดงก้อแค่ยาริส นึกว่าBMW,negative
มาตรา 246 คือไรครับ ชี้แจงที,neutral
โปรดีๆดาวน์ต่ำแจกทองต้อนรับตรุษจีนรีบโทรด่วน☎️0️⃣8️⃣6️⃣➖4️⃣5️⃣5️⃣8️⃣8️⃣1️⃣9️⃣ วรชิต ยลประสงค์ นิสสันกาฬสินธุ์,neutral
ขอไปร่วมกับ Non Stop Party 78 ชั่วโมง ด้วยคนคะ ทดสอบความ strong ของตัวเอง GetMusicMotion SinghaLight Lifesmotion GET1025,neutral
ขนาดกุปวดท้องน้อยธรรมดา กูยังไปหาหมอ ตรวจภายใน นี่ปล่อยขนาดนี้หนิ ประสาทตายพอดีกุ,negative
กินผงผูรสมากทำให้เกิดอาการชาครับ อ่านเพิ่มจากเว็บไซค์นี้ได้นะได้,neutral
เลิกกินเหล้าบุหรี่ที่ได้ภาษีแล้วมาสูบบุหรี่เหล้าที่มันหนีภาษีงั่นเหรอสมองคิดได้ใง.โรงงานผลิตเหล้าขาวสั่งปิดเลย.ขวดเป่นรัอยสองร้อยไม่มีไครซื้อกินหลอกแต่เขาจะผลิตกินเอง.และขายเอง.เบียร๊สิงเบียร๊ช้างแน่จริงสั่งปิดซิ.ต่อนี้ไปจะมีแต่คนหันไปซื้อแต่ของหนีภาษี.สุดท้ายรัฐไม่มีรายได้.ต่อไปก่อหันมากดภาษีคนทำงานจากร้อยหละ5ก่อจะเป่น50บาท.สุดท้ายคนตกงาน.โจรเพิ่มมากขึ้น.สมองคิดถึงข้อนี้บ้างเปล่า,negative
"เกร็ดความรู้ วิธีรักษาสิวแบบธรรมชาติด้วยใบสะเดา🌿 วันนี้มาบอก วิธีรักษาสิวแบบบ้านๆ ซึ่งในครั้งนี้จะเป็นการใช้ ใบสะเดารักษาสิว อ่านดูแล้วเชื่อว่าหลายๆคนอาจจะสงสัยว่าใบสะเดารักษาสิวได้จริงหรือ? ถ้ายังงั้นเรามาดูกันก่อนเลยว่าพืชชนิดนี้มีสรรพคุณอะไรบ้าง ทำไมถึงได้นำมาใช้ในการรักษาสิวได้ ถ้าพูดถึงใบสะเดาหลายๆคนคงจะพอนึกภาพออก และเคยได้ลิ้มลองรับประทานใบสะเดากันมาบ้างแล้วว่ามันขมได้ใจจริงๆ แต่การรับประทานใบสะเอาเดาส่วนมาก จะนำมาเป็นเครื่องเคียงรับประทานกับอาหารชนิดอื่นๆเป็นส่วนใหญ่ อาทิเช่น รับประทานคู่กับน้ำปลาหวาน, น้ำพริกกะปิ หรือปลาดุกย่าง เป็นต้น แต่เพื่อนๆรู้ไหมว่าในทางยานั้น สรรพคุณใบสะเดา สามารถนำมารักษาและบำบัดโรคได้หลายชนิด ไม่ว่าจะเป็นโรคหัวใจ, โรคทางเดินอาหาร, โรคทางเดินหายใจ, นอกจากนี้แล้วยังช่วยแก้ไข้มาลาเรีย, ไข้จับสั่น, ช่วยแก้อาการไอ, ช่วยแก้อาการคลื่นเหียนอาเจียน และที่สำคัญยังสามารถรักษาโรคที่เกิดตามผิวหนังได้เป็นอย่างดี ด้วยสรรพคุณที่สามารถช่วยต้านเชื้อแบคทีเรีย, เชื้อรา, รวมทั้งเชื้อไวรัสบางชนิด จึงเหมาะแก่การนำมาประยุกต์ใช้ในการรักษาสิวแบบธรรมชาติได้นั่นเอง จากนี้เรามาดูกันว่าวิธีรักษาสิวด้วยใบสะเดานั้นทำกันอย่างไรบ้าง ขั้นแรกให้เตรียมใบสะเดาสดประมาณ 8 – 10 ใบ หรือจะมากกว่านั้นก็ได้แล้วแต่ความเหมาะสม วิธีการทำ 🌿 สูตรพอกหน้ารักษาสิวด้วยใบสะเดา วิธีการทำก็ง่ายๆไม่มีอะไรมาก ให้นำใบสะเดาสดประมาณ 8 – 10 ใบ มาตำให้ละเอียดพอประมาณ (หรือจะใช้เครื่องปั่นก็ได้) แล้วเติมน้ำสะอาดลงไปเล็กน้อย จากนั้นตำหรือปั่นส่วนผสมให้เข้ากันอีกครั้ง เพียงเท่านี้ก็เป็นอันเสร็จสิ้น วิธีการใช้งาน ให้นำส่วนผสมที่ตำหรือปั่นจนละเอียด (เอาทั้งน้ำทั้งเนื้อ) ไปพอกที่ผิวหน้า ทิ้งไว้ประมาณ 15-20 นาที แล้วล้างออกด้วยน้ำสะอาด เพียงเท่านี้ผิวหน้าของคุณก็จะดูเนียนนุ่มและสะอาดขึ้น ที่สำคัญควรทำเป็นประจำทุกวัน เพราะสูตรนี้จะได้สรรพคุณจากใบสะเดาที่ช่วยต้านเชื้อแบคทีเรีย และเชื้อราบนใบหน้า ช่วยลดสาเหตุการเกิดสิวได้เป็นอย่างดี อีกทั้งยังช่วยให้สิวยุบเร็วขึ้นอีกด้วย หากใครที่มีปัญหาเรื่องผิวหนังหรือมีสิวขึ้นใหม่อยู่ตลอดเวลา ลองนำสูตรนี้ไปใช้ดูอาจจะช่วยลดการเกิดสิวได้มากเลยทีเดียว",neutral
มื้ออื่น 😋😋,neutral
Ibแล้วครับ,neutral
กฏหมายทำลายการท่องเที่ยว,negative
จัดไหมล่ะ,neutral
เซ็ง,negative
ในสภาวะปกติที่บ้านเมืองยังการใช้สิทธิทางอ้อมผ่านตัวแทนเรียก สส.พวกเราก็ยังาวมกันขัดค้านร่างกฎหมายได้ทุกฉบับก่อนจะมาประกาศใช้กับคนทั้งชาติ ตอนนี้ทำได้ไหม?,neutral
รสชาติแบบ บลูฮาวาย ขมปลายๆหน่อยๆ แต่แอลเยอะกว่าเบียร์ช้างขวดนึงอี๊กก 🤣 รีวิวขี้เมา,negative
แต่งตัวให้ Match ว่าเก๋แล้ว แต่ถ้าให้ดีต้อง Match สีลิปสติกให้เข้ากันด้วย 💗 มาดู เมอาพาดี้ คุณไอซ์ PADIE กับคุณเมอา I'm Mayyr - Blog เปลี่ยนลุค Mix & Match ชุดแล้วยังเปลี่ยนสีลิป Mini Two Match ให้เข้ากั๊นไปอีกก 💞 อยากรู้ว่า Match เข้ากั๊นเข้ากันขนาดไหน ไปดูเลยยย EtudeHouseThailand MiniTwoMatchTH,neutral
ไม่ไหวแล้วจ้าา,negative
อัพหรือยังง เมื่อไหร่จะได้กิน 2000 งะะ,positive
"“นิสสัน”ประกาศเข้าสู่ยุคเทคโนโลยีรถไฟฟ้าในงาน ""ออโต้ ไชน่า"" รับกลยุทธ์ผลิตรถไฟฟ้าป้อนแดนมังกร เปิดตัวรถยนต์ไฟฟ้า นิสสันซิลฟี่ลุยตลาดจีน",neutral
แสงโสมกลม โซดา น้ำแข็ง เราสั่งเป็นแค่นี้อะแกร,positive
จ้าาที่รัก💋💋,positive
เบียร์ช้างไม่อร่อย แต่ทุนหนา ผูกขาดเยอะที่,negative
10 คำขี้บ่นจากชาวคลับรถ CHR เวอร์ชั่นไทย รถยนต์ไฮบริด,negative
หงษ์ทอง ผู้สนับสนุนหลักอย่างเป็นทางการ ดูหน้ามันตอนท้ายๆคลิปครับ เหมือนยืนกัดกราม โมโหก็โมโห ทำไรมันก็ไม่ได้ อาการแบบหงุดหงิด คิดไม่ออก ไปดีกว่า 🤣🤣🤣,negative
เห็นแล้วขนลุก เพิ่งไปกินสาขานี้มา ไงก้อรอผลอีกทีอะ,neutral
กินกัน,positive
ทำไมคะ 555,neutral
ไม่แปลกใจ ทำไมแถวปทุมเม็ดละ 60 บาท,neutral
มาสด้าสองดีเซล. แจ่มครับ แต่เห็นว่ามีปัญหาหลายคัน,negative
ทำไงดี ไดอารี่ สีชมพู ซื้อไม่เป็น,positive
อยากกิน,positive
ประเทศเจริญๆเค้ามีสมองคือดีอ่ะคือคนไม่เคยคิดงงแต่ภาษีไม่ได้ตกมาถึงประชาชนใรส่วนที่ไปพัฒนาประเทศเลยภาษีทุกอย่างเช่นไฟถนนหรือเครื่องมือแพย,neutral
55แดกทุกอยย่างว่างั้น,neutral
กินชะลอวัย,neutral
รับบัตรเดบิตทุกธนาคารมั้ยครับ ลำปาง,neutral
ที่บ้านมีรีโว่4ประตูพอสัมผัสฟร์อด4ประตู บางทีก็ยากถามนะ คือ รถ2รุ่นนี้มึงคือรถเกรดเดียวกันปะวะ ทำไมความรุ้สึกของช่วงล่างมันห่างไกลกันจังฟร์อดกินในทุกๆย่านความรู้สึกเลยเฮ้อ,negative
ขนาดมากินเอ็มเค คนโต๊ะข้างๆแม่งพูดเรื่องนี้อ่ะ จะพูดเรื่องนี้ทำไม ฮือออ กูเศร้า พี่ค่ะ แดกไปค่ะ อย่าพูดอะไรอีก ขอร้อง,negative
บุหรี่ไฟฟ้ามันไร้สาระ,negative
อยาก,neutral
แนะนำให้พบแพทย์โดยเร็วและตรวจประสาทส่่วนปลายว่าการทำงานยังปกติดีอยู่หรือไม่ หากเกิดการอุดตันของเส้นเลือดที่ขา ประสาทส่วนปลายจะไม่รู้สึกเจ็บถึงแม้มีแผล แนะนำให้ปรึกษาแพทย์เพื่อตรวจรักษานะคะ,neutral
รอบบิลเดือน ม.ค.ขึ้นแจ้งว่าเกินกำหนดชำระและตัดด้วยแล้วคือสัญญาณห่วยตลอด อยู่ดีๆก็เล่นไม่ได้ ทรูวิชั่นก็ดูไม่ได้ โทรแจ้งทีไรก็บอกปกติดี ถ้าปกติจะโทรไปหาทำไม ไม่ได้ว่างขนาดนั้น,negative
กินแต่เนื้อหมู,positive
ที่ไปกินสิงห์วันนั้นอ่ะหรา,neutral
พวกเธอเปนใครกัลหรอ🌝,neutral
show DC ค่ะ,neutral
ป่ะ เอ็มเคกันเถอะ กูรักชีสส 😍😍,positive
จัดไปคะ... ชุดแตก 555,neutral
เอส พลังงานโซฮอลน์,neutral
น้องหญิงซื้อรีโว่ใช้ยังจักคันครับ ช่วยซื้อแหน่อ้ายจะได้มีโอทีเยอะๆ อิอิ,neutral
หนูหายปวดท้องรึยังคะ,neutral
ช้างเคิมเต็มคำว่าเพื่อน,neutral
อีแอร์เอเชียอีคนหลอกลวง,negative
เอาเลยทำวิจัยต่อเลยครับดร. หมอที่เคยออกมาแย้งว่าไม่มีงานวิจัยช่วยออกมาพูดอีกที่สิ หมอนายกสมาคมแพทย์แผนไทยที่ไปสั่งให้ขี้นป้ายว่ารักษามะเร็งไม่ได้ช่วยออกมาบอกให้ดร.อานนท์ห้ามพูดหน่อยสิ,neutral
ลุ้นๆ กันค่าาา ^^,neutral
เด็กรุ่นใหม่เนี่ยนะโดนล้างสมอง? 55 นี่คือคำพูดของคนแก่โดนล้างสมองมาหลายทศวรรษมากกว่ามั้งครับ 😂 แม่ประไพ,neutral
ใครเป็นสมาชิก THE FACE SHOP ยกมือขึ้นน พรุ่งนี้ลดราคา 15% ทุกรายการ ห้ามพลาดนะจ้ะ ที่ THE FACE SHOP ชั้น 1 เซ็นทรัลพลาซา พระราม 2,neutral
คนใช้ก็กล้าใช้เนอะ .. เภสัทสีอะไรก็ได้ซิตร้า นีเวีย .กันแดดอยากขาวโบกเข้าไป ส่วนหน้า อาทิตนึงสขับสัก1ครั่ง ต่ออาทิตย์ แล้วเอาน้ำแข็งใส่ผ่าบางเอามาถูหน้าเอาๆ หมั่น มาร์คหน้าบ่อยๆเอาตามสภาพผิวตัวเอง...ส่วนครีมก็ทาของเค้าเตอร์แบนด์ดีกว่าราคาไม่แรง แต่คุณภาพดีและปลอดภัยมีเยอะ,positive
แม่งถามกินไรป้าวเลยบอกไม่กินลีโอพี่แกบอกมีช้างละไปเอามาให้,negative
ต้องกินนะ,neutral
พาคุณหนูฟีณิกซ์ไปกินชุดคุณหนูกัน,positive
ฉากหลังคืออะไรคับ,neutral
ศิริพร แก้วยอดนิล สาขาที่ร่วมรายการมีดังนี้ค่ะ บิ๊กซี นครสวรรค์ โลตัส นครสวรรค์ โลตัส นครสวรรค์ The Walk ^^,neutral
ถ้าโฆษณาผ้าอนามัยมาตอนกินข้าว สีแดงคงทำให้หลายคนกระอักกระอ่วนน่าดู,negative
ปะ 55,positive
หิว ป่ะ อาบน้ำ,neutral
อยากไปวันที่ 13 มากๆเลยครับ ุลุ้นๆ S2O2018 BLEND285 FindYourJoy ใช้ชีวิตให้กลมกล่อม,positive
ใบเสร็จที่2 เลขที่ใบเสร็จ➡0001199344 อยากหน้าสวยหน้าใส มีออร่า ลองมาเลือกใช้ครีมกันแดด KA กันน่ะค่ะ ใช้แล้วหน้าเด็กลงด้วยน่ะค่ะ☺☺ KAx7Eleven KAUVBabyFace,neutral
ผมคนนึงที่ชอบลองดื่มเหล้าใหม่ๆแปลกๆที่ไม่เคยดื่ม...พอได้ลองยี่ห้อนี้ไป บอกเลยว่าไม่เอาอีกแล้ว บอกเลยว่าแรงจริงบ่ไหวบ่ไหว 😂😂😂,negative
"สวัสดีครับ สำหรับรถยนต์มิตซูบิชิ แอททราจ ระบบเกียร์ออโต้ ราคาเริ่มต้นอยู่ที่ 506,000 บาทครับ คุณลูกค้าสามารถดูรายละเอียดเพิ่มเติมได้ที่นี่ครับ :",neutral
ขับสนุกดีขับมาสด้า2ดีเซลพอๆมาสด้า3เลยคับ,positive
หมิ่นประมาทคุก 1 ปี ทำร้ายสุนัขคุก 2 ปี เก็บเห็ดในป่าคุก 5 ปี ยึดทำเนียบคุก 8 เดือน 😅😅,neutral
ชอบปลานึ่งซีอิ้ว,positive
เอ็มเคคือคนเยอะเสมอต้นเสมอปลาย เส้า,negative
เครื่องดื่มแอลกอฮอล์ กับการสนับสนุนเทศกาลดนตรีที่เปลี่ยนไป... . Heineken มีการใช้ Music Marketing มาตลอด และมีการลงทุนมาขึ้นทุกปี แต่ในปีนี้มีสเกลที่เปลี่ยนไป จะแค่สนับสนุนลงเงิน และนำเครื่องดื่มไปขายในงานไม่ได้แล้ว . จึงเกิดเป็นกลยุทธ์การสร้างประสบการณ์เพิ่มในหลายรูปแบบ Co-creation กับงาน สร้างที่พักแบบรังผึ้งเพื่ออำนวยความสะดวกแก่ผู้เข้างาน ประเดิมงานแรกที่ Yak Fest อ่านรายละเอียดเพิ่มเติมถึงกลยุทธ์นี้ได้ที่นี่ Heineken MusicFestival MusicMarketing Brandinside,neutral
หลาวมึงง,neutral
Smirnoffเล่นกูแล้ว,negative
แน่นอนสิอิผิน,neutral
the face shop เคยลองแล้วไม่ค่อยชอบเท่าไหร่ง่ะ แต่แล้วแต่สูตรด้วยมั้ง นี่เคยใช้สูตรหน้า glow glow จากโ…,negative
วิธีการกิน มึงลองดู,neutral
สรุปทำอะไรไม่ได้ ก๊วยเตี๋ยวชามละร้อยประตูน้ำตรงข้ามแม็คโดนัล แต่แปะป้ายไว้ชามละ100. งี้ก้อไดหรอ ? คือแค่แปะป้ายแต่จะขายแพงขนาดนี้ได้หรอ?,negative
สอบเสร็จไปกันๆ,neutral
แท็กซี่เมืองนอกยังมีคัมรี่ แอคคอร์ด เทียน่าเลย,neutral
หมดกันบาบิก้อนที่กินมา. . . ไอจนอ้วก บ้าจริง ผ่าคอทิ้งแม่งดีไหมล่ะ,negative
ผมเปลี่ยนมาใช้ taxi Linemanเป็นหลัก จ่ายสดอย่างเดียว ราคาตามมิเตอร์,negative
อยากกิล555,positive
ไม่ได้กินนานแล้ว,positive
ผมไม่ใช่ติ่งบุหรี่ไฟฟ้านะแต่เลิกบุหรี่มวนได้ก้เพราะบุหรี่ไฟฟ้า,positive
คุนก้อนรีฟิลมีสาขาเซนทรัลบางนามั้ยคะ,neutral
สวยครับ แต่ประหยัดและอืดไม่เข้ากับทรงรถเลยนะครับ HRV ผมขับดีๆได้20/ลิตร เช่นกันครับ 0-100 ใช้สิบวินาที ไม่ใช่ 12 วิทั้งๆที่มีมอเตอร์ไฟฟ้า,neutral
มึงแดกช้างไทย มึงแดกเบียร์อื่นได้หมดอ่ะค่ะ,negative
เรื่อง ส.ว. 250 คน ที่มันเป็นประเด็นมาก เพราะบทบาทสำคัญๆ ที่มาพร้อมตำแหน่ง ส.ว.- นอกจาก ส.ว. 250 คนที่ คสช.เลือก จะมีสิทธิเลือกนายกฯ แล้ว..ถ้าอยากแก้รัฐธรรมนูญ ด่านแรกก็ต้องมีเสียง ส.ว. ส่วนหนึ่งสนับสนุนด้วย,neutral
จัดๆ ค่ะ,positive
เก็บตางสิ อยากกิน,positive
nissan navara รถกระบะ เท่ห์ ทนๆ ที่สุดของรถกระบะแล้ว,positive
ที่เดอะมอลบางกะปิร้านหายไปไหนอ่า,negative
ไปกินมาที่สาขาซีคอนบางแค หัวละ 299 บาท รู้สึกทุเรศมาก เหมือนโรงทาน อาหารน้อยมาก สกปรก ไม่เติมอาหารเลย เหมือนต้องคอยจ้องพอลงวางปุ๊ปก็กรูเข่าไปตัก แก้วน้ำก็ไม่มีวางต้องบอกว่าขอแก้ว แล้วพนักงานก็เข้าไปล้างเอามาให้ น้ำซุป 4 ช่อง อย่างกับน้ำเปล่า อยากบอกว่าทำราคา 299 ก็ 300นั่นอ่ะ เป็นคุณอยากทานมั้ย ราคาไม่ได้ถูกนะ กับการบริการและใส่ใจลูกค้า ความสะอาด แค่ขอมาตราฐานเหมือนเดิมตอนเปิดแรก ๆ ก็พอ เห็นแล้วชาบูข้างถนนยังอร่อยและสะอาดกว่าอีก ครั้งสุดท้ายแล่วกับ Hotpot,negative
จะกินชุดนี้อ่ะนะ พอยาไส้ไหมเล่า ถถ,positive
:// เชิญครับ รบกวนคลิกดาวโหลด คู่มือแนวทางการรักษาโรคมะเร็งโปรโตคอล 2556 อ่านดูนะครับ ละเอียดยิบครบถ้วนแนวทางการใช้สิทธิชนิดมีแบบฟอร์มของตั้งเบิกเลย,neutral
อ้าวลูกชาย9ขวบ ดันยาว140ซม. จ่ายเต็ม,negative
สำหรับชื่อเรื่อง Green Book มาจาก ‘The Negro Motorist Green Book’ ซึ่งเป็น annual guidebook สำหรับผู้ใช้ทางชาว African-American ข้างในก็จะบอกว่า หากคุณเป็นคนดำ คุณจะแวะพักโรงแรมไหนได้บ้าง กินร้านไหนได้บ้าง ซึ่งก็ไม่ได้มีตัวเลือกเยอะ สภาพก็ไม่ได้ดีอะไรเลย,neutral
แล้วแต่เจ้ามือคะ 🤪,positive
กำแพงไม่มีแล้ว,negative
เครๆๆๆ,neutral
เลี้ยงหน่อย หิว,positive
เป็นคนหน้ามากค่ะใช้แป้งเจ้านางจะอยู่ไหมค่ะ,neutral
อยากพาแสงโสมไปฟังเพลง ลืม ของขอนแก่นค่ะ จะได้ลืมเรื่องราวที่ไม่อยากจำ 555 (เผื่อมีนะคะ) การที่จะลืมได้ต้องมีแสงโสมเป็นเพื่อนค่ะ SangSom เห็ดสด,neutral
ท้ายรถนั่นอะไรอะ? สัดส่วนมันเหมือนเต่า หรือ ตะพาบ ไรงินะ มันไม่สวย ไฟท้ายทำจะให้สปอร์ต ก็แบบอะไรไม่รู้ กลายเป็นดูไม่มีราคา หน้าทำว่าจะหรูล้ำ ก็ไม่สุดเท่าไหร่ แล้วพอมามอง All New Nissan Altima แล้ว อิ Accord นี่เป็นทวดไปเลย,negative
ได้ค่ะ ^^,neutral
อย่างงี้ต้องจัก,positive
show dcนี่ยังไม่เปิดจริงจังไปอีกหรอ,negative
มาลองลิปใหม่ 😊Tom Ford กันครับ,neutral
อด แดกก .. ต้องไปซื้อเบียร์ leo แดกถึงจะได้บัตร,neutral
น่าสมเพช,negative
มันนัวเหลือเกินคุณพี่ขา รึป่าวคะ 😑,neutral
ที่แสนสิริซื้อมหานครนี้ไม่ได้ซื้อทั้งตึกนะ ซื้อในส่วนอาคารชุด 53 ห้องจาก 209 คิดเป็นประมาณ25% ซึ่งทั้งตึกมีห้องทั้งหมด 363 ที่เหลือ 154 ห้องเป็นโรงแรม ปัญหาคือทำไมโครงการล่าช้าทั้งที่ขายไปกว่า 70%แล้ว,neutral
จริงค่ะ..ไม่ค่อยชอบเลยเหมือนกัน..เปลี่ยนเถอะค่ะ..เหลือทิ้งเสียดาย,negative
ขอให้สำเร็จสักทีเถอะครับ,neutral
สิ่งที่ชวยเติมเต็มรสชาติความอร่อยในมื้ออาหารของฉันและเพื่อนคือความจริงใจที่เพื่อนมีให้กันและผลิตภัณฑ์คุณภาพที่มีชื่อว่า ช้าง แต่ที่ขาดไม่ได้คือ เบียร์ข้าง เย็นๆสักแก้ว แค่นี้ก็เป็นมือเย็นที่แสนวิเศษมากค่ะ...,positive
"มองหารถ รถ Honda city ปี 2510~2514 ราคาไม่เกิน 400,000.- บาท ชื่อeddy / ร้อยเอ็ด",neutral
เกี๊ยวหมดแล้วยังไงอ่ะ ก็หมดไปซิ อย่างนั้นเหรอ ง่ายไปไหม???,negative
อุ้ย55,positive
แต่ผ่านศุลกากร ซึ่งผมเข้าใจว่ามีการเสียภาษีแล้วละสิ แต่ถ้าไม่เสียภาษี ของไม่น่าจะถึงมือผมนะผมว่า,negative
"อ้าว.. ไม่ censor grapple องุ่นยาวกูเลย 😭... ว่าไปแล้วถ้า propylene glycol (PG) ในนำ้ยาโดนความร้อน (ร้อนแบบเอาให้คอยล์แดงจนขาด) ก็มีสิทธิ์แปลงสภาพให้เป็น Formaldehyde ได้.. แต่สูบกันแบบ 50-60 watt ยังไม่มีผลนะ.. ถ้าอัดกไป 150-200 watt มีสิทธิ์ แต่สูบกันแบบบ้านๆ ไม่มีใครทำกัน งานวิจัยก็บอกมาว่าเป็น “conditions used to study the e-cigarette aerosol at the high voltage settings were unrealistic and under such conditions, a vaper would never be able to use the product”",neutral
แม็กอยู่ใกล้ๆนี่ไปซื้อเลบ,neutral
สินค้า เมย์เบลลีน จีจี้ ฮาดิค คอลเลคชั่น ได้รับคูปองส่วนลด 100 บาท ในโปรโมชั่น Watsons Beauty in Summer ( 29 มี.ค. - 25 เม.ย. 61 ) คูปองนี้บอกทีลดกี่บาท,neutral
0นิสสัน ปิดไปเยอะจนน่าใจหาย,neutral
ลอรีอัล รีไวทัลลิฟท์ เดอร์มาลิฟท์เดย์ครีม 50กรัม/ไนท์ครีม 50 กรัม ได้รับคูปองส่วนลด 120 บาท,neutral
รัฐบาลหัวควย..ปากบอกว่ามาช่วยคนจนๆๆๆ..ที่ไหนได้แมร่งเอาความสุขของคนจนๆๆไปทำมาหาแดกเสียเอง..หมดทางขูดรีดกับคนรวยก็มาลงกับคนจน..ทนต่อไปครับประเทศนี้..ส่วนตัวคิดว่าคนที่แย่จริงๆๆๆคือร้านค้าน่ะครับ..ของแพงๆๆๆใครมันจะมาซื้อแดกครับ เบียร์ลีโอขวดล่ะ80 ค่าแรงขั้นต่ำ300 ใครโง่แดกก็เชิญเถอะครับ,negative
เชียร์ทีมนี้เพราะโฆษณาเบียร์ช้างไทยไปเอฟเวอร์ตัน เสียดายไม่ได้เป็นสปอนเซอร์แล้ว อีกอย่างทีมนี้มันเข้าสไตล์ผม ทีมไม่เก่งมากแต่ทำผลงานดี แต่ปีนี้ไม่ไหว😂,negative
"พร้อมมันส์กันรึยัง!! Yes R&B ชวนคุณมาปาร์ตี้สงกรานต์สไตล์ EDM ให้มันส์สุดเหวี่ยง พร้อมโปรโมชั่นสุดพิเศษ และเล่นน้ำฟรีตลอดคืน!!! 💥💥 1. เบียร์สด Heineken 660 ml. แก้วละ 99 บาท🍺 2. Red Package 3,900 บาท - Red Label 1 ltr 1 ขวด - Mixer 15 ขวด - น้ำแข็งฟรีตลอดคืน 3. Black Package 4,900 บาท - Black Label 1 ltr 1 ขวด - Mixer 15 ขวด - น้ำแข็งฟรีตลอดคืน เงื่อนไข - โปรโมขั่นนี้สำหรับลูกค้าที่มาใช้บริการชั้น 1 ร้าน Yes R&B เท่านั้น - จองโต๊ะที่ LINE หรือ โทร. 088-888-88, 088-888-88",neutral
เข้าไปก็หมดเเล้วไม่ทัน,neutral
อัพเดต Innisfree จากพี่หิ้วนะคะ อาจจะได้ของไม่ตรงตามที่เลือกมาน้า เพราะพี่เค้ากลัวเอาของแถมมาให้ไม่ทัน ถ้ามั่วแต่เลือกคงไม่เลย ตอนนี้ได้บางส่วนนะคะ เดี๋ยวรอตอนดึกๆ จะมาอัพว่าได้เซตไหนบ้างนะคะ เลิฟcos รีวิวเลิฟc,negative
"เรียกน้ำย่อย กับ ""พล-คชภัค"" ที่ซุ่มทำเซอร์ไพรส์ ในคอนเสิร์ต ""U Beer presents The Switch Concert""",neutral
รอไรบาบีกอนต่อของหวานดิ,neutral
เค้าขอโทษสำหรับการกระทำที่ไม่ดีและเค้าสัญญาจะทำตัวใหม่และอยู่ใปทุกๆปีนะ❤️,negative
ไปกิน mk เมื่อวาน 9 คน หมดไป 4500😅 เฉลี่ยตกหัวละ500 ตกใจ เอามือทาบอก เอา 500 นี้ไปกินบุฟเฟ่เพิ่มvatนิดหน่อย แล้วกินให้จุก คุ้มกว่าเยอะเลย นี่มาของหยิบๆย่อยๆ แต่ราคารวมอย่างโหด,negative
หิวจังเลยคะ,neutral
เชิญได้ที่ MK ทุกสาขานะคะ,neutral
ไม่น่ากินเบียร์ช้างเลยจริงๆ,negative
ไม่เหนอร่อยเลย คหสต.,negative
ชวนตุ๊กไป ชมจันทร์ม่,neutral
เมื่อเกิดบาดแผล ควรทำยังไง? คำถามนี้คงมีหลายๆ ท่านที่กำลังมีข้อสงสัยอยู่...มาดูกันว่า วิธีการปฐมพยาบาลเมื่อเกิดบาดแผล ที่ถูกต้องควรทำอย่างไร จากข้อมูลด้านล่างค่ะ 📍ศึกษาข้อมูลเพิ่มเติม คลิก!! : 📍📍สอบถามข้อมูลเพิ่มเติม : 📞 Samitivej Call Center 020-222-222 SamitivejHospital โรงพยาบาลสมิติเวช,neutral
มาบุญครอง ละคด,neutral
ชุดนี้กะบเป็ดจานพอละ,neutral
อยากไปด้วย,positive
Rx: แนะนำเลือกซื้อจากร้านค้าหรือเว็บไซต์ที่เชื่อถือได้ค่ะ เช่น ร้าน boots ร้าน watson ค่ะ,neutral
เม็ดเลือดขาวที่ตายแล้ว เคๆๆ,negative
ทำยังไงจะได้,neutral
อันนี้ความเห็นส่วนตัวนะคะ ถ้า NIVEA มีผลิตภัณฑ์กันแดดแบบเต็มขั้นอยู่แล้ว ความเป็น Daily Protect ของตัวนี้ก็น่าจะให้ความรู้สึกบางเบาผิวลงมาหน่อย พอเป็น body serum เราก็คาดหวังจะให้ texture มันเบาสบายผิวเหมือนเซรั่มของยี่ห้อ B หรือ V เนื้อหนักไปทางเรือกล้วยแบบนี้ไม่ค่อยประทับใจค่ะ,negative
Lip dior ส้ม 690,neutral
เบื่อการรอคิวเอ็มเคสุดละ,negative
อย่างกะมาอาบแดดอ่ะ โคตรร้อน😥😥 changmusicconnection g19fest,negative
หน้าโคตรไม่ถูกกับกานิเย่เลยอะ เหมือนมันแรงเกิน /หน้าด้านสุดๆแร้วว,negative
เดี่ยวก้อเช้าละ 555,neutral
ข้าไม่เป็นก้างงโว้ยย,neutral
รับถาดไฮเนเก้น 4 ใบค่ะ,neutral
ทำไมข้างหน้าดูแล้วมันนึกถึง Suzuki celerio,neutral
มีคนดิ้นไม่ให้แซวรถแวนว่าเป็นรถโลงศพเว้ยเฮ้ย ยินดีต้อนรับสู่เพจคาร์สปอต เพจสำหรับคนที่เบื่อการอวยกันเองในกลุ่มรถรุ่นต่างๆ อยากระบายความไม่ชอบแต่กลัวติ่งกระทืบ ก็เลยแซวแซะกันได้หมด เพจและกลุ่มชื่อเดียวกันนี้ แซวได้ตั้งแต่รถข้าว รถตัดหญ้า รถพริอุส(ถือเป็นคำด่าที่แรงมาก555) รถอังกิก รถคอร์กี้ รถน้ำดัน ล่าสุดมีคำว่ารถโลงศพแล้ว เป็นศัพท์น้องใหม่มาแรง การแซวที่ทำดาเมจให้ติ่งได้ดิ้นรุนแรงดี เลยต้องรีบบรรจุลงในปทานุกรมศัพท์ฉบับคาร์สปอตซะเลย รถโลงศพ คือรถแวนนั่นแหละ หัวเป็นเก๋ง ท้ายเป็นแวน จะแวนกี่ประตูก็ได้ แต่ขอให้หัวตัดหน้าใช้ชิ้นส่วนซีดาน และท้ายรถมีหลังคายื่นยาวพอจะใส่ของตั้งชันได้ รวมถึงโลงศพด้วย ที่ในวัฒนธรรมงานศพตะวันตกมีการแห่หีบศพให้สมเกียรติ จะให้ใช้เอสยูวีไม่ได้ เพราะไม่ต้องการไปลุยที่ไหน เลยจัดรถเก๋งต่อตูดออกมาเป็นแวนนั่นแหละ ขนโลงจำปาไปหรูๆเกร๋ๆ คราวนี้มีคนมาดิ้น อย่าแซวรถชั้นว่าเป็นรถโลงศพนะ อวยรถแวน ยิ้งดิ้นเพจนี้ยิ่งชอบซะด้วยสิ ทำไมจะแซวไม่ได้ รถเมิงมีกฎหมายหมิ่นคุ้มกะลาอยู่รึไง แซวแซะแค่นี้ก็ดิ้นซะละ เปราะบางดั่งเยื่อหี อ่อนแอร์ยิ่งกว่า CH-R กลัวทำแท็กซี่ เพจนี้จึงต้องขยี้ให้สุด อย่างที่รถแวนคันนี้บอก อย่าไปยึดติดกับมัน ตายก็เอาไปไม่ได้ Toyota KE36,neutral
ที่สาขาไหนนะ น้ำจิ้มแยะจริงๆ แต่ว่าส่วนของหนึ่งนี้ ทำไมชอบเสียครับ งง,negative
ยศพร สุภาพ 5 บาทเองงง,neutral
คนเลือก 3 มากกว่า แตไฉนยอดขายซีวิคนำลิ่วแฮะ 🤔,neutral
โรบินสัน แม่สอด จ.ตาก ร่วมรายการค่ะ ^^,neutral
ไปกินทีรัย หมูแผ่นบางๆไม่เหมือนในภาพโฆษณาเลย,negative
ท้องร้องจ๊อกๆ อยากกิน,neutral
ไปก่อนดีกว่า ไปพร้อมลูก โดนป่วนแน่ มารอบหน้าสั่งมากินบ้านดีกว่า พ่อกับแม่ได้กินด้วย🤤😋❤️👍🏼,positive
มานั่งคุยกับคุณจอห์น วิญญูเรื่องการเมือง บรรยากาศสบายๆ แต่บทสนทนาร้อนแรงน่าดู ติดตามได้เร็วๆนี้ครับ,neutral
น่ากินคะแต่ทำไมมีแต่ช่วงบ่ายล่ะคะไม่ขายทั้งวันเลยอดกินคะ,negative
จะรีบเสือกอย่างไว รอแปรบบบ,negative
วางสินค้าขายเมื่อไหร่,positive
เดวเผากางเกงแม่งให้หมดเรย,negative
นิสสัน นำรถซูเปอร์สปอร์ต นิสสัน จีที-อาร์ พรีเมียม อิดิชั่น 2018 และรถยนต์พลังงานไฟฟ้ารุ่นใหม่ ยลโฉมในมอเตอร์โชว์ 2018,neutral
จากข่าวการเสียชีวิตของคุณโจ บอยสเก๊าท์ จากภาวะหัวใจวายเฉียบพลันแล้ว ทำให้หวนคิดในเรื่องการดูแลตัวเองก่อนป่วยเป็นเรื่องสำคัญนะคะ ยิ่งในยุคนี้ เวชศาสตร์ชะลอวัยที่กำลังมาแรง มีวิธีในการดูแลตัวเองอย่างไร คุณหมอมีคำตอบให้ในคลิปนี้ค่ะ และขอความแสดงความเสียใจกับครอบครัวคุณโจ บอยสเก๊าท์ด้วยค่ะ😢,neutral
ท้าต่อยไปทั่ว แต่พอจำได้ลางๆ กูโดนหลายตีนอยู่นะ จากนั้นรู้ตัวอีกที ก็นอน อยู่โรงบาลละ เลิกแดกของมึนเมา ตอนนี้ลองกลับไปกินแปปๆเมาลิมิตกูลดโดนFullmoon2ขวดก็ไปแล้ว เลิกกินตลอดชีวิต,negative
ซื้อมา...อย่าพูดเยอะ,neutral
นิสสัน เอ็กซ์เทรล เหมาะกับรถครอบครัวจริงๆ,neutral
กานิเย่แพ้ยันมือ เคยเอาโฟมของแม่มาลองใช้ มือลอกไปด้วย แรงเกิน แล้วตอนล้างนี่ใช้ perfect weep นี่ก็ได้ใช้มะ,negative
ไลค์ลี่แฮปปี้แลนด์ ผจญภัยในแดนวัสดุภัณฑ์,positive
ตูก็ไม่ -_- แต่อ่านเจอข่าวว่าในที่ๆผ้าอนามัยแพงก็ใช้เจ้านี่เยอะ,negative
มือใหม่ หรือ ใครที่ชอบแต่งตา โทนน้ำตาล แนะนำพาเลทของ NYX Professional Makeup Thailand เลยค่ะ เม็ดสีชัด ติดทน ชิมเมอร์เนื้อนุ่ม แต่เนื้อแมทเนื้อจะแป้งๆหน่อย แต่สีสวย ติดทน โทนสีใช้ได้ทุกโอกาส หาซื้อก็ง่าย ราคาหลักร้อย ถ้าจำไม่ผิด น่าจะ 700++ ค่ะ,positive
อะเครร,neutral
ทำมาจากไม้ หรา,neutral
คืนนี้ดื่มฟรี..รีบบอกต่อๆกันกับประสบการณ์ดีๆ กับโปร 1 เรียกโปร 2 เริ่มฟรีคืนนี้ถึง 21 ธันวาคมเท่านั้น!! (โปรดมาลองรับสิทธิ์ตามกติกาก่อน 5 ทุ่มแล้วคุณจะรู้) โปร1 : มากันแค่ 2 คน แจกฟรีทุกคืน!! ไม่เว้นวันศุกร์-เสาร์ “รับเครื่องดื่มขนาด 1 L.ฟรี” แถมอยากดื่มอะไรก็สามารถเลือกได้ตามใจชอบ โปร2 : มากัน 3 ท่าน แจกฟรีเฉพาะคืนวันอาทิตย์-พฤหัส! “รับเครื่องดื่ม 1 ถาด 12 ป๋องใหญ่ฟรี” (ช้าง ช้าง ช้าง ช้าง ช้าง น้องเคยเห็นช้างรึปล่าว) ITCHYใหม่ —>ย้ายร้านมาอยู่หลังร้านณ.สโมสร (ในโครงการโอสแควร์) บนถนนศรีนครินทร์หรืออยู่ฝั่งตรงข้ามโรงพยาบาลเปาโลสมุทรปราการ มีทั้งดนตรีสด มีทั้งดีเจ EDM.เริ่มสนุกกันตั้งแต่ 3 ทุ่มทุกค่ำคืนเป็นต้นไป *โปรโมชั่นฟรีนี้ไม่สามารถใช้ได้เฉพาะวันที่ทางร้านจัดกิจกรรม/คอนเสิร์ต เงื่อนไขเป็นไปตามที่ร้านกำหนด และไม่ต้องแจ้งให้ทราบล่วงหน้า ☎️สอบถามเส้นทาง/สำรองที่นั่งได้เลย ▪️ 02-222-22 ▪️ 088-888-88 คุณเจี๊ยบ ▪️ 099-999-99 คุณวิน ▪️ 088-888-88 คุณจั้ม โปรดพกบัตรประชาชนตัวจริง 20+ ITCHY WAREHOUSE JAMESON CHANG,neutral
พาซ่าา,neutral
ว่าใง,neutral
สุนทรียภาพ..ของการดื่มที่ละมุนละไม..ไปกับ Heineken🍺🍺🍺,positive
ข้าวไก่กรอบซอสน้ำปลา ไหม?,neutral
"เหมือนกันเลยค่ะ เราจอง 8 เม.ย.61 อุตสาห์รีบจอง บัตรกำนัล..3,000 ไม่ได้ บอกว่าต้องรับรถภายในสิ้นเดือน เม.ย.61 อ้าว..ก็ทางศูนย์ Honda ไม่มีรถให้เราเองนี่.. นัดรับโน้น ต้น มิ.ย. /หรือก็ ไม่เกิน 15 พ.ค.61 น่าจะดูแลลูกค้า ด้วยเนอะ เรื่องบัตรกำนัล 3,000 เพราะศูนย์ไม่มีรถให้เราเอง.. เพราะไหนๆ เราก็จอง ภายใน 10 เม.ย",neutral
รองพื้นทรงเอกลักษณ์ เพื่อสีผิวที่เป็นธรรมชาติที่สุด เนียนนุ่มที่สุด TrueMatch TrueToMyShade LorealParisTH ลอรีอัลปารีสเมคอัพ,positive
ทำสีไม่ค่อยดีเลยหลุดเป็นจุดๆรีโว่สีขาวจุดที่แจ้งก็ไม่เก็ยให้มีรอยสลิงไว้ให้ดูเป็นที่ระลึก,negative
ขอให้ผ่านครับ,neutral
น่าจะเพิ่มเติมด้วยนะคะว่าไม่พบพยาธิแต่พบฝี ก็รู้ๆกันอยู่คนเค้าอ่านแต่หัวข้อ ไม่อ่านเนื้อหาข้างใน,negative
1.ชุมพรค่ะ,neutral
อ๊อด เบียร์สิงห์,neutral
เหมือน เบียร์ ไง น้ำแรก เบียร์ สิงห์ น้ำสอง ลิโอ..น้ำสาม ไลน์เบา น้ำสี่ กระป๋องเหลือง เหลือ ขี้เบียร์ ไม่รู้..จะออกมาเป็นอะไร Thailand 4.0,neutral
ถ้าเป็นเมนูนี้จะมีขายที่รพ.สมิติเวชค่ะ แต่หากลูกค้าไม่สะดวกที่สาขานี้ สามารถโทรไปสอบถามได้ที่ 088-888-88 ค่า,neutral
ยังหาครีมที่มาลบล้่างความดีงามของซันวาซูมิได้เลย ทั้งขาวทั้งใส ไร้สิว แต่แพง ยอมหน้าพัง 555445,negative
ปล่อย,neutral
เฒ่าเอกโทรรายงานแร้ว,neutral
หุ่นแบบไหนที่เรียกว่าดี หุ่นที่เจ้าตัวโอเค ไม่มีปัญหาสุขภาพ จะอ้วน จะผอม จะอวบก็เหอะ แล้วการบอกว่าผู้หญิงหุ่นมีน้ำมีนวลดีกว่าผอมเป็นผี นี่ก็เซ้ทอัพค่านิยมความงาม ให้มาตรฐานเป็นแบบนี้เท่านั้นรึเปล่า,neutral
สิ่งเติมเต็มคงขาด เบียร์ช้าง ไม่ได้ค่ะ ขาดไปรสชาติอาหารก็ไม่อร่อย ขาดเพื่อนกินอะไรก็ดูธรรมดาไป,negative
เมื่อมึงพร้อม,neutral
บอกเลยว่าไม่มัน หน้าใสเหมือนสาว Idol ด้วย SHEENe Oil Free แป้งคุมความมันยาวนาน 12 ชั่วโมง มีจำหน่ายแล้วที่ร้านเครื่องสำอางทั่วไป หรือซื้อตอนนี้คลิกเลย >> 📞SHEENe Call center: 02-222-22 SHEENeThailand,neutral
แถวบ้านหนู25เองค่ะ,neutral
้เห็นแล้วใจหาย แค่เสมอก็โดนก็ไม่รอดหรือเนี่ย555,neutral
หงส์ทอง กับ ลีโอ,neutral
งานนี้ลีโอเสือกเป็นสปอนเซอร์ อีเหี้ย กูแดกลีโอแล้วปวดหัว,negative
ฝากร้านน O-PA’ อร่อยทุกอย่างเลยน้าา ใครมาหนองคายไปตำเด้ออ 📍พิกัด : ซอยข้างสกุลคูเจริญ ตรงข้ามปั๊มเอสโซ่ ร้านสีเหลืองๆ,positive
สมัคร netflix สุดท้ายก็ไม่รู้จะดูเรื่องไร,negative
ของนิสสันทุกรุ่นหรอค่ะดาวน์4999แล้วผ่อน3000จริงหรอค่ะ,positive
กลางวันมีแต่ฝุ่นควัน แต่กลางใจฉันอ่ะมีแต่เธอ,positive
จัดๆอยากๆ,positive
จุ่มพอน= ชุมพร ป่าว55,neutral
เห็นเปิดตัว Revo ก็พอเดาออกครับ,negative
คือต้อง4 คนหรอ,neutral
ขอหั้ยผ่านคับ,positive
ต้องเปิดเจมสัน,neutral
สู้ๆครับ เป็นกำลังใจให้ทุกท่านครับ,positive
ทรงนี้สวยครับแต่ถ้าทรงปีกมดลูกเหมือนนิสสันรุ่นก่อนๆขี้เหร่ครับ ผมแค่มองว่าควรให้มันมีความต่างกันแยกกันชัดเจนแค่นั้นเองครับ นี่เหมือนกันเดะเลยมันทำให้รถดูไม่มีคลาสไม่มีระดับยังไงไม่รู้ครับ ความเห็นส่วนตัวนะครับผมไม่ชีเรียสครับ,neutral
รุ่นไหนวะ ยังไม่เคยใช้ของเมเบอลีนเลย ทุกทีใช้ wet n wild บ่ายๆหน้าเยิ้ม คิ้วก็หายละ เซง,negative
✨ช่วงซัมเมอร์มองหน้า รองพื้นที่กันน้ำกันแดดได้ดี ต้องนี้เลย 👉 แพลตินัม เบลมิช บาล์ม (เป็บบีบีครีมผสมรองพื้น) ที่ช่วยปกปิดผิวให้เรียบเนียนพร้อมควบคุมความมัน ลดริ้วรอย ป้องกันแดดด้วยค่าSPF 50+ PA+++ 🌤️ โปรโมชั่นตลอดเดือนเมษายนนี้ ซื้อ1 แถม 1 ฟรีทันทีจ้า‼️ LABSTORY labstorythailand Beautyinsummer,neutral
สิ้นเดือนไปกินกันดีฟ่า กฤติกา กาญจนฤทธิ์,neutral
สู้ๆครับ..ถ้าไม่มองเห็นผลประโยชน์บังหน้าครับ,positive
ทำไมเราไปกินไม่เห็นลดเบย,negative
สวยมากก ราคาไม่แรงอย่างที่คิดนะจ๊ะ แต่เพิ่มอีกนิดได้ honda city 1.6 ตัวเริ่มต้น,positive
บุหรี่ไม่ดีก็เลิกผลิตซิครับ,negative
เดี๋ยววันหลังจะปรับปรุงนะคะ (ไม่ได้เอาตัวมีฝีออกนะ) จะตัดแค่ฝีออกเฉยๆ 55,negative
งานเบลนผ่านไป ต่อไปงานแสงโสม 555,neutral
ไม่อร่อยเลยสู้ไก่กรอบแบบเก่าไม่ได้,negative
นักเกตต,neutral
เท้าคุณ คือเรื่องสำคัญ การไหลเวียนของเลือดจะส่งความอบอุ่นไปทั่วร่างกาย เพราะฉะนั้น หากการไหลเวียนของเราไม่ดี เราก็จะหนาวเกินไป และทำให้เรานอนไม่หลับ ซึ่งการสวมถุงเท้าขณะนอน จะสามารถช่วยได้มาก ในทางตรงกันข้าม ถ้าคุณรู้สึกว่าร้อนเกินไป ให้เอาเท้าโผล่ออกมาจากผ้าห่ม ซึ่งหลักการง่ายๆ ก็คือ ใช้เท้าเนี่ยแหละ เป็นตัวควบคุมอุณหภูมิของร่างกายเรานั่นเอง ที่มา kiitdoo เรื่องสุขภาพมั่นใจให้เราดูแล โรงพยาบาลกรุงเทพราชสีมา,neutral
ราคานี้ คงจะขายยาก เพราะซื้อ คัมรี่ ได้ถึง 2 คัน,neutral
เข้มข้น มั้ยล่ะคับแอด,neutral
เสือก,negative
นั่นคือคำตอบและความคิดของผู้บริหารประเทศของเรา ขอไว้อาลัยแป๊บ นั่นแสดงว่าท่านไม่คิดจะแก้ปัญหาเลย บางทีเรารีบและเช้ามากต้องไปให้ถึงสนามบินเพื่อเช็คอินเราก็คงไม่มีเวลากินข้าวไปก่อนหรอกนะท่าน ร้านแม็คโดนัลด์บวกราคาไปประมาณ60%จากด้านนอกทั้งที่บริการห่วยกว่าข้างนอกกินในจานกระดาษด้วยยังบวกราคาหน้าตาเฉย ขอท่านตรวจสอบและตอบผมหน่อยมันแพงจากอะไรครับท่าน!!,negative
ออกโรงพอดี เชื่อมั้ย,neutral
ความรู้สึกเหมือนโดนเอาเปรียบ เดี๋ยวหลุด เดี๋ยวหลุด ผมคิดว่าจะซาวน์เสียงรวมตัวกันแต้ง สคบ น่าจะแก้ปัญหาได้ดีกว่ารอช่างจากทางทรูนะครับ,negative
แท้กเฉยๆ,neutral
เอาให้สุด วันสุดท้ายของปีนี้ ทิ้งทวนกันไป ขอให้ได้ขอให้โดน KUเลิฟ KUเลิฟsongkranonyx KUเลิฟสงกรานต์ KULOVMAX7,neutral
ผ้าอนามัยเย็นมันค่อนไปทางทรมานนะ,negative
55เบาๆๆ,positive
เอางี้ถ้าคนขับนาวาร่าขอโทษป้าที่จอดขวางหน้าบ้าน แล้วโซเชียลจะไม่ประมานเธอไหม ถ้าเปรมชัยขอโทษที่ล่าเสือดำ แล้วทุกคนจะเลิกด่าเปรมชัยไหม คนทุกคนทำอะไรไว้ก็ต้องรับผลกรรมนั้น จะมางอแงว่าขอโทษแล้วจบ พอห้ามด่านะ ? ตอนทีตัวเองไปใส่ร้ายเขารัวๆ พอเขาเตือนเคยหยุดไหม ถามหมายศาลในมือดู,neutral
ไม่เอาล้าวไม่มีตังง,negative
จะพลาดได้ไงง,positive
เป็นโทนสีที่สวยแบบไม่ไหวแล้วอะ พกติดเป๋าทุกวันไม่ผิดหวัง รุ่นนี้เนื้อแมทผสมครีมติดทนดีเบย NYX Lip Lingerie Liquid L…,negative
แป้งโปร่งแสง ที่ช่วยทำให้ผิวให้ผ่องสวยขึ้นได้ ได้ลุคธรรมชาติแบบสุดๆ คงผิวผ่อง ตลอดวัน!!! เติมได้บ่อยตามต้องการ แป้งฝุ่น แป้งโปร่งแสง แป้งหน้าใส แป้งฝุ่น translucentpowder แป้งฝุ่นเจ้านาง แป้งเจ้านาง แป้งพัฟเจ้านาง Chaonangthailand Chaonangthailandofficial แป้งพัฟ แป้ง แป้งพัพถูกและดี แป้งผสมกันแดดที่ดีที่สุดในยุค แป้งผสมรองพื้น แป้งพัฟคุมมัน ลิปเจ้านาง ลิปแมทเจ้านาง ลิปแมท สอบถาม-สั่งซื้อ-สมัครตัวแทน โทร. 088-888-88 📲Line : 📩Inbox : m.me/chaonangthailandofficial,neutral
หมดแล้วค่ะยังไม่ทันเชคเลย😭😭😭,negative
ทวิตเนื้อหมูบาร์บิก้อนวันนั้น ทำเอากูไม่กินเนื้อไม่ได้จนถึงตอนนี้ ถึงจะแค่วันเดียวก็เถอะ เรื่องกินเรื่องใหญ่ บาร์บีก้อน,negative
"🏃🏻🏃🏻‍♀️วิ่งการกุศล ""แคร์ฟอร์แคนเซอร์"" ครั้งที่ 9 วันเสาร์ที่ 18 พฤศจิกายน 2560 ณ เวทีกลางแจ้ง สวนลุมพินี เขตปทุมวัน รายได้สนับสนุนงานวิจัยของศูนย์วิจัยอณูพันธุศาสตร์มะเร็งและโรคของมนุษย์ โรงพยาบาลจุฬาลงกรณ์ สภากาชาดไทย careforcancer2017 FunRun วิ่งเพื่อผู้ป่วยมะเร็ง ICareBCoz",neutral
เราไปกินบาบีกอนกันไหม,positive
เราก็ใช้Toyota แต่ทำไมใยเล่าถึงมาแบบนี้ Prius รถระดับ ยังเอาทำแท็กซี่ Altis ก็ระดับเหมือนกัน แต่ c-hr ทำไมถึงไม่ให้ละ หรือว่า Altis กับ Prius เป็นลูกเมียน้อย หรอ คันเป็นล้านเหมือนกัน หึๆ 😭,neutral
"Drink • Dance • Dive WIN A FULL TRIP TO ""DND ON BOAT"" DND Presents ""DND ON BOAT"", Full Boat Trip Package to North Maldives on May 19 - 26, 2018 ร่วมลุ้นเป็นผู้โชคดีที่จะได้ไปเปิดประสบการณ์สุด Exclusive กับทริปปาร์ตี้ล่องเรือส่วนตัวสุดหรูที่จะพาคุณออกท่องโลกกว้าง พร้อมเปิดประสบการ์ณโลกใต้ทะเลที่ ""North Maldives"" ระหว่างวันที่ 19 - 26 พฤษภาคม 2561 • Top Spender สำหรับลูกค้าที่มียอดสะสมเป็น 4 อันดับแรกในการเปิดแพคเกจมากที่สุด • 1 รางวัล จะได้รับสิทธิ์ในการเดินทาง จำนวน 2 คนต่อ 1 รางวัล ร่วมสนุกกับกิจกรรม ""DND ON BOAT"" ได้ตั้งแต่วันนี้เป็นต้นไป More info & RSVP : 094.414.9266 / Line : .donotdisturb A GOOD TIME IS NOT TO BE DISTURBED DNDDoNotDisturb DNDBoutiquePlayhouse DNDOnBoat ChivasMagnum ChivasNightMagnum",neutral
รุ่นตาเพชร ถึงจะเป็นรุ่นเก่าแต่ก็เก๋าได้ตลอดกาล ภายในกว้าง ภายนอกก็ดูภูมิฐาน สรุปว่า รักอ่ะ ไปดูหนังกับแม่นะลูก,neutral
พื้นที่การนั่งตรงเบาะหลังของ Toyota CHR ถือว่าด้อยกว่า HR-V แต่ดีกว่าของ CX-3 แต่วัสดุตรงส่วนนี้พลาสติก เป็นรอยง่าย ดูแล้วไม่สมราคารถหลักล้านเท่าไหร่,negative
ไปกินสาขาโลตัสพระราม2มาเมื่อวันจัน เสียอารมณ์มากพนักงานไม่ใส่ใจเลยครับไปนั่งสั่งของเสร็จจนชุดหมูมาแล้วจนน้ำเดือด น้ำชาก็ไม่เอามาให้น้ำจิ้มก็ไม่เอามาให้ โต๊ะอื่นมาทีหลังเอาไปให้เขาก่อนบริการเขาก่อนผมงงมาก นั่งรอดูว่าจะเอามาให้ไหม สุดท้ายต้องมห้ผมไปเรียกขอเอง สุดๆเลย ที่หลังติดป้ายไว้เลยครับ น้ำดื่มบริการตัวเอง,negative
สวัสดีค่ะ รบกวนแอดไลน์เพื่อให้ทาง ทีมขาย และ ทีมไฟแนนซ์ ดูแลให้ข้อมูลเพิ่มเติมค่ะ แอดแล้วทักเลยค๊า,neutral
โบกหน้าหื้อ,neutral
ไม่เห็นพนักงานแนะนำเลย น้ำจิ้มสูตรใหม่,negative
รูปลักณ์ของรีโว่ถ้าเปรียบเป็นผู้ชายเขาหล่อโครตๆ แถมยังได้ใจที่เขาเป็น หนึ่งที่โตโยต้าทำออกมาเพราะเรารักโตโยต้าไม่มีวันเปลี่ยนค่ะ,neutral
นอนแล้วครับบบ,neutral
"ฮอนด้ากอดแชมป์รถยนต์นั่ง ลั่นปี""61 โต 5% โปรเจ็กต์ไฮบริดพร้อมกระหึ่ม",neutral
อันนี้เมาหงส์ทองละ 55,negative
เบียร์ลีโอ118บ.ช้าง120บ.เหล้าขาว277บ.,neutral
Mazda ฟ้องร้องค่าเสียหาย กับคนใช้ CX-5 ที่ไปประท้วงปัญหา ในงาน Motor Expo,negative
ตอบค่ะ: ลอรีอัล รีไวทัลลิฟท์ เดอร์มาลิฟท์เดย์ครีม 50กรัม/ไนท์ครีม 50กรัม ได้รับคูปองส่วนลด 120บาท เหลือ 479บาท ในโปรโมชั่น watsons Beauty in Summer (29 มี.ค.-25 เม.ย. 61),neutral
แอดมินขอส่งเรื่องให้หัวหน้างานตรวจสอบการทำงานของพนักงานที่สาขาให้นะคะ ***ลูกค้าไปใช้บริการที่สาขาไหนค่ะ,neutral
มันคือฝีหนองงง 😨 เจริญอาหารมั้ยล่ะ,negative
ปลาการ์ตูน สวยกล้าท้าทุกแสง คู่หูท้าแดด kmacosmetics,positive
: SUV ราคาประหยัดจาก Nissan Motors เตรียมทำตลาดในอินโดนีเซีย โดยเข้าโครงการ Low Cost Green Car ของรัฐบาล เปิดตัว 18 ม.ค.นี้,neutral
ไม่ว่างคะวันนี้ ไปกินข้าวกับพี่ชาย,neutral
แอดมินขอเป็นตัวแทนน้อมรับคำชมเชยนะคะ แอดมินได้ทำการแจ้งคำชมเชยดังกล่าวไปยังร้าน MK สาขาบิ๊กซี ยโสธร ให้รับทราบเรียบร้อยแล้วค่ะ เพื่อเป็นกำลังใจในการทำงานของพนักงานต่อไปค่ะ,neutral
แสงโสมเมาครับ,neutral
"เซนทรัลปิ่นไม่มีครับ​ มีทีีIPSA สาขา: IPSA Recipe House เอ็มควอเทียร์ 022, พารากอน 022, เซ็นทรัลชิดลม 022, เซ็นทรัลบางนา 022, อิเซตัน 022",neutral
เมนูข้าวเด็ดๆ,neutral
"มิตซูบิชิ ปาเจโร สปอร์ต รุ่น GT-Premium 2WD Limited Edition ราคา 1,424,000 บาทครับ ดูรายละเอียดเพิ่มเติมได้ที่นี่ครับ : และสามารถขอรับใบเสนอราคาได้ที่นี่ครับ :",neutral
แต่รอบนี้ SKII aura กับ spot essence Out of stock สงสัยต้องเสียเงินไปซื้อที่ญี่ปุ่นแทน,negative
ถ้าบุหรี่ไฟฟ้าอยุ่บ้าน จะโดนยืดบ้านไหม กูอยากรู้ บอกกูที กูงง วางในวัดเจ้าอาวาสแม่งซวยแน่ อัพเดทในเม้นกูมีคนบอกว่าถ้าวางไว้ในซอกheeละ !! ขุ่นพระ,negative
นอกจากไม้โทที่เปลี่ยนให้ ลิโด กลายเป็น ลิโด้ ก่อนกลับมาเปิดอีกครั้งในพฤษภาคม 62 ที่นี่ได้ PMCU ทีมจากค่ายเพลง LOVEiS และสองผู้ก่อตั้งโปรเจกต์ Freeform Festival ร่วมกันคิดปรับฟังก์ชันพื้นที่ด้านในที่ให้กลายเป็นCo-cultural Space ด้วย Lido readthecloud,neutral
จะคลอดแหละยังไม่ได้กินเลย,neutral
ครับ โดนเฉพาะ celerio ปังมาก,positive
ชวนด้วยนะ,neutral
โคตรโหดค่า!! ราคาหลายเท่าตัว!! เบียร์สิงห์ขวดเล็กเกือบสองร้อย กรุกะยังอุตส่าห์สั่งมาเนาะ😂😂😂,neutral
นัดมาๆ อยากกินเวอร์,neutral
มันจะอ้วนเอาหนาๆๆๆ,neutral
คุณลูกค้าสามารถสอบถามที่เบอร์ 1642 ได้เลยค่ะ ^^,neutral
ต่างจังหวัดมีไหมครับ ตามสาขา,neutral
เชื่อครับ ไม่พยาธิ มีแต่แมงสาบครับ,negative
ตั้งแต่แสนสิริ คิวเฮ้าส์ โนเบิล ยันเอพี สร้างบ้านจัดสรรแล้วมีปัญหา สงสัยคงต้องปลูกกะต๊อบอยู่เอง,negative
อุ้ย,neutral
มองผ่านๆ นึกว่า honda accord,neutral
พกประตูวิเศษของโดเรมอนไปค่ะ จะได้แว๊บไปแว๊บมา ซื้อเบียร์ช้างมากินริมหาดด้วย เนอะๆๆ,neutral
ถ้ามีอาการทางประสาทจริงก็แจ้งทาง รพ.ให้มารับตัวไปรักษา ปล่อยไว้แบบนี้อันตรายต่อสังคม รพ.ประสาทเขามีห้องควบคุม จนท.สมควรยึดรถไว้เพราะไม่สามารถควบคุมอารมณ์ขณะขับรถได้เป็นการหย่อนความสามารถในการขับขี่เป็นอันตรายต่อสังคม จนท. พนักงานจราจรสามารถดำเนินการได้ส่งฟ้องศาลเพื่อให้เป็นผู้มีสติฟั่นเฟือน. อย่าบอกว่าสังคมทำอะไรไม่ได้,neutral
สนใจเทรลเบลเซอร์ขอผ่อนเดือนละ8000ต้องดาวเท่าไหร่ค่ะ,neutral
ยุค1873 Amsterdam start-up ยุคของ gerard adriaan heinekin ได้เริ่มใช้ชื่อแบรนด์ Heineken® เป็นการเริ่มต้นรสชาติละมุนนุ่มลิ้นนี้,positive
ออกรถยนต์ฮอนด้าวันนี้ รับข้อเสนอสุดพิเศษ ดอกเบี้ยต่ำ พร้อมฮอนด้าช่วยผ่อนนานถึง 12 เดือน ตั้งแต่วันนี้ – 30 เม.ย. 61 ที่โชว์รูมกระบี่ฮอนด้าทั้ง2สาขา รายละเอียดเพิ่มเติม คลิก,neutral
ของหวานเมนูใหม่จากเอ็มเค 69.- ได้ส่วนลดดีแท็ก 15.- อืมม อร่อย! ...แต่ก็ยังแพงอยู่นะ😅,negative
โตโยต้านิวฟอร์จูนเนอร์ งานยานยนต์ที่ยิ่งใหญ่ ที่ไม่ควรพลาด,neutral
ได้เลยครับ คุณลูกค้าสามารถเข้าไปอ่านรายละเอียดข้อเสนอสุดพิเศษของ Nissan Navara ได้ที่นี่เลยครับ,neutral
กดว้าวได้มั้ยเนี่ย,positive
เมื่อวานดูข่าวการจับกุม ตร.บอกนิโคติน95% ผมก็ลั่นเลย55,neutral
ต้องไประยองอ่ะดิ😂,neutral
ถ้าจะซื้อคุณมีเวลาจากตอนนี้ถึงบ่าย2 หลังจากนั้นจะซื้อได้อีกครั้งคือ5โมงเย็นถึงเที่ยงคืน,neutral
ปี 2550 : ยุบพรรคไทยรักไทย ปี 2551 : ยุบพรรคพลังประชาชน ปี 2562 : ยุบพรรค ไทยรักษาชาติ ? ยุบพรรคการเมืองอยู่ฝั่งเดียวแบบนี้ มันก็สะท้อนมาตรฐานของความยุติธรรมในประเทศนี้ได้ดีมากเลยครับ,negative
อยากกินว่ะ,positive
โอ้ยย ตลอดเว,neutral
อิห่ากูก็นึกว่าเป็นติ่งพระเจ้าเหา อันนี่ขึ้นเลย ตีนกากูเนี่ย,negative
กาดวันค่ำ หลังแมคโดนัลค่ะ ร้านขวามือ ก่อนถึงร้านสุดท้าย,neutral
ฮ่าๆๆๆ,neutral
Toyata วางแผนผิด คงคาดว่า ต้นทุน Battery จะยังสูงมาก ถ้าไม่มี Tesla มากระตุ้น Toyota ก็คาดถูกแหละ,neutral
ชีสต้มมันไม่ใช่แนว,negative
"บางคนหน้าสด ก็โดนทักว่าหน้าเหมือนศพ แต่ของเรานี่ ""ทำไมหน้าไม่เหมือนรูปโปรไฟล์?"" โห หน้าสดวันเดียวแต่โดนทักเสียเซลฟ์ไปทั้งชีวิต ไม่คิดว่าชีวิตนี้จะกล้าหน้าสดออกจากบ้านอีกแล้วจ้า อยากจะมีประสบการณ์หน้าสดแต่ไม่ศพบ้างงง 😂 คิดว่าผลิตภัณฑ์คุณภาพดีๆจาก Biotherm น่าจะช่วยได้เย๊อะะเลยค่ะ55 ให้หนูเถอะน้าาาพี่เจลลี่จูนจู๊นน <3 ประสบการณ์หน้าสด หน้าสดแต่ไม่เศร้า BiothermThailand AquasourceAura",positive
แล้วจะมีรุ่น revo champ เหมือน vigo ไหม,neutral
กินตัวนี้เพิ่มอีกนิดไป 100 pipers ดีกว่าครับ คหสต จากคนแดกเหล้าทุกคืนวัน,positive
คับ ปลอดภัยทุกการขับ แค่ขยับพื้นที่ก็กว้าง วางใจเรื่องความปลอดภัย ใกล้ไกลไปได้ทุกที่ มีดีที่ดีไซด์ ไสต์ล้ำโฉบเฉี่ยว ปราดเปรียวรูปทรง เงินเหลือเที่ยวประหยัดน้ำมัน ไปกัน ฮอนด้าที่รัก EnjoyHondaThailand,neutral
พร้อมมาก ตอนนี้เลยม่ะ,positive
เปนรถ hatch back อะเจ้ อารมเดียวกับ mazda3 แถวๆ นั้น แต่โฉมนี้มันทำตลาดมานานแล้วนะ แค่มี minor change แล้วก้พวกตกแต่งพิเศษแบบตัวเนี้ยที่เปน edition พิเศษ ผมว่ามันน่าจะออกตัวใหม่แบบ all new เลยอะ น่าจะเร็วๆนี้,neutral
กูเริ่มรำคาญโฆษณาเบียร์ช้างที่พี่เวียร์เช่นละ,negative
รับลีโอกับไฮเนเก้นท์ค่ะ 55 แท๊กพริบซะเป็นอีลำยองเลยนะ55,neutral
มาสด้า3รสทดลองขับมีขายไหมคับ,neutral
น้ำเต้าหู้ สลัด มะม่วงกะปิหวาน สับปะรด สละ ชมพู่ แอปเปิล แตงโม สตอเบอรี่ ผลไม้รวม ซุปไก่ น้ำผึ้ง มะม่วงกวน Gentleman jack Breezer Red ชีวาส ไวท์แดง เอ่อ เริ่มไม่ใช่ละ,neutral
อยากกินมันลดอ่ะ,positive
มี2สาขาค่ะ ที่เอเชียทีคโกดัง6และที่show Dc ชั้น5ค่ะ,neutral
อยากให้เทียบช่วงล่าง กับฟีลการขับขี่ของสวิฟ กับมาสด้า2 หน่อยครับ,neutral
ปวดท้องจะตายยุ่ละ ผ้าอนามัยจะเยนไปไหน,negative
"ลิปซิงค์เสร็จแล้วเดินมาบอกว่าเกลียดรูปนี้ ทำไมแอปโซลูทเอารูปนี้ใช้ หน้าเหมือนโทรลล์ ทุเรศ raja is a model, not a troll ใครก็ได้เอาไปเก็บที 55",negative
คือถ้านิสสันพิจราณาจากยอดขายของรุ่นปัจจุบันก็ควายมากแล้ว มันต้องดูว่ารุ่นที่ออกแบบมานั้นสู้คู่แข่งปัจจุบันได้หรือไม่,neutral
อยากกิน บาบีก้อน bar-b-q พลาซ่า😁,positive
เราเลิกบุหรี่มวนได้ 10 เดือนล่ะ เพราะ e-cig ปัจจุบันก้อสูบแต่วันละไม่กี่ที ที่สำคัญกลับไปสูบแบบมวนไม่ได้ เหม็น ได้กลิ่นคนอื่นสูบก้อเหม็นหว่ะ,neutral
เพื่อนผมโดนไป500จ่ายตรงนั้น เฮ้ยๆ ช่องทางชัดๆ,negative
มีใจก็ตามมา จะหนีใครมาก็ตามใจ🙃 U beer เบียร์ของคุณ เบียร์ในแบบที่เป็นตัวคุณ ubeer,neutral
สักวันคงทนไม่ไหว55,negative
จัดสักหน่อยไหม,neutral
张丽霞 อ้อออ ผ้าอนามัยแบบสอดอ่ะนะ กุกลัวมาก 55,negative
ไปสี้,positive
🙏🏻 ขออนุญาตฝากร้านครับ ❤️ เซรั่มน้ำนมเข้มข้น DrJiLL หนึ่งเดียวที่รวมสารสกัดไว้เยอะที่สุด ดีที่สุด ไว้ถึง 5 ชนิด 🌟 เพื่อการบำรุงผิวหน้าได้อย่างตรงจุด ตอบโจทย์ปัญหาผิวได้อย่างตรงใจ 💓 DrJiLLG5Essence เซรั่มของคุณหมอ ขวดเดียว จบทุกปัญหาผิว 😉💕😘 ปรึกษาฟรี Inbox ได้เลยครับ 🙏🏻 💙💚💜💛❤️ ซื้อสิ้นค้าของแท้ต้องมีบัตรตัวแทนขา Dr.Jill เท่านั้น***,neutral
เหล้ามันดีจริงครับ,positive
ศุกร์ช่วงกลางวันมั้ย มีบัตรพิซซ่า 1 แถม 1 อีก 2 ใบด้วย,neutral
น่ากลัวมากเลยเทออ,negative
ไปถามพนักงาน บอกราคาปกติ,negative
ตลอดเดือน ม.ค. at ITCHY ▪️เปิด 1 แถม 1 🔥🔥[ก่อน 5 ทุ่ม] ชนแก้วกันทั้งคืน ➖➖ ▪️HBD.ฟรีเครื่องดื่มขนาด 1 ลิตร 🔥🔥[ก่อนตี 1] [ก่อนวันเกิด 1 ขวด/ตรงวันเกิด 1 ขวด/หลังวันเกิด 1 ขวด] ➖➖ RESERVATION & INFORMATION 📞 02-222-22 (18:00-02:00) 📞 088-888-88 คุณเจี๊ยบ 📞 099-999-99 คุณวิน 📞 088-888-88 คุณจั้ม ปล.อิชชี่ใหม่...ย้ายร้านมาอยู่หลังร้านณ.สโมสร หรือฝั่งตรงกันข้ามกับโรงพยาบาลเปาโลสมุทรปราการ ให้ไปกลับรถใต้สะพาน 3 แยกการไฟฟ้า ITCHY WAREHOUSE SRINAKARIN JAMESON,neutral
ไม่รู้จะถามอะไรอ่า เพราะที่คิดออกก็ถามอากู๋หมดแล้ว เลยถามกว้างงงไว้ก่อน เผื่อใครมีข้อแนะนำเพิ่มที่ไม่คิดว่า เหย มันมีปัญหานี้ด้วยค่า // ที่ตั้งคิดว่าดีเลยค่ะ เข้าซอย 180 ม. ห่างจากบ.ประมาณ 3 กม. / นตบค.ไม่ดังเท่าพวกแสนสิริ แต่ก็ทำมาหลายโครงการ ยังไม่เห็นคอมเม้นต์แย่ๆ ค่า,neutral
แพงไปหมูยิ่งบางปัจุบัน ไม่คุ้ม เพิ่มเงินอีกนิด บุพเพ่หลายหลายกว่า อิ่มกว่า ราคาสมเหตุสมผลกว่า,negative
แม่งราคาเท่า ฮอนด้าแจ๊ส เลย,negative
เช่าชุดอีดอกก,negative
"การแข่งขัน ไทยแลนด์ ดีเวลล็อบเม้นท์ ทัวร์ ( ทีดีที) สิงห์ ทีดีที นครนายก 2017 สะสมเงินรางวัล ออเดอร์ ออฟ เมอริท รายการที่ 6 สนามวอเตอร์มิลล์ กอล์ฟ แอนด์ การ์ เด้นส์ ระยะ 7,234 หลา พาร์ 71 จ.นครนายก บริษัท สิงห์ คอร์เปอเรชั่น จำกัด สนับสนุนเงินรางวัล 6 แสนบาท จบรอบแรก ผู้นำร่วม 3 คนสกอร์ 5 อันเดอร์พาร์ 66 วันพฤหัสบดีที่ 21 กันยายน เป็นการเล่นรอบแรก ชลทิตย์ ชื่นบุญงาม วัย 19 จากนครปฐม รุกกี้หนุ่มเพิ่งเทิร์นโปรเมื่อเดือนพฤษภาคมปีนี้ กับสถิติเล่นไม่เคยตกรอบในทีดีที ทัวร์ เงินสะสมรวมอยู่อันดับ 13 ประเดิมไม่ผิดหวัง รั้งตำแหน่งผู้นำร่วมกับสวิงรุ่นพี่วัย 23 ทั้งคู่คือ วรสรณ์ สุวรรณพนัง จากสุราษฎร์ธานี และ ธาวิท พลไทย จากจันทร์บุรี อดีตแชมป์ ไทยแลนด์ พีจีเอ ชาเล้นจ์ ปี 2013 โดยนักกอล์ฟทั้งสามคน เก็บ 6 เบอร์ดี้ เสีย 1 โบกี้ ชลทิตย์ เผย ""วันนี้ผมโชคดีถึงตีเหล็กไม่ดี แต่พัตต์ดีมากกับพัตต์เตอร์ตัวใหม่วันสุดท้ายคงสนุกสูสีทุกคนที่ไล่กันมามีโอกาสด้วยกัน "" ขณะที่ ธาวิท กล่าว "" เบอร์ดี้ไกล้ทุกหลุมไม่เกิน 6 ฟุตรอบสุดท้ายจะเล่นไปตามเกมตัวเองเคยแชมป์ที่นี่ด้วย "" ส่วน วรสรณ์ ผู้นำจากแดนใต้ อีกคนกล่าวว่า "" พัตต์เบอร์ดี้สว่นใหญ่เกินกว่า 10 ฟุตด้วยซ้ำมั่นใจตอนนี้คิดเพียงตีให้อยู่แฟร์เวย์ คิดว่าไม่น่ามีปัยหา "" อันดับสี่ร่วม ตามอยู่หนึ่งสโตรก มี 3 คนคือ ณัฐดนัย เนื่องจากนิล,จิโรจ จันทร์อินทร์ และ ปุณณวิชญ ฮิรายามา สกอร์ 4 อันเดอร์พาร์ 67 ตามด้วยกลุ่มสกอร์ 3 อันเดอร์พาร์ 68 ตาม 2 สโตรก จากผลงานของ วุฒิพงศ์ สีหพันธ์ และ ปิยณัติ จุติเวช สว่น ฐิติพัฒก์ ผาธรรม วัย 28 ดับหนึ่งจากรอบคัดเลือกจบ 1 โอเวอร์พาร์ 72 อยู่อันดับ 41 ร่วมผ่านการตัดตัว จากการคัด-ออฟที่สกอร์ 2 โอเวอร์พาร์ 73 นำ 50 อันดับและเสมอไปเล่นต่อรอบสุดท้ายวันศุกร์นี้( 22 ก.ย. 60) เหลือผู้เล่น 57 คน กลุ่มแรกออกเวลา 7.00น. กลุ่มผู้นำออกเล่นด้วย ในเวลา 8.30 น. แชมป์รับ 6 หมื่นบาท สำหรับ การแข่งขัน กอล์ฟ ดีเวลล็อบเม้นท์ ทัวร์ ( ทีดีที) เป็นทัวร์รอง ไทยแลนด์ พีจีเอทัวร์ ให้โอกาสกับ ผู้เล่นอันดับ 41-60 ไทยแลนด์ พีจีเอ ทัวร์ ไฟนอล ออเดอร์ ออฟ เมอริท และไทยแลนด์ พีจีเอ ชาลเล้นจ์ ไฟนอล ออเดอร์ ออฟ เมอริท 2016 ,อันดับ 21-40 รี-เร้งกิ้งค์ ไทยแลนด์ พีจีเอ ทัวร์ ออเดอร์ ออฟ เมอริท และจากรี-แร้งกิ้งค์ ไทยแลนด์ ดีเวลล็อปเม้นต์ ทัวร์ปีนี้ ฯลฯ",neutral
ข้าวมันหัก ๆ ด้วยว่ามะ,neutral
ของมันต้องลอง,neutral
SangSom 6 Red Open 2017 รอบ 64 คนสุดท้าย แข่งในระบบ 4 ใน 7 เฟรม เวลา 13.00 น. ' สงกราน อินตรวงศ์ (เมา เชียงใหม่) 'พบ ' สรสิช แต้เจริญ (เอ๊กซ์ เชียงใหม่)' วันที่ 16 พฤศจิกายน 2560 ณ 168 Snooker Club เชียงใหม่,neutral
เมย่าก้ร่วมรายการ,positive
ประทับใจตั้งแต่เช็คอิน,positive
เบนหรือแสงโสมอะไรแพงกว่ากัน,negative
ยอมกันที่ไหน! นี่แค่สัปดาห์แรกเท่านั้น แต่ชื่อเมนูชีสซี้ดแซ่บของแต่ละคนพีคๆ ทั้งนั้น ใครไม่อยากน้อยหน้า รีบไปเลยที่ MK Restaurants แล้วสั่ง MK ชีสซี้ดแซ่บ แชร์เมนูสุดซี้ดมาเลยตั้งแต่ วันนี้ - 24 ม.ค. 61 เท่านั้น เมนูใครซี้ดสุด! เตรียมรับบัตรกำนัลมูลค่า 500 บาท 20 ท่านต่อสัปดาห์ แถมได้อวดเมนูของคุณที่หน้าเพจ MK Restaurants แบบนี้... *สามารถอ่านกติกา และ เงื่อนไข ได้ที่ MKRestaurants MKท้าคิดชีส,neutral
ทนายก็มีทั้งเหี้ยและดีครับ ก็เหมือนคนนั่นและ,negative
ขอให้ถูกกฎหมาย!สักทีเถอะค่ะ,neutral
เรื่องกินนี่ไม่เคยปฏิเสธกันเลยย 55,positive
ทีตอนเป็นรัฐบาลไม่เคยเห็นอยากจะขึ้นค่าแรง แถมบ่นอีกว่าค่าแรงแพงๆ ใครจะมาลงทุน,negative
สงกรานต์นี้เที่ยวอินๆฟินเที่ยวไทยไปกับ Smooto กันเจ้าค่ะ☀️💦 เป็นคนไทยขออุดหนุนคนไทย เที่ยวไทยบ้านเรานี่แหละอุ่นใจที่สุดแล้วค่ะ ❤️🙏🏻 ไม่ว่าจะไปไหน ไปแห่งหนใดสมูทโตะไปด้วยทุกที่เลยค่าา ⭕️ วันแรก13เมษา เที่ยวฟินๆ หัวใจอินคุณธรรม พาไปเที่ยวกันที่วัดหลวงพ่อโสธร จ.😍ฉะเชิงเทรา ‼️ วันที่ 14 เมษา เปียกให้สุด แล้วหยุดที่สมูทโตะ พาไปเที่ยวเล่นน้ำสงกราน์ที่สีลม แหล่งของคนวัยมันส์เจ้าค่ะ 😂 🔅 วันที่ 15-16 เมษา เที่ยวชิวๆปล่อยใจให้ปลิวไปกับทะเล พาไปเที่ยวกันที่เกาะล้านเลยจ้าา เรียกได้ว่าไม่มีวันไหนได้นอนเหงาๆอยู่บ้านกันเลยทีเดียว วันหยุดทั้งทีใช้มันให้คุ้มค่ากันนะคะ 😊 พาsmootoไปเที่ยว ไทยเที่ยวไทย เกาะล้าน วันหลวงพ่อโสธร,neutral
ไปจัดคะ,positive
คือน่าจะมีปัญหาจุกจิกอื่นๆ มาเรื่อยๆ ตั้งแต่ 3 วันแรกน่ะครับ เกียร์เพิ่งมาพังตอนเลยปีที่ 3 ซึ่งเลยประกันไปนิดหน่อย แต่ honda ไม่ช่วยเหลืออะไรเลย,negative
สรุปว่า นีเวียซึมอยากกว่าเยอะเลย ใช้เวลาทาค่อข้างนาน ส่วนตัวใช้แล้วแขนเสื้อค่อนข้าเหลือง เศร้าา ชอบแค่กชิ่ยอย่าง…,negative
เหตุผลที่ไม่ควรพลาดงานนี้เพราะเราเป็นสายEMD เอ้ย! EDM เอ้ยย! ถูกแล้วว 😂😂 นอกจากนี้เรายังเป็นสายเเดนซ์💃💃และสายดื่ม(ช้าง)🍻😉 ดังนั้นไม่ควรพลาดจริงๆงานนี้ แต่ว่าปัญหาคือเรายังไม่มีบัตร เลยอยากจะได้บัตรฟรีจากผู้สนับสนุนหลักที่ใจดีมีเมตรตาที่อยากจะมอบบัตรให้แก่เด็กน้อย(แต่อายุไม่น้อย)ตาดำๆได้ไปกระโดดโลดเต้นพร้อมกับมือที่ถือกระป๋องเบียร์ช้างอยู่หน้าเวทีงานนอร์ทเฟส กับสโลแกนที่ว่า...ไปให้สุดแล้วหยุดที่ Beer Chang 😘 You know how cute we are!! 55 so give us free tickets please 🙏,positive
"และงานใหญ่ประจำปี บ้ตร sold out ทุกปี - ขายบัตรแล้ว!! พร้อมเพิ่มวง LIPTA - ถึงเวลารวม ชนเผ่า Johnnie Walker present 20Something On The Beach 2018 ""ชน เผ่า เมา เต้น"" ▶ THAITANIUM ▶ UrboyTJ ▶ COCKTAIL ▶ MILD ▶ LIPTA ▶ MUSKETEERS X BETTERWEATHER ▶ บริษัทฮาไม่จำกัด (บอล,ค่อม,ตั๊ก,โรเบิร์ต สายควัน) ▶ Dj Taidy Dj MMM Mc YongHulk ▶ GiraffNoi / RAVEN DOLL PARTY แบบ nonstop ไม่มี dead air DJ สลับ ศิลปินตลอดงาน Zign pattaya Sat 03/03/2018 16.00 - until late AGE : 18+ Dress Code : ชนเผ่า -- งานแบ่งเป็น 2 zone * Zone Regular : อยู่ด้านหลังไม่ติดเวที มีโต๊ะให้บางส่วน ไม่มีการจอง มาก่อนได้ก่อน ไม่ได้มีพอกับทุกคน เข้า zone vip ไม่ได้ (บัตรทุกราคา free mixer all night) * Regular Ticket - Pre sale : 900 ฿ - Door sale : 1,200 ฿ * Regular Package : 4,900฿ (ไม่มีบุ๊คโต๊ะ ไปก่อนได้ก่อน) - ห้องพัก the zign 1 ห้อง - บัตร regular 2 ใบ - บัตรอาหารเช้า 2 ท่าน — *Zone VIP : อยู่ด้านหน้าติดเวที Zone นี้ทุกโต๊ะจะต้องจองเท่านั้น สำหรับคนที่ ซื้อบัตร vip แยกเป็นใบๆ ต้องมีเพื่อนจองโต๊ะแล้วเท่านั้น ไม่งั้นเข้าไป คุณจะไม่มีโต๊ะ * VIP Ticket (limited) - 1,500 ฿ * VIP Package A : 15,000 ฿ (มีบุ๊คโต๊ะ) - ห้องพัก the zign 1 ห้อง - บัตร vip 4 ใบ - Whisky Johnnie Walker Blenders’ Batch 2 ขวด - Reserve table + VIP toilet - เด็กเสริฟ เครื่องดื่ม - Free mix all night - บัตรอาหารเช้า 2 ท่าน * VIP Package B : 12,000 ฿ (มีบุ๊คโต๊ะ) (สำหรับคนไม่เอาห้อง) - บัตร vip 4 ใบ - Whisky Johnnie Walker Blenders’ Batch - Reserve table + VIP toilet - เด็กเสริฟ เครื่องดื่ม - Free mix all night * VIP Package C : 6,100 ฿ (ไม่มีบุ๊คโต๊ะ) (สำหรับคนที่เพื่อนซื้อโต๊ะแล้ว) - ห้องพัก the zign 1 ห้อง - บัตร vip 2 ใบ - VIP toilet - เด็กเสริฟ เครื่องดื่ม - Free mix all night - บัตรอาหารเช้า 2 ท่าน -- ซื้อบัตรคลิก : ซื้อบัตรกับทางร้าน (เฉพาะโต๊ะ vip zone ครึ่งหลัง) LINE : Party by ""20STH TEAM"" 20somethingonthebeach2018 20somethingonthebeach ชนเผ่าเมาเต้น",neutral
ไปสิคะ,positive
55ได้รอใช้กนี้พี่เขหมดก่อน,positive
ก้อนขอบพระคุณสำหรับข้อมุลนะคร้าบ,neutral
สู้ๆคัฟพี่👍👍,positive
ไปอยู่ 2 วันไม่มีการทำความสะอาดห้องวันต่อวันให้,negative
จะกินได้เน มะพร้าวด้วย,positive
จันทร์-ศุกร์ อี้กก,positive
😁Chanel rouge lipstick set งานใหม่ เซทลิปชาแนลเนื้อแมทท์ในกล่องสุดหรูจ้า,neutral
กระเพราหมูกรอบก็มี 555,neutral
เบื่อฉิบหายผ้าอนามัยหวงกาวเนี่ย,negative
เบลเยียมออกกฎหมายห้ามจำหน่ายเนื้อฮาลาลและโกเชอร์ ตั้งแต่ปีใหม่นี้ ฮาลาลคือมาตรฐานอาหารอิสลาม โกเชอร์คือมาตรฐานอาหารศาสนายูดายหรือยิว ที่ห้ามขายเพราะเนื้อของทั้งสองศาสนาต้องเชือดคอสัตว์ขณะที่มันยังรู้ตัว ห้ามทำให้สัตว์สลบก่อนตามแบบที่ปกติ ซึ่งทางเบลเยียมถือว่าเป็นการทรมานสัตว์,neutral
เป็นเซตค่ะ ^^,neutral
แถมซอส เยอะๆครับ,neutral
ทุกคน เราต้องไปเลือกตั้งนะ อย่าให้ลุงตู่ได้เป็นนายกอีกเลย ปกตินี่เป็นคนไม่อินการเมืองนะ แต่กะชุดนี้คือบับกุสุดจะทนจริงๆ,negative
ปว. กับสร. นี่ก็เทือก ๆ เดียวกันอะ,neutral
หิวจริงแต่งด,negative
เลยค่ะ ขับไปที่ไหนก็อุ่นใจ ไม่ว่าจะมีกี่คันก็ฮอนด้าเท่านั้น ที่ 1 ในใจค่ะ ฮอนด้าที่รัก EnjoyHondaThailand,neutral
"Lamborghini Huracan คันนี้ไม่เดิม ซ่อนกำลัง 1,000 แรงม้า แหวกอากาศที่ความเร็วทะลุ 300 กม./ชม.",positive
อัลติส ใหม่ยังไม่มาเหรอ,neutral
คำชม ทำไมตลก555,neutral
☀ ยิ่งร้อนยิ่งลด! นีเวียจัดให้ลดสูงสุด 50% ตามไปช้อปดับร้อนตามร้านค้าที่ร่วมรายการได้เลย เพิ่มเติมคลิก 🎉🎉,neutral
ชุดนี้พิเศษสุดสำหรับแฟน บรร. เราไม่ขาย เพียงแค่ท่านมีฝาเบียร์ช้าง 6 ฝาที่กินคนเดียวในวันเดียว ..,neutral
ไม่ถนัดทัก__แต่ถนัดรักแล้วรวบรัดเลยได้เธอ!!😁😁😁 ViosGen1Thailand,neutral
ไปกับอิโบเด้ออ,positive
"ที่ไหนก็ให้ไม่ได้เท่า Beauticool.com 😎 ต่อที่ 1 ช็อปปุ้บรับฟรี! LOVLUV มาสก์และเซรั่มเข้มข้น บำรุงผิวนุ่ม กระจ่างใส จากน้ำนม ให้ทุกออเดอร์ ไม่มีขั้นต่ำ ต่อที่ 2 แลกซื้อไอเท็มเด็ด แค่ 4.- ทั้ง Cute Press กระเป๋าใบใหญ่เบิ้ม, ลิปกลอส Clouda, เอสเซ้นส์สาเก Fiore เพียงช็อปครบ 1,000.- ก็เลือกได้เลย! (จำกัด 1 ชิ้น / ออเดอร์) คุ้มมากห้ามพลาด ไปจัดกัน!",neutral
ใคร ๆๆ ใครพูดว่ะ,neutral
🚗”ถ้าเราไม่ชนเขา เขาก็ชนเรา” อุบัติเหตุเกิดขึ้นได้ตลอดเวลา 📌การันตีมาตรฐาน ความปลอดภัยสูงสุด ระดับ 5 ดาว 🌟🌟 เอทีฟ และ ยารีส 📩 สอบถามได้ที่ หรือ แพร่หล่อตระกูลขายโตโยต้า ซื้อโตโยต้าต้องมาที่ โตโยต้าแพร่หล่อตระกูล Yaris ATIV,neutral
ช่วงนี้ เทศกาลแห่ความสุขนะจ้ะ ปีหน้าว่ากันใหม่ 555,neutral
จ้าา ลีโอสเมอร์นอฟ อิสัสผสมกัน ไม่เมาแล้วจะไปไหน,negative
สาขาเดอะมอล์บางกะปิหายไปไหน รอกลับมาอยู่นะ❤,neutral
โฆษณาผ้าอนามัย ลอลิเอะ,neutral
ออฟชั่นเยอะกว่าฟอร์จูนเนอร์ สะอีก,neutral
อ้วนเค้าอยากกกินอันนี้,positive
เงิน เงินตัวเดียวคับ,neutral
ช่วงเวลาแห่งความสุขของครอบครัวต้องนึกถึง Nissan เท่านั้น ภายในกว้างขวางรู้มีระดับชอบชอบค่ะ,positive
ตอบคุณ ผมขับรถตู้ Big Urvan ให้บริษัทอยู่ พวงมาลัยวงเดียวกับ March เลย เดาว่า ใช้ได้หมด กระบะ เก๋ง Nissan ถอดเปลี่ยนยกวงกันได้หมดเลย,neutral
วันนั้นกินอย่างราชา วันนี้มาม่าปลากระป๋อง,neutral
ซื้อนิสสัน จู๊ค ได้2คัน 555,neutral
กูอยากทำซีวิคแบบนี้,positive
ขำข้อ10-11นะ แต่เราครั้งแรกที่ใช้ผ้าอนามัยของเพื่อนแบบเย็น โอ้ว!!!เย็นหวิวๆเหมือนไม่ได้ใส่อะไรเลยจนนาทีสุดท้ายที่ถอดออกเลย😄😄😄,neutral
ขแมรอำเปอเมืองสะเร็นบาด..😂😂😂,positive
กับ Xpanderเจ้าไหนมาก่อนครับ อีกนานปะครับกว่าจะเข้ามาบ้านเรา,neutral
จะบ่นเป็นรูปที่หกแสนแปดหมื่นล้านว่าเกลียดไฟหน้าฟอร์จูนเนอร์,negative
สู้ๆนะเจ้,positive
23.30น. กรณีเหตุไฟไหม้รถแท็กซี่ บริเวณปากซอยสุขุมวิท 71 ล่าสุด จนท.ดำเนินการดับแสงเพลิงเป็นที่เรียบร้อยแล้ว ยังไม่พบผู้บาดเจ็บ เลนซ้าย ** ศูนย์วิทยุพระราม199 สรุปเหตุเพลิงไหม้รถยนต์ บริเวณปากซอยสุขุมวิท 71 เมื่อเวลา 23.14 น. ที่ผ่านมา // สถานที่เกิดเหตุ บริเวณปากซอยสุขุมวิท 71 ถนนสุขุมวิท แขวงคลองตันเหนือ เขตวัฒนา กรุงเทพมหานคร ที่เกิดเหตุเป็นเพลิงไหม้รถยนต์รับจ้างสาธารณะ ชนิดแท็กซี่ ยี่ห้อโตโยต้า รุ่นอัลติส สีเขียว-เหลือง หมายเลขทะเบียน มฎ 2046 กทม. ใช้น้ำมันเบนซินและแก๊สแอลพีจีเป็นเชื้อเพลิง เพลิงลุกไหม้เสียหายเฉพาะห้องเครื่อง อาสาสมัครใช้น้ำทำการดับเพลิงสงบก่อนรถดับเพลิงถึงที่เกิดเหตุ ไม่มีผู้ได้รับบาดเจ็บและเสียชีวิต ข้อสันนิษฐานเบื้องต้นสาเหตุเพลิงเกิดจากไฟฟ้าลัดวงจรที่สายไฟภายในห้องเครื่องรถยนต์ พื้นที่รับผิดชอบของสถานีดับเพลิงบางกะปิ CR. จุดรับแจ้งเหตุ ปรีดี,neutral
ที่เค้ากินละเปนป่าวว ==,neutral
คนขี้เหงา เอาแต่จัย,neutral
กินเบียร์สิงห์ละสะสมฝาก้เมาก่อนละ 55,neutral
ไอติมสตอรี่ไหนพี่55,neutral
กูกะอยาก,neutral
D-max สีน้ำเงินคันเดียว คันอื่น ท่อตันหมด,neutral
ได้ทั้งวันแร้ว,neutral
ดื่มกาแฟไม่เป็น ปกติดื่มชายี่ห้อheineken,neutral
ไปเอมเค 55,positive
ข้าวยำไก่แซ่บ พิซซ่าไก่กรอบ,neutral
"ชวนแฟนๆมาร่วมสร้างที่สุดของประสบการณ์ร็อก Chang Music Connection presents “G19 Fest เทศกาลดนตรีร็อก” เสาร์ที่ 10 กุมภาพันธ์ 2561 ณ ราชมังคลากีฬาสถาน ประตูเปิด 14:00 น. ไม่จำกัดอายุผู้เข้างาน 🤘🏼 g19fest เปิดจำหน่ายบัตร 7 มกราคม 2561 วันแรก วันเดียว! 1,000 บาท (จากราคาปกติ 1,500 บาท) • บัตรทุกใบเป็นบัตรยืนแบบ Festival ไม่มีการแบ่งโซน • บัตรทั้งหมดจะถูกนำมาจำหน่ายในวันแรก 7 ม.ค. 61 • ตั้งแต่เวลา 10.00 น. - 23.30 น. เท่านั้น. จำหน่ายที่ GMMLIVE.COM , Thaiticketmajor.com และทางไทยทิคเก็ตเมเจอร์ ทุกสาขา หรือโทร 02-222-22 (จุดจำหน่ายแต่ละจังหวัด รายละเอียดทั้งหมด คลิก genie records ZAAP Chang zaapparty",neutral
ตุ้มตุ้มตุ้ม ตุ้มตุ้ม กินไหมอ่ะ,neutral
ไม่เจอพยาธิแต่เจอฝี,negative
นัดๆๆกันวันไหน,neutral
ผ้าอนามัยกาวก็ไม่เหนียวหรอก แต่พอพลิกเท่านั้นแหล่ะ โอ้โหประสิทธิภาพติดทน,negative
รับไปไหน555,positive
แจกเยอะ แจกจริง!! มีจริงๆที่ SNOP เท่านั้นนะจ๊ะ โปร SNOP สุดคุ้ม เสี่ยสั่งลุย เปิดเหล้าอะไรก็ได้ รับเบลนด์ซิกเพิ่มอีก 6 ขวด วันเกิดรับเบลนด์ซิกฟรี 2 ขวด ส่วนใครที่อยากจองโต๊ะโทรเบอร์นี้เลยจ้า 08 88 88 88 88 / 088 888 88,neutral
อันนี้เพิ่มชีสคนละ 49 เอง มีโปรทุกสาขาที่มีไดโดม่อน ยกเว้นฟิวเจอร์พาร์ค รังสิต 399,neutral
ขึ้นชื่อพม่า พวกนี้ถึงไหนถึงกันนะครับ เคยไปอ่าวน้อย แค่เห็นเค้ากินเบียร์ก็รู้ละครับ เราเต็มเหนี่ยวแค่ลีโอ กับ ช้าง แต่พี่แกล่อไฮเนเก้น คิดดูละกันครับ 555,neutral
นิคเยอะขนาดนั้นเวบาดูดไม่มึนเหรอครับ,neutral
วันไหนครับ,neutral
เหลือเวลาอีกไม่มาก! กับกิจกรรม “MK คิดชีสใหม่ ได้ซี้ดฟรี” แค่คุณรีบไปสั่ง MK ชีสซี้ดแซ่บ ครีเอทและแชร์เมนูสุดซี้ดดด ก็มีสิทธิลุ้นเป็นผู้โชคดีประจำสัปดาห์ 1 ใน 20 คนที่จะได้รับบัตรกำนัล MK มูลค่า 500 บาทไปเลย! *ร่วมสนุกได้ถึงวันพุธนี้เท่านั้น! *สามารถอ่านกติกา และ เงื่อนไข ได้ที่ MKRestaurants MKท้าคิดชีส,neutral
ฉันไม่เข้าใจคนที่มาถามหาชุด innisfree แดเนียลราคาปกติจากฉัน.. ตอนนี้ปกติหรือไม่ปกติถ้าไม่สั่งไว้ตั้งแต่ก่อนซื้อก็…,negative
ยอมรับเลยว่าเริ่มสูบแรกๆน้ำยาขาดแล้วไปซื้อบุหรี่มวนมาดูด แต่ดูดได้มวนเดียว ก็ยกให้เพื่อนทั้งซองเลยยอมไม่ดูดดีกว่าเหม็นมาก ปัจจุบัน ซื้อตุนดูดครึ่งปีก็ไม่หมด ไม่มีทงของขาดแน่ครับ ยิ่งถ้าเปิดเสรีรับรอง พกทีไม่ต่ำกว่า3กลิ่น,neutral
อีกล่ะ เรียกอยู่นั่นแหละ,neutral
แล้วจะให้ทำยังไงล่ะ ก็ในเมื่ออำนาจไม่ได้อยู่ในมือประชาชนเลยตอนนี้,negative
ผ้าอนามัยแม่งเย็นมาก เย็นจนออกร้อน อ่าาห์ กลัวฮีเป็นไข้จัง ไม่รู้จะทำตัวยังไง,negative
ทักมาค่ะ,positive
"ขออนุญาติแท็กนะฝากบอกแชร์ต่อให้หน่อยนะค่ะ ออกรถ กับทางฮอนด้าพระราม 3 สาขาพระประแดง ตั้งแต่ 1-31 มกราคม 2561 พบกับ แคมแปญเดือนมกราคม ♥ กับฮอนด้าช่วยผ่อน สำหรับ jazz city br-v mobilio hr-v เดือนละ 1000 บาท 12 เดือน มูลค่า 12000 บาท ♥สำหรับ cr-v ฮอนด้าช่วยผ่อนเดือนละ 3,000 บาท 12 เดือน มูลค่า 36,000 บาท ♥สำหรับ accord รับฮอนด้าช่วยผ่อนเดือนละ 5,000 บาท 12 เดือน มูลค่า 60,000 บาท ♥สำหรับ accord hybrid รับฮอนด้าช่วยผ่อนเดือนละ 10,000 บาท 12 เดือน มูลค่า 120,000 บาท พร้อมของแถม ♥ฟรีประกันภัยชั้น 1 + พรบ ♥ฟิลม์นิรภัย AESTOMA รับประกัน 7 ปี ป้องกันการโจรกรรม ปาหิน ทุบกระจก กรีดกระจก และที่สำคัญคุ้มครองเข้าประกันภัยรถยนต์ (ราคารวมยอดจัดผ่อนสบายๆ) ♥นำรถเก่ามาเทินกับเราให้ราคาสูงแถมยังได้บัตรของขวัญ 3,000-10,000 บาท ♥ติดปัญหาไฟแนนซ์เราช่วยคุณได้ โปรดีแบบนี้มีที่ไหนที่นี่ที่เดียวที่ ฮอนด้าพระรามสามสาขา พระประแดงเท่านั้น มาเป็นครอบครัว HONDA กับเรานะค่ะ สนใจทักมาได้ค่ะ ชลินี (จิน) ID : jinnyjin1013 099-999-99",neutral
อย่าเพิ่งๆๆ,neutral
เคเอฟซี บาร์บีกอน,positive
SangSom 6 Red Open 2017 Training' @ Hi-Class Snooker Club,neutral
ฮอนด้า ซีวิค แฮทช์แบ็ก ใหม่ สีแดง Rallye RED อีกขั้นของความสปอร์ตที่ต้องตามมอง เตรียมสัมผัสได้ในงาน Motor Show 2018 และที่โชว์รูมฮอนด้าบ้านไผ่,neutral
สามีเป็นมะเร็งแบบไม่ลงเม็ดโลหิตขาว อายุ 54 ก็เสียแล้ว 5ปีที่เป็นตัดม้ามกระเพาะรักษาอยู่2ที่ก็คงเสียใจเสมอมา,neutral
ทีข่าวน้ำมันเครื่องแม่งมีนักวิจัยมาวิใจ,negative
ข้าคือนินจา! เจ้าพวกทาสทั้งหลายย 100PIPERS GiveFriends100%,positive
บุรีไฟฟ้าไม่เป็นมะเร็งหราค่ะ,neutral
เบียร์ช้าง52บาท ขึ้นมาไม่เกิน60 ถุ้ย,negative
หวัดีครับ,neutral
ผมกินเเล้วรดชาติไม่อร่อยเลยสุ้ลีโอไม่ได้คับ,positive
เราก็กำลังพัฒนาครับ พัฒนาต่อไปไม่หยุดยั้ง,neutral
หาวันว่างเอา55,neutral
ไม่รุ้อ่ะ น่าจะ 3 กว่าๆมั้ง,positive
โฟกัสชานม55,neutral
ไอติมแสงโสม,neutral
ไม่อยากอ่านหนังสือแล้ว อยากสวรรคต,neutral
1 ลิตร พร้อมถุงดำ เผื่ออ้วก 55 สายเพียว ลื่นสบายคอเลยจ้า,neutral
": ความรู้เล็กๆน้อยๆวันนี้ คนที่ปรุงหรือคนคิดสูตรของเหล้าเนี่ย เค้าเรียกว่า Master blender (มาสเตอร์ เบลนเดอร์) ที่เรียกอย่างนี้เพราะว่า 100 Pipers เป็นเหล้าชนิด blended whisky หมายความว่ามีการนำเหล้าหลายๆตัวมาปรุงผสมกัน แล้วจึงออกมาเป็นอย่างที่ทุกคนได้ดื่มกัน คำว่า blend แปลว่า ""ผสม"" นั่นคือที่มาที่เรียกว่า Master blender ครับ 100PIPERS GiveFriends100%",neutral
"ก่อนหน้านี้เคยพูดถึงสิ่งที่ Isuzu D-Max ควรเพิ่มเติมหรือปรับปรุง ถ้าให้พูดแบบง่ายๆก็คือ ""ติ"" นั่นเอง ก่อนหน้านี้ก็เคยกับแบรนด์ยักษ์ใหญ่ญี่ปุ่น 2 แบรนด์มาแล้ว แบรนด์นึงมีองครักษ์มาหาว่าผมโจมตีโน่นนั่นนี่ แต่อีกแบรนด์ไม่มีเลยและยอมรับจุดตำหนิด้วยซ้ำ และก็เคยมีสมาชิกบอกให้ติแบรนด์สามเพชรบ้าง คราวนี้ผมเลยจัดให้บ้าง... ก็ Mitsubishi Triton อย่างที่หลายคนรู้กันดีว่ายอดขายรวมจากเดิมที่เคยอยู่ Top 3 ในตลาดกระบะ แต่ในช่วงปีสองปีมานี้กลายเป็นว่าแบรนด์อเมริกันอย่าง Ford ขึ้นมาเป็นอันดับ 3 แทน เรื่องแรกเลยคือหน้าตาที่หลายคนไม่ค่อยจะชอบกัน (แต่คนที่ชอบก็มี) ยังไม่ยอมปรับโฉมหน้าใหม่แม้จะล่วงเลยเข้าปีที่ 4 แล้ว ไม่อยากให้ยึดตาม Roadmap ของรุ่นเดิมๆว่าต้องปรับนิดๆหน่อยๆหรือไม่ปรับเลยตามแบบรุ่นเก่า เพราะอะไรๆมันก็เปลี่ยนไปตามเวลา คู่แข่งเริ่มมีหลายอย่างน่าสนใจมากขึ้น มันมากพอที่จะมาแย่งส่วนแบ่งยอดขายได้หรือร้ายสุดคือทำให้ตกอันดับลงได้ ฉะนั้นแม้ผมจะไม่ได้ซีเรียสมากเรื่องหน้าตาก็อยากจะให้ปรับโฉมหน้าเหมือนกัน อีกเรื่องก็คือเครื่องยนต์ของรถที่ยังคงกั๊กเครื่องดีเซล Mivec 2.4 ลิตร บล็อกล่าสุดไว้แต่รุ่นบนๆ แต่รุ่นล่างๆอย่างกระบะตอนเดียว หรือตัวเตี้ยทั้งหลายยังเป็นเครื่องเก่าอยู่ ส่งผลให้เครื่องเก่าก็ยังได้เกียร์เดิมนั่นคือ ธรรมดา 5 สปีด ส่วนเครื่องใหม่จะได้ ธรรมดา 6 สปีดแล้ว ถึงเรื่องนี้ไม่ค่อยมีใครคิดมาก แต่ผมว่าต้องมีคนอยากให้เปลี่ยนบ้าง เรื่องสุดท้ายคือระบบความปลอดภัยที่พี่มิตซูเล่นให้แค่เฉพาะตัวท็อป 4 ประตู เกียร์อัตโนมัติขับเคลื่อน 4 ล้ออย่างเดียว ทั้งรุ่นธรรมดาและพิเศษ ในขณะที่ค่ายอื่นยังดีที่ให้ในตัวขับเคลื่อน 2 ล้อบ้าง และอีกอย่างก็คือระบบความปลอดภัยมาตรฐานอย่าง ABS EBD ก็ยังไม่มาครบทุกรุ่นเลย บางคนอาจมองว่าไม่จำเป็นแต่ผมว่ามันจำเป็นมากสำหรับคนอย่างผมเลย ก็มีเพียงเท่านี้ครับ...หวังว่าทุกท่านจะยอมรับสิ่งที่ผมกล่าวมา",negative
เบียร์ สิงห์,neutral
ไก่มาแล้ว,neutral
เทอลดหุ่นอยู่นะ,negative
6ตัวค่ะ,neutral
อยากกิน285/55,positive
ไม่มีเลยค่า 😭,neutral
เมื่อวานนี้ ที่โรงพยาบาลศิริราช ประชาชนที่ส่วมใส่เสื้อเหลือง หลั่งไหล ร่วมกิจกรรมน้อมรำลึก ครบรอบ 2 ปี ในหลวง รัชกาลที่ 9 เสด็จสวรรคต พร้อมเจริญจิตภาวนาสงบนิ่ง เป็นเวลา 89 วินาที,neutral
• Jack daniels สองกรมหัวจะระเบิด เถ้านี่มะ !!,negative
แจ้งพนักงานได้น้า,neutral
เพราะคุณแป้งใช้ครีมsnailwhite gold อยู่ก่อนแล้ว,neutral
มีทั้งบัตรเครดิตและบัตรเดบิตครับ บัตรเครดิตแนะนำของกสิกรครับ ส่วนบัตรเดบิตแนะนำของกรุงเทพครับ,positive
ช่วงที่มีการระบาดของโรคมือเท้าปาก มักจะมีการระบาดของอีกโรคหนึ่งซึ่งมีอาการแผลในปากเช่นกันคือโรคเฮอร์แปงไจนา (Herpangina) โรคนี้มีอาการอย่างไร และแตกต่างจากโรคมือเท้าปากอย่างไรบ้าง เรามาทำความรู้จักกับโรคนี้กันดีกว่าคะ BangkokHospitalRayong,neutral
รสชาตแย่มาก เหมือน 285 แต่แย่กว่าา,negative
"559,000for. Yaris",neutral
ผบ.จบที่เดียวกับ อีซูสุ หรือเปล่าครับ พักหลังขยันแต่งหน้าทาปากออกรุ่นใหม่จังเลย,neutral
อยากชวนคุณแม่เต้นเพลงนี้,neutral
พอเป็นฮุนได ดูราคาแพงไปเลย คิดว่าจะถูกกว่านี้,negative
มีอีกมั้ยจัดมาเลยหะ เลือกแดกให้ตาแตกไปเลย,neutral
หลาย ๆ ร้านรวมกันมันดี ... อิอิ,neutral
เติมเต็มคำว่าเพื่อน,neutral
ดูข่าวที่ชวนปราศรัย เหมือนแกยังไม่รู้ว่า ทักษิณไม่ได้เป็นนายกแล้ว,negative
ทางเข้าประต3ด้านในครับ,positive
อยากกินเซ็ทอาหารกลางวันกับน้ำนี่จัง,positive
"✨ ออกรถ MG ZS ป้ายแดง ✨ รถ SUV - Internet car คันแรกของไทยที่สามารถสั่งงานให้เปิดแอร์ผ่านมือถือได้ ‼️จองก่อนมีสิทธิ์รับรถก่อน‼️ ✅เอกสารไม่ยุ่งยาก อนุมัติไว ✅มีโปรโมชั่น ✅ผ่อนเริ่มต้นเพียง 7,xxx ต่อเดือน ✅สามารถนัดทดลองขับด้วยตัวเองได้ ☎099 📱reindeer093 (กวาง ที่ปรึกษาการขาย) MGนครราชสีมา สนใจออกรถ MG3 MG5 MG6 MGGS",neutral
เรามาดูความแตกต่างระหว่าง Ford Ranger Wildtrak กับ Ford Ranger Raptor สำหรับคนที่กำลังตัดสินใจค่ะ,neutral
"พลาดแล้วจะตกเทรนนะจ้ะ อาณาจักรความมันส์ ที่จะมาส่ายเอวต่อหน้าคุณ ! ลิฟท์ ออย คอนเสิร์ต ย้อนกระชากวัย ! ศุกร์ 6 ต.ค. นี้ .. แบล็คคาวบอยจับมือช้าง จะสวมใส่เสื้อเอวลอย แล้วสนุกความมันส์ ไปพร้อมๆ กัน งานนี้ผ่านแล้ว ผ่านเลย ไม่หวนคืนมา .. ติดต่อสอบถาม :054-230-802,066-666-66 LiftOil Chang Blackcowboysportbar LampangConcert",neutral
ป่ะไม่ต้องรอวันพุธและ ^^,positive
ล้างยากไปอีก ชิสติดหม้อเนี่ย ล้างจนมือแตก😭,negative
สาขาที่ร่วมรายการมีดังนี้ค่ะ โลตัส สะเดา สงขลา โลตัส สงขลา (Cinema) ^^,neutral
ชอบตัว Mamonde Creamy Tint Color Balm Intense สีเบอร์ 20 ที่สุดเลยค้า ตั้งแต่เห็นรีวิวจากบล็อคเกอร์หลายๆคนก็รีบวิ่งไปซื้อตาม พอได้มาก็ไม่ผิดหวังเลยค้า เนื้อเนียนนุ่ม สีสวยติดทนมาก แถมเรายังเอามาทาปาก ทาแก้ม ทาตา ได้ด้วย มัลติฟังก์ชันสุดๆ และสีก็เป็นธรรมชาติม้ากก เลิ้ฟสุดๆ จะพยายามมีให้ครบทุกสีเลยค่า55 ชอบมากจริงงงๆๆ <3 <3 <3,positive
ส่งเดือนเท่าไรคับดีแมก4ปะตู,neutral
VDOสาธิตเปลียบแทบผ้าอนามัยทั่วไปกับผ้าอนามัยสมุนไพร,neutral
บัดไวร์เซอร์ ซานมิเกลไลท์ ลีโอ ไอ้สัส แดกให้ตีกันไป NightLift,negative
ตอนนี้บ้าลิป 3ce 😝,neutral
แอร์ร้อนแต่มีพัดลมเสริม 🙄,negative
รยส กับ กระทรวงการคลังจะเสียผลประโยชน์ได้ไงล่ะครับ มีแต่ได้กับได้ตะหากล่ะครับ เพราะถ้าถูกกฏหมายเราก็ต้องเสียภาษี เงินเข้าคลัง แล้ว รยส ก็ลงตลาดแน่นอน,negative
ยังสามารถใช้ได้จนหมดอายุบัตรค่ะ,neutral
มาลืมบ้านฉันยึดเลยน้า บอกก่อน,neutral
เตรียมพบกับประสบการณ์ใหม่ของ KEEP WALKING COLLABORATION PROJECT จาก JOHNNIE WALKER x HOLD’EM x WARM UP ที่จะมาสร้างสีสันให้วงการแฟชั่นด้วย limited edition ของ Johnnie Walker Style พร้อมปาร์ตี้สุดเอ็กซ์คลูซีฟที่จุดประกายความคิดสร้างสรรค์ให้กับกลุ่มมิลเลนเนียลทั่วเชียงใหม่ พบกัน 10.11.17 ที่ WARM UP CAFÉ JOHNNIEWALKER KEEPWALKING,neutral
ทำไมกิน u beer ไม่อร่อยแล้ววะ,negative
"วันศุกร์ที่ 2 กุมภาพันธ์ นี้ มา ""ซมซาน"" ด้วยกันที่ LiZM แชร์ชวนเพื่อน 👨‍🎤 มากระโดดด้วยกัน 🔊 วันศุกร์ที่ 2 กุมภาพันธ์นี้ ขาร็อคพลาดไม่ได้!! 🎸🎤🥁 🔥🔥 มันส์แบบ Extra เเน่งานนี้ !!! คอนเสิร์ต เสก โลโซ Live บัตร 350 บาท พิเศษ !! 👉ใช้บัตร 2 ใบ (700 บาท) ลดค่าเปิดชีวาสเอ็กซ์ตร้าจาก 2,200 บาท เหลือแค่ 1,500 บาท 👉ใช้บัตร 1 ใบ (350 บาท) ลดค่าเปิดเจมส์สันจาก 1,350 บาท เหลือแค่ 1,000 บาท หรือ 1 ใบ (350 บาท) แลกเบียร์สิงห์ได้ 1 ขวด 👉ค่าเปิดเหล้าหิ้ว 1,000 บาท/ลิตร 👉เปิดเหล้าขวดใหม่แล้วเอาเหล้าฝากออกมาดื่มได้ 👉โต๊ะจอง ปล่อย 3 ทุ่มเป็นต้นไป สอบถามรายละเอียด หรือจองโต๊ะด่วนๆ ☎️ 02-222-22 / 088-888-88 LizmBangkok Lizm เสกโลโซ Chivas ChivasExtra สิงห์",neutral
แจกตั๋วหนัง ดูรอบพิเศษ ก่อนฉายจริง แบบ S&P,neutral
กูกินช้างวันละโหลยังไม่คุยเลย,neutral
พอเหอะ,negative
มิตซูบิชิในดวงใจ คือ ไทรทัน ใช้มานานมาก เกือบสิบปี.. ตอนนี้อยากขยับขยายเป็นปาเจโร่ เพื่อให้ไปได้กันทุกคนในบ้าน...,neutral
อีเหี้ย โครตเสียดายเงิน -.-,negative
แพงจังวะ!!,negative
วีออส ก็คือโตโยต้านะ ไม่เห็นจะขายดี.,negative
มีแต่ของแดกลดเว้ยตูนเว้ย อัญชลี วงษ์ดี,neutral
ขอให้ถูกกฎหมายคับพี่,neutral
ผมขอบอกโตต้าแม่ ไว้ตรงนี้เลยว่า เมริงเลิกเชื่อ ทีมการตลาดเมริงได้แล้ว!! ไม่งั้นจะพาเมริงลงเหวหมด ไม่มีประเทศไหนในโลกนี้ ที่ CHR จะขายดี ตัวรถ ไม่ใช่ปัญหา ปัญหาอยู่ที่ ทีมการตลาด วาง position ของผลิตภัณฑ์ ผิด!!! มันคือรถชิค ๆ ทุกคนต้องไปเทียบกับ Juke แต่พอเอาเข้าจริง ราคามันแพงไป จนคนต้องหันมาเทียบความคุ้มค่ากับ HRV แล้วมันก็แพ้หลุดรุ่ย ในกเานความคุ้มค่า จริง ๆ ตรงนี้ ถ้าโตต้า จะใจ ๆ กว่านี้ ควรตั้งราคามาไม่แพงแบบ Juke คนเข้าถึงได้สนุก ๆ คุณเคยเห็นคนบ่นว่า Juke แคบไม๊อ่ะ? นับหัวได้เลย เพราะเค้าไม่สน เพราะมันชิค มันเท่ CHR ก็เท่ แต่เสือกแพงเกินไป option ที่จำเป็นต้องให้ ก็ไม่ให้ ไม่รู้จะกั๊กเชี่ยไรนักหนา Hybrid ก็เลิกขายเหอะ ชั่วโมงนี้กล้า ๆ หน่อย ใส่ Plug in Hybrid มา จะวิ่งได้แค่ 20โล ก็ยังดี ต้นทุนแค่ค่า Plugin ในรถมันจะสักกี่ตังค์เอง เดี๋ยวออกตังค์ค่า adapter ให้ บ้านกรูมีเยอะ ช่วยลงวงจรชาร์จไฟให้เท่านั้นพอ,negative
ป่ะ มื้อเที่ยงง,positive
ขนเสดไง,neutral
Hotpotไม่อร่อย,negative
ผมเป็นหนึ่งในเด็กที่ได้ผ้าห่มเมื่อ10กว่าปีที่แล้ว พอโตมาผมก็ได้ทำงานโรมแรมเจ้าของเดียวก็คนเดียวกับเบียร์ช้าง ผมคิดว่าเค้าไม่ได้ทำแค่ธุรกิจแต่เค้ามอบโอกาศให้สังคมด้วย,neutral
ปล.สาขาเซ็นทรัลเวิลด์,neutral
ต้องบุหรี่ไฟฟ้า โทษทันที,negative
ถ้ากินjack daniel ต้องเพลงนี้ Slide ของ Calvin Harris อัลบั้มนี้ของเค้ามาแบบสบายๆกินjackไปเต้นไปเบาๆได้บรรยากาศที่เคลิ้มเคลิ้ม,neutral
รอบะหมี่หยกอยู่นะครับ ของฟรีมีจริงหรือเปล่า,positive
ได้เห็นตัวจริงวิ่งผ่านหน้าสักทีครับกับ Nissan March ใหม่ หล่อมากก,positive
ผมว่า ขาดเมนูเป็ดย่าง MK สิ่งสำคัญมาแล้วต้องสั่ง กับบะหมี่หยก,neutral
เงินไม่มีสักบาท 😥,negative
ค่าเช่าแพงกว่าค่าแดกอีก55,negative
สาขาที่ร่วมรายการมีดังนี้ค่ะ เซ็นทรัล พิษณุโลก โลตัส พิษณุโลก 2 บิ๊กซี พิษณุโลก,neutral
ชื่อเครื่องยนต์ D4D ของโตโยต้าเห็นแล้วอยากให้ Revo กลับมาใช้ชื่อเครื่องนี้เหมือนเดิม,neutral
บัตรสมาชิกก็มีแล้ว,neutral
วุ้นเส้นเกาหลี ที่สุดของความเกา เคี้ยวหนึบๆ แอดนี่ชอบมากๆ Cr. สนุกเต็มที่ อร่อยเต็มอิ่ม กับคุณ,positive
เล่ากันว่า “กรุงเทพฯ” เมื่อราว 60 ปีก่อนผู้คนยังเดินทางกันทางเรือ หรือว่าจ้างรถสามล้อถีบ รถรางบ้าง หรือรถเมล์ ซึ่งมีอยู่ไม่กี่สาย การคมนาคมทางอากาศและการส่งเสริมการท่องเที่ยวนั้นเพิ่งจะเริ่มต้น โรงแรมที่พักมีไม่กี่แห่ง...,neutral
1 เนื้อบาบีคิวพลาซ่า 2 ตำรวจ ครู พ่อค้าไอติม 3 นักเรียนโดนเพื่อนถีบ 4 ผอ. รับเงินใต้โต๊ะ 5 ผู้ว่ารถติด 6 นายกไหว้ครู ทั้งหมด 6ข่าว,negative
ยังก่อน ตัองสอบนิ เครียดเด้,negative
ให้เพื่อนยืมตังค์ซื้อเหล้า100Pipersแล้วเราจะได้กินด้วยเพื่อเพื่อนเราไม่ทิ้งกัน,neutral
ไม่เหมือน แต่มันก็โฆษณาขายผ้าอนามัยไง,neutral
รีวิว-ทดลองขับ! ควบ นิสสัน นาวาร่า MY 18 ลุยม่อนเงาะตามโครงการ “แค่ใจก็เพียงพอ ตามพ่อที่พอเพียง”,neutral
มาสิ มาสิ มา หา แสงโสม ดีกว่า.,neutral
มีครอบครองในทุกกรณีผิด,neutral
ตอนไปรายการโรงเรียนแอคติ้ง มีคนบอกน้ำใช้ออริจินส์สีส้ม ไปซื้อตาม ไม่มีผลกับหนังหน้าเลยยย,negative
ป๋องดำ มีเท่าไหร่ ก๊ไม่พอ,positive
เจ้าของนี่ติ่งเอพิ้ง เอโอเอป่ะ หรือไง 55 show dc อีกแล้ว ไกลล งานปิดหรือเปิดยังไม่แน่ใจ ถ้าปิดก็สบายใจหน่อยนะ นกแบบไม่เจ็บปวด 😂,negative
เบียร์ช้างลัง 630 ได้ 12 ขวด แถวบ้านกูขาย งั้นวันนั้นไปแดก 6 ขวด 500 นี่แม่งอย่างแพง 55,negative
เมษายนนี้ สาวกมีลุ้นได้สัมผัสโฉม Nissan Juke 2018 ใหม่,neutral
เลี้ยงน้ะ555,positive
ทำสียาริสเรย,neutral
55 แฟนน่าก็ชอบกิน เป็ดเอ็มเค,positive
เน้ตใช้งานไม่ได้ตั้งแต่ตี 5 จนตอนนี้.ครับ.10 ชม.ละยังเหมือนเดิม..,negative
หล่อเลย!! 2019 Honda Insight ถูกออกแบบให้กลายเป็นรถ Type-R สุดดุดัน,neutral
หาคยเลี้ยงดี,neutral
อยากกินไอติมรสช้าฃ รสลีโอ,positive
อยากเอาหมึกกระดองกลับมา,neutral
กุพึ่งตื่น 55,neutral
บอกเเล้วให้ใช้ เครือ loreal ถูกเเละดี 555,positive
บอกกุปวดฟันแต่แดก เอมเค,neutral
ไม่เถียงครับที่อีโคตรอืด..ออกตัวต่างกันราวกันโตโยต้า.ฟ้ากับดิน..โตออกตัวง่าย.แรง.พุ่ง.เบาหวิว..วิ่ง90-100..เหมือนรถมันลอยๆไม่เกาะถนนเลย..ส่วนอี.รถออกตัวอืด.แต่ได้รอบมาแค่นั้นล่ะ.หนัก.แน่น.หนึบ.นิ่ง..โต้กินฟอร์ดได้ทุกค่อยแกได้ตลาดกว่าเค้านะ.แต่เป็นรองอีสุแค่ค่ายเดว.ตังใคร.รักไรชื้อเอาครับ.ส่วนผม1..อี.2.ฟอร์ด.3.นาวารา.จบป่าว,positive
โหย ทำไมลดโหดงี้ เหลือขวดเท่าไหร่ / ซื้อแต่บีโอเร แต่หลังๆขายดีละแพงขึ้น,negative
สาขาที่ร่วมรายการมี โลตัส หนองฉาง อุทัยธานี ค่ะ ^^,neutral
Cf dior lip 126 680,neutral
กินป่าว,positive
เค้าให้ใส่ชุดไทย สัส ยุดแม่การะเกดตอนนี้,negative
ไม่ใช่หมูกรอบสิ หมูไม่กว้างตะหาก แคบหมู,neutral
จะได้กินไหมห๊า,positive
มาตอนนี้ยังทันนะ รีโว่ นิสสันกับมาสด้า สู้ไม่ได้แน่,neutral
อีกแล้วหรา,neutral
น่ากินแต่ดูปันหาเยอะ,negative
14-18 มค.นี้ เป็นกำหนดให้พรรคการเมือง เปิดเผยชื่อ นายกฯ 3. คน ของแต่ละพรรค ที่คาดว่า บิ๊กตู่ พลเอกประยุทธ์ จะเป็น นายกฯเบอร์ 1 ของพรรคพลังประชารัฐ..14-15 มค. นายกฯ ลงพื้นที่และครม.สัญจร เชียงใหม่ ลำปางพอดีหากไม่สามารถเลื่อนเลือกตั้ง...เพิ่มเติม,neutral
จะกินอันเน้,neutral
ที่เดิมเวลาเดิมนะ,neutral
โซเชียลจับผิด หีบเลือกตั้งหาดใหญ่ ส่อไม่โปร่งใส พบไม่มีการรัดสายล็อกป้องกัน,neutral
ถ้าเจอในบ้านไม่ยึดบ้านเลยหรือ,negative
หงส์แดงรือจะหงส์ทองโอ้ยถูกจัย,positive
ไม่รวมค้าบ ..555 (แต่ไปพัก กับพี่ได้คับ ) แต่ อันนี้ ให้ เรา ลอง post ใน page ของแสงโสม เผื่อได้บัตรฟรีไงคับ..555😊,neutral
เอ็มเคกัน นะนะนะนะนะนะนะ,positive
ไม่กล้าใช้นิกซ์อะ คนแพ้เยอะ กลัวใช้ละแพ้,negative
นัดมา555,positive
กำลังจะแก้ แต่ช่างมันละ55,neutral
ตอบ BNK48 จะเลือก All New Suzuki Swift 2018 3.สีขาว navasuzuki,neutral
...ตัวใครตัวมันเลยเมื่อวาน 55 เละสัส กูเนี่ย ไม่เอาแล้วอีเหี้ยสเมอนอฟ กูยอมแล้ว,negative
ตกลงกินไร ไหนบอกเอ็มเค,neutral
แสงโสมดีกว่า,neutral
จับเจอหลอดไรคล้ายยาสิวบีบมาเลยจ้า อ๋ออีดอกไพรเมอร์แถมของคิวเพลส หน้าลื่นเชียว,negative
สำหรับร้านค้าในละแวกที่สะดวก ทางทีมงานกำลังเช็คสต๊อกกับทางหน้าร้านให้อยู่นะคะ อาจจะต้องใช้เวลา อย่างไรแนะนำช่องทางออนไลน์ Hada Labo Official Store ในเว็บไซต์ Lazada ซึ่งกำลังมีโปรโมชั่นลดราคา 20% และจัดส่งฟรีค่ะ :),neutral
จำให้แม่น ศุกร์ที่ 29 กันยายน นี้ห้ามพลาด มาแล้ว‼️วงดนตรีที่แฟนเพลง เรียกร้องมากที่สุด 🎶 LIZM ร่วมกับ Chivas Regal Thailand เต็มใจเสนอคอนเสิร์ต Slot Machine 🙌 ศุกร์ที่ 29 กันยายน ที่ร้าน Lizm ประชาชื่น เตรียมกระโดดขึ้นยานแม่ 🚀 ไปด้วยกัน 👾 มันส์ทะลุโลกแน่นอน 🌕 โทรจองโต๊ะ หรือสอบถามได้ที่ 022 / 088-888-88 LizmBangkok ShareChivas Slotmachine ChivasX ShareChivas,neutral
จุฬาฯ เปิดรับอาจารย์ประจำกว่า 20 อัตราในหลากหลายสาขา อ่านคุณสมบัติเพิ่มเติม และสมัครได้ที่,neutral
ดีออก บ้านเราปิดไปแล้วมะ😠,negative
ในอยุธยานี้มีป๋องดำขายอยู่แถวท่าไหนเจ้าคะ ข้าจะให้พี่ผินพี่แย้มพายไป คริๆ,neutral
เห็นทมั้ย 4u2 ออกใหม่,neutral
ราคาที่แจ้งสำหรับสมาชิกใช่ไหมคับ,neutral
..เรื่องเนื้อมีปัญหาของบาบีก้อนน่ะ ..สาขาแถวบ้านฉันเอง 😞 /จากหิวๆอยู่ ตอนนี้อิ่มแล้ว,negative
สนใจ NISSAN NOTE,neutral
โต๊ะมันแคบ รึ เราตัวใหญ่,neutral
มันดีนะ,neutral
ข้าวเนื้อเทรินากิ,neutral
ท้ายนี่ mazda3 ตัวเก่าชัดๆ,neutral
"& Maldives Maodeep Bangkok present ''ChivasX THE JOURNEY'' with Mild X Wan ที่จะมาสร้างความสนุกแบบ Extra!! ให้ค่ำคืนของคุณ ไม่เหมือนเดิมอีกต่อไป พร้อมลุ้นเซอร์ไพรส์ดีๆอีกเพียบ... 17 กุมภาพันธ์นี้!! RSVP: 02-222-22, 088-888-88 CHIVASX Maldievsbkk",neutral
Dmax1.9เท่าไหร่คับ,neutral
วันนี้เจอกันนะวัยรุ่นจันทบุรี ubeer uangel,neutral
ช่วงล่างหลังจะเปลี่ยนด้วยมั๊ยครับ เคยนั่งพรีอุสใหม่ที่สิงคโปร์ ดูหนึบมาก เพราะด้านหลังเป็นมัลติลิงค์แล้ว,neutral
ยังน่าใช้อยู่ไหมครับ ถ้าเทียบกับmazda2 1.3,neutral
รู้สึกว่าใช้เซรั่มkiehl's dark spot solution ละแพ้ไงไม่รู้อะ เหมือนสิวเม็ดเล็กๆจะขึ้น มันแดงๆ,negative
ไม่ใช่รีฟิวพี่,negative
ร้ฐออกตัวรอฟรีแล้วครับน้าๆมันยอมถอยยาก,neutral
มาดามแป้งใช้แล้วดีราคาย่อมเยาเเละเป็นผลิตภัณฑ์ที่ทำให้ริ้วรอยบนใบหน้าดูตื้นขึ้นและได้เป็นพรีเซนเตอร์ของ Snail White Gold,neutral
อีก 7 วัน เรามาพบกันแน่นอน กับรถ All New Suzuki Swift 2018 รถ E-co car ที่สวย สปอร์ต ทั้งภายนอก และภายใน มาพร้อมระบบความปลอดภัยแบบอัดแน่นที่สุด ที่ ชูชูกิ อยุธยา 035-200-999,neutral
ครับ ไอดีไล nissanmsk,neutral
ขอเปลี่ยนเป็น ไฮเนเก้น ได้มั้ยเหลา,neutral
เป็นสปอนเซอร์รึDr.Jill เนี่ย เด้วนี้ให้ดารามาออก แล้วตบท้ายก็ขายของบ่อยมากค่ะ,neutral
ยั่วๆ 😱,neutral
แคปติว่า 2.0LTZ แนะนำชุดไหนครับ,neutral
พยามบอกเขาว่า ไอน้ำนะ ไม่ใช่ควัน,neutral
ความอยากเจ้าหมีมาแย้วต่ส,neutral
มันเกินไปครับ เงิบก็เงิบไปแต่ตำรวจทำไมแก้ปัญหาที่ปลายเหตุ คนขายบุหรี่ไฟฟ้าเต็มพัทยา คือ ถ้าไม่จ่ายเงินพวกมันก็คงขายไม่ได้ ได้เงินส่วยไม่พอ มาเที่ยวจับหาค่าเหล้าอีก เข้าใจครับว่าช่วงนี้หากินกับประชาชนลำบาก ทางไหนได้เขาก็ต้องเอา ตำรวจทุกคนกล้าพูดได้เต็มปากรึป่าวว่าไม่มีคนในองกรค์ เอาบุหรี่ไฟฟ้าที่จับได้ออกมาโพสขายต่อ ถุยย เกือบทุกที่ พวกตำรวจส้นตีน,negative
เปนลูกลาวที่น่ารักคนหนึ่ง ชื่อหนุงหนิงนะ โสด 55,positive
พระสังข์ทองครับกำลังร่ายมนต์จินดามณีซีพีกับเบียร์ช้างเอาปูปลาเนื้อสัตว์มาวางไว้ตรึมเลยครับ555,neutral
โค้งสุดท้าย!!ร่วมสนุกกับกิจกรรม นิสสันนาวารา ท้าล้านไมล์ไปไกลถึงดวงดาว มีสิทธิ์ลุ้นรางวัลถึง 2 ต่อ จำนวนรางวัลมากกว่าเดิมถึง 2 เท่า อย่าช้าอยู่ใย ออเจ้า รีบเลย >>,neutral
ความรุ้สึกม่ใช่นะมึง,positive
นมเจ้าปัญหา ฉันหมดกับเธอตั้งกี่บาทแล้ว!,negative
คือหิว,neutral
ด่าได้ตรงมากเลยครับ,neutral
ไปจิ ชร. กัน,positive
และ Maldives Maodeep ขอเชิญมางาน ''ChivasX THE JOURNEY'' พร้อมคอนเสิร์ตจาก Mild และ Wan Thanakrit ที่จะมาสร้างความสนุกให้กับค่ำคืน วันเสาร์ที่ 17 ก.พ. นี้ที่ Maldives Maodeep เหม่งจ๋าย ⇨เพิ่มเติมคลิก:,neutral
ตกวดตัวเหี้ยตำรวจดีๆก็มีเยอะนะแต่ไม่ค่อยเจอๆแต่เหี้ยๆ,negative
เยี่ยมไปเลยtoyota,positive
ผมซื้อน้ำยาขวดละ260 ใช้ได้อาทิตกว่าประมาน9วัน เฉลี่ยค่าบุหรี่ซองที่เคยดูดวันละซอง ซองละ65-80บาท แพงกว่าชัดๆครับ,negative
"ราคา 3,200 บาทค่ะ",neutral
ไง ที่มึงถามกุว่าทาของอะไร ที่สีแดงเข้มอ้ะ,neutral
ชั้นได้เมนูของฟรีล่ะ,positive
วีออสกับรีโว่ก็ออกทะเลทั้งคู่คราบ,neutral
หลุดภาพ ชุดมาตรวัดดิจิตอล คาดว่าติดตั้งใน All NEW Mazda 3 ที่จะเปิดตัวในปี 2019 นี้ !,neutral
เนื้อหาไม่ได้ระบุว่าเป็นกลุ่มเจาะแต่กลุ่มนิสสันเรลโนลล์แต่กลุ่มโตโยต้ากลุ่มvolkก็มีหลายยี่ห้อเหมือนกัน,neutral
สตูล,neutral
สระบุรีเมื่อไหร่จะกลับมา...,negative
สิ้นเดือนละ. จัดใป 😂,neutral
เบียร์ลีโอแพงกว่าไทยครับ,neutral
ชอบเมนูน้ำมะพร้าวอยู่แล้วค่า แก้วนี้เป็นน้ำมะพร้าวสีฟ้าสดใส ยิ่งเป็นเมนูของMKก็ยิ่งอยากลองเพราะไม่เคยผิดหวัง เทคนิคการถ่ายภาพคือแสงค่ะ แสงสวยถ่ายภาพอะไรก็สวย จัดมุมนิดหน่อยก็จะได้ภาพสวยขึ้นไปอีกค่า SnapTheMagicMomentwithMK ชวนชม ธงชนะชาติ,positive
Red + smirnoff เป็นมิกเซอร์ กูยืนยันด้วยภาพกูบนรถเข็นวันสงกรานต์เลยอีดอก วาร์ปแบบว่าเหมือนถูกดึงปลั๊ก,negative
มองสถานการณ์หลังเลือกตั้ง ภาวะวิกฤตการเมืองไร้รัฐบาล เผชิญภาวะทางตัน ที่นี่ThaiPBS ThaiPBS,neutral
น่ากินค่ะพี่หญิง,neutral
ร่วมบุญช่วยกันแชร์ มูลนิธิโรงพยาบาลอานันทมหิดล เพื่อผ่าตัดหัวใจ ผู้ป่วยโรคหัวใจชาวลพบุรีและพื้นที่ภาคกลางตอนบน -เพื่อจัดซื้ออุปกรณ์และเครื่องมือแพทย์สำหรับการผ่าตัดหัวใจ -ปรับปรุงห้องผ่าตัด ห้อง ICU และหอผู้ป่วย สำหรับรองรับผู้ป่วยโรคหัวใจ -เพื่อการพัฒนาการดูแลรักษาผู้ป่วยโรคหัวใจอย่างครบวงจร ร่วมบริจาคผ่านชื่อบัญชี มูลนิธิโรงพยาบาลอานันทมหิดล เพื่อผ่าตัดหัวใจ ธนาคารทหารไทย เลขที่บัญชี 304-7-71712-3 หรือบริจาคได้ที่ สำนักงานมูลนิธิโรงพยาบาลอานันทมหิดล โทร 03-678-5988 ติดต่อสอบถาม พันเอกหญิง หฤดี บูรณะบัญญัติ โทร 08-145-0585-2,neutral
สำหรับสาขาเซ็นทรัลบางนา ให้บริการ Refill นะครับ 😘,neutral
เบียร์ช้างขวดละ 118 บาท อมกก,negative
สีส้มๆมีสีขาวข้างล่างมีรูปแท่งสี่เหลี่ยม,neutral
มารับด้วย,positive
ไม่เอากลัว,negative
แบบนี้ไม่ดีเลยยย,negative
SangSom 6 Red Open 2017 รอบ 64 คน แข่งในระบบ 4 ใน 7 เฟรม เวลา 11.30 น. ' ประเสริฐ แก้วทิพย์ (นกกระยาง) 'พบ ' นิมิต จักรจันทร์ (เกลี้ยง นิมมาน)' วันที่ 16 พฤศจิกายน 2560 ณ 168 Snooker Club เชียงใหม่,neutral
มาล้าวว รีฟิลแป้งCho ❗❗ แป้งที่ใครๆก็ใช้ กันน้ำ กันเหงื่อ ปกป้องพร้อมบำรุงผิว สงกรานต์นี้ หน้าต้องใส สวยสาดไม่หลุด 💦💥 💕ราคา 590บาทเท่านั้น ที่ร้านคอสเมทลำพูนจ้า . ★★ สั่งซื้อทางออนไลน์ได้ที่ ★★ 🛒Line@ :: คลิ๊กเลย - Inbox :: ♡Instagram ::Cosmateonline,neutral
ทีเอมเคแดกได้,positive
ว่าจะสั่งมาลอง แต่นิสสันเทียน่า j32 กดซวิตส์ on กดคันเร่งแล้วลิ้นไม่เปิด ทำไงได้บ้างคับ ไม่งั้นมันล้างได้ด้านเดียว,neutral
อะรายๆๆๆ อดๆ,neutral
มาสด้าสองผ่อนเท่าไหร่คับและต้องดาวน์เท่าไหร่ ขอรายละเอียดด้วยนะคับ,neutral
ห่ะ!!!อะไรน่ะ,neutral
เมืองไทยมันผูกขาดอยู่3รายแค่นั้น ซี พี เบียร์ช้าง กระทิงแดง กดหัวคนทั้งประเทศ,neutral
ยกเว้นสาขาซีคอน&สยาม..,negative
อยู่ในเมือง เดินทางสะดวก มีรถประจำทางผ่านตลอด,positive
ถอยรถให้คนละคันเอาป่ะ,neutral
ลองมาแล้วคะ😁😁😁,positive
สัญญาณแย่มาก โหลดไม่ได้ โทรหาคอลเซนเตอร์ก้ได้แต่ให้เปิดปิดเครื่องใหม่ จ่ายรายเดือนแพงมาก แต่ใช้ไม่คุ้ม ทรูไม่แก้ปัญหาเก็บแต่เงิน,negative
ไปงานมอเตอร์ โชว์ Nissan รถคุณภาพดี ดีไซน์สวยหรู รุ่นนี้น่าสนใจมากใครกำลังมองหารถคันใหม่ ต้องรุ่นนี้เลย,positive
เหงากินช้าง,neutral
ใกล้ๆบ้านพี่ อยากไป ไปเปนเพื่อนหน่อยยย,positive
✌นะคะ เป็นกำลังใจให้ ปันรอยยิ้มเพื่อผู้ป่วยมะเร็ง สานต่อที่พ่อให้ทำช่วยคนไทยพ้นภัยมะเร็ง ศูนย์การแพทย์มะเร็งวิทยาจุฬาภรณ์ โรงพยาบาลจุฬาภรณ์,neutral
อันนี้ส่วนลดทานก้อนหรอค่ะ ดีจุง,neutral
รอรองพื้นอามานี่ พรุ่งนี้มีมั้ยคะ,neutral
วันนี้พบกับ บูทกิจกรรม โรงพยาบาลกรุงเทพราชสีมา กับงาน “STRIDER CUP THAILAND 2017” MCC Hall The Mall Korat กิจกรรมภายในบูท - ตรวจสุขภาพเบื้องต้น - เล่นเกมส์ ลุ้นรับของรางวัล งานนี้ ไม่เสียค่าใช้จ่าย รับของติดมือกันไปเลย เรื่องสุขภาพมั่นใจให้เราดูแล,negative
คิดว่าฮอมจะเล่นมะ?,neutral
55+,neutral
มีออเดอร์โดนัทหัวใจอีกละ T_T,negative
แอดมินขอน้อมรับความคิดเห็นของคุณลูกค้าแจ้งให้ทางหน่วยงานที่เกี่ยวข้องทราบนะคะ ^^,neutral
📆 พร้อมเสิร์ฟแล้ววันนี้ - 15 มกราคม 61 📍 ที่ บาร์บีคิว พลาซ่า ทุกสาขา,neutral
เดือนนี้มีโปรลดค่าอาหารจากวันเกิดอย่างเดียวค่ะ แต่ถ้ามีไลน์ของโรงแรมครกสามารถสั่ง Hoegaarden 2 แก้วใหญ่ได้ในราคา 399 ทั้งเดือนนะคะ ^ ^,neutral
-Gold Memberได้ส่วนลด 35%ซื้อสินค้าภายในวงเงิน3000 บาท หักส่วนลดแล้วชำระ 1000บาท(สุทธิ)ขึ้นไป สามารถเลือกรับฟรี Cleansing Foam สูตรใดก็ได้ 1ชิ้น หรือเลือกรับชุด Skin Care Setได้ 1ชุด หรือ Beneficial Perfect Cushion SPF 50 PA+++คู่กับ Beneficial Make Off Bubble Foam Cleanser ยกเว้นไม่สามารถรับชุด For men Collection Setและ Ultimate Renewal Premium Set ได้นะคะ,neutral
กลับมาอีกครั้ง กับความยิ่งใหญ่ที่สุดของคำว่าเพื่อน กับงาน “ Chang เติมเต็มคำว่าเพื่อน “ เติมเต็มทุกรสชาติความอร่อย -- คืนนี้พบกับเจ้าของเสียงเเละงานดนตรีอันเป็นเอกลักษณ์ ❤️Stamp❤️ พร้อมบทเพลงที่จะพาคุณหรรษาตลอดทั้งคืน ชวนเพื่อน ชวนพี่ ชวนน้อง ชวนเเฟน เเล้วมาเจอกันที่งาน Chang Sensory Trails เต็มอิ่มกับเพื่อนๆ ยาวๆ แบบจัดเต็ม 1-31 ธ.ค. 2560 ตั้งแต่เวลา 18.00-24.00 น. ที่ลาน Mall Parc หน้าห้าง The Mall Korat -- 13 ธ.ค. Stamp 20 ธ.ค. Cocktail 27 ธ.ค. Atom 📌สงวนสิทธิ์ผู้เข้างานอายุ 20 ปีบริบูรณ์ขึ้นไป ต้องใช้บัตรประชาชนในการเข้างาน .. ChangSensoryTrails Food Fun Friends TwoPopetorn Stamp Cocktail Atom TheMallKorat TheMallShoppingCenter เดอะมอลล์โคราช chang กินไหนดีโคราช,neutral
สาขาฟิวเจอร์พาร์ครังสิต บริการไม่ค่อยโอเคนะคะ ล่าสุดไปทานมาค่อนข้างมีปัญหาด้านบริการทั้งล่าช้าแล้วก็ลืมเสิร์ฟกะหล่ำซอย รับออเดอร์ไปแล้วแต่พอทวงก็บอกว่าเราไม่ได้สั่ง งงค่ะ,negative
ฮอนด้า ซีวิค สวยมากเลยคับ อยากได้สักคัน สวยหรู ออกแนวสปอร์ตเท่มาก,positive
สเมอนอฟ ไปให้สุดคร้าาา,neutral
ลอรีเอะ Super Ultra Slim Fresh Control ยาวมากถึง 30 ซม. แผ่นบางซึมซับดีไม่อับชื้น หาซื้อสะดวกสุดๆที่ 7-11 ค่าาา ลอรีเอะเฟรชคอนโทรล 30cmซื้อง่ายที่เซเว่น ล็อคกลิ่นมั่นใจไม่อับชื้น นี่สิคอนโทรลได้ทั้งคืน รับฟรี,neutral
หมูกรอบเหมือนมีฟามโดนwave,neutral
👉🏻 แคนเมค แมทท์ & คริสตัล ชีค (ทุกเฉด) ได้คูปองส่วนลด 50 บาท เหลือ300 จากราคาปกติ 350 บาท ในโปรโมชั่น Watsons Beauty in Summer ( 29 มี.ค.- 25 เม.ย.61 ) WatsonsThailand,neutral
อยากได้,positive
รู้จักเครื่องสำอางแบรนด์แรกเลยคือ Lipstick Mistine ค่ะ เคยแอบเอาของเเม่มาทาปากเล่นค่ะ LASHESactivity,neutral
เทคนิคป้องกันแสงแดดคือ ทากันแดดก่อนออกจากบ้าน และหมั่นทาซ้ำทุก 2 ชั่วโมงค่ะ เหตุผลที่อยากได้ NIVEA Sun Instant Aura SPF 50 เพราะ อยากได้มาทา ไปเล่นน้ำต้อนรับสงกรานต์ค่าา,neutral
ลูกค้าสามารถตรวจสอบสาขาที่ไม่ร่วมรายการที่เว็บไซต์นะคะ ^^,neutral
ฟีลแบบทาเซรั่มปกติอะ แล้วซึมไวมากก แบบมากก ดจีย์ นีเวียคือตายไปเลย มึงตกรอบแล้ว,negative
เนตทรูหลุดบ่อย เดือนนี้มาซ่อมแล้ว 3 ครั้ง ก็ยังเหมือนเดิม ห่วย,negative
ไม่ได้อยากกิน. แค่ให้ดูเฉยๆ ว่ามา 4 จ่าย 3. ที่ Hot pot Buffet. ที่เซนทรัลเวสเกตก็มีนะ,neutral
โคตรดีย์,neutral
เปิดทางให้เจ้าสัว เบียร์ช้าง เข้าเป็นสปอนเซอร์แทน,neutral
ก๋วยเตี๋ยวพอ,neutral
เหมือนให้เลือกคูปอง,neutral
ยังมีให้ร่วมสนุกอีกหลายรอบครับ เป็นกิจกรรมแบบด่วนๆ ติดตามได้เรื่อยๆ นะครับ :D,neutral
ปวดฉี่รอห้องน้ำ ญ ไม่ไหว เข้าห้องน้ำชายไปเลยจ้าา chang,negative
ยุคไทยแลนด์​ 4.0 เหอะๆ ตลกว่ะ,negative
นิสสันอเมร่า รถซิตี้คาร์ที่ภายในกว้าง พร้อมเดินทางไปทุกที่,positive
มิตซูบิชิ อีคลิปส์ ครอส ใหม่ ได้การรับรองจากอาเซียนเอ็นแคป,neutral
"มีรายงานว่าบัตรเลือกตั้งจากนิวซีแลนด์ประมาณ 1,500 ใบ มาถึงไม่ทันเวลาครับ เป็นบัตรเสียทั้งหมด",neutral
มิโซะ มึงทำกระทะไหม้,negative
ก็นุ่มๆดี แต่กูโคตรเมาเลยมะคืน,neutral
ได้ข่าวว่าสอบเสร็จกลับบ้านเลย..,neutral
Honda Jazz สวย ดูดี มีสไตล์ Honda Jazz เป็นรถในฝัน Honda Jazz เป็นรถที่ทุกคนสนใจกัน Honda Jazz ของฉันดีที่สุดเลย ที่สำคัญค่ะ อยากสนุกกับชีวิตได้ไม่จำกัดอยากออกสตาร์ทกับรถที่ใช่ และใช่ค่ะ Honda Jazz จะเป็นรถคันแรกที่เราเลือก ป่ะ ไปดูหนังที่รัก กับรถที่ชอบกัน รถที่ต้องมี หนังที่ต้องดู ฮอนด้าที่รัก EnjoyHondaThailand,positive
นับวันหมูยิ่งบางลง,negative
อัพ อายุ 25 แต่พี่ออฟ 40 ใช่มั้ย อยากได้อินนิสฟรี อ่าพี่ออฟ น้องเป็นเเฟนอินนิสฟรี,neutral
แซงเรียบร้อย ไม่แปลกใจทำไมผมเห็นโฆษณา Honda HR-V ปล่อยออกมา,neutral
พน.เลยมั้ยจ้ะน้องหลาว,positive
เกิดอะไรขึ้นกับสาขาเซ็นทรัลรัตนาธิเบศร์ วันที่18ก.พ.2561 เวลา 18:00 / เพิ่มเติมนั่งโต๊ะที่30 ปกติจะมีบิลมาวางและแจ้งเวลากินได้ตั้งแต่กี่โมงถึงกี่โมง แต่กินจนอิ่มบิลก็ไม่มา จึงไปแซวแคชเชียร์ก่อนออกจากร้านว่า ไม่มีบิลคือกินฟรีใช่ป่าว 😁😁😁,negative
สูบเพื่อเลิกไม่ใช่เพื่อเริ่ม,neutral
แอนดรูว์ บิ๊ก อ้วนน😆,neutral
ของผมใช้คู่นี้ ในเวปบอกคล้ายโฮกาเด้น,neutral
ว้าวว,positive
ผมใช้อเมร่าsportechเวลาจอดทางชันเข้าเกียรทําไมถึงดังคับอยากรู้,neutral
ไก่เดิมอร่อยกว่าครับ,negative
ครอบครัวตัว ห ป่ะๆ ตี้ MK 55,neutral
บางจริงครับ สาขาโลตัสจรัญ,negative
นี่ขนาดในหมอชิตนะ รถที่จะรับควรมีการลงทะเบียนตรวจสอบได้และทำตามกฎน่าจะดีกว่า เราลงตรงนครชัยขึ้นรถตรงนั้น บางทีได้ขึ้นพรีอุสนครชัย รถเยอะไม่ต้องรอ,neutral
พีี่อยากกิน พาไปหน่อย,neutral
น่าจะควาย อ่ะครับ เดี่ยวนี่ ควายเยอะ ควายแก่ด้วย,negative
กติกาง่ายๆ ตอบให้ถูกเพียง 3 ด่าน ก็ลุ้นเป็นผู้โชคดี ที่จะได้ไปงาน e-TOYOTACLUB Exclusive Workshop แล้วค่ะ,neutral
จ๊ะ จ๋า ผมว่าขนาดล้อใหญ่กว่าซีวิค เสียงก็ย่อมดังกว่าเป็นธรรมดานะ(เดิมใช้ซีวิค12)ครับ,negative
รถสวยจังครับราคาเท่าโตโยต้ายาริสเอทีฟเสียดายไปจองใว้แล้ว,negative
นี่แหละครับ แต่ใช้ชื่อว่า KB,neutral
อร่อยทุกอย่างเลยเชียว,positive
บุหรี่ไฟฟ้าแถชะอำมีเยอะแยะ,neutral
วันที่21-22ว่างน๊าาา มาเลยยๆๆ,positive
จริงค่ะ สาขานี้บริการไม่ค่อยโอเคอะ พนง ดูมึนๆ ช้าๆ ไม่แนะนำด้วยว่ามีโปรนี้,negative
ชวนแม่กับป๊าไปด้วย,neutral
ขอบคุณพี่ที่เข้าใจ,positive
เรานี่กินจนติดไม่รู้ตัว เบียร์ก็กินสิงห์ น้ำก็กินสิงห์ ตอนนี้อยากกินพรีเซนเตอร์อะ อิอิ,positive
อร่อยจริงเรื่องปิ้งย่าง BARBQPLAZA,positive
รีวิวเช็ดเครื่องสำอางด้วย นีเวีย ไมเซล่า วอเตอร์ สำหรับผิวธรรมดา สายกลาง NIVEAMUTUALSKIN NIVEAMICELLARWATER,neutral
ที่ไทยมีนะ BTS. สายสีลมอ่ะ เวลาตอนกลางคืนจะเปลี่ยนเส้นวิ่งจากสายสีลมยาวมาที่จตุจักรเลยโดยไม่ต้องไปต่อรถที่สยาม รถไฟฟ้าจะหยุดรอสลับรางตรงก่อนถึงสถานีสยามนิดนึงแล้วเข้าจอดที่สถานีในช่องที่ไปจตุจักรเลย นี่เคยนั่ง 2ครั้งที่มันสลับรางแบบนี้,neutral
กอนเหล้ากินเบียไม่เห็นอ้วก กินฟูลมูนเสือกกระแดะอ้วก งงๆ,negative
ส่งต่อ 3CE MOOD RECIPE MATTE LIP COLOR 222 ใช้ไปน้อยมากไม่มีกล่องนะคะ สภาพ95% สนใจทักเดมมาดูรูปเพิ่มเติมได้ค่ะ ส่ง…,neutral
มะกี้ได้ยินพนักงานทรูบอกลูกค้าว่า เราใช้แก้วกับหลอดย่อยสลายได้ค่ะ รักษ์โลก /นี่แบบ หืมมม ไม่เชื่อ หยิบแก้วตัวเองขึ้นมาเลย เออว่ะ พลาสติกเบอร์7 ดูตัวอักษร พีแอลเอ ใช่จริงๆด้วยเคยผสมเองกับมือเมื่อสิบกว่าปีก่อน พอลีแลคติกแอซิด มีหมู่เอสเทอร์ให้เกิดปฏิกิริยาไฮโดรไลซิสน้ำเข้าไปแยกได้,positive
ว่าไงง,positive
กูมาแล้ววว ubeer beefgrill วันหยุดกูเอง,neutral
น่าจะมาสด้า 6,neutral
สามารถสมัครได้ที่ร้าน MK สาขาใกล้บ้านได้เลยค่ะ ราคา 129 บาท บัตรมีอายุ 2 ปีค่ะ ^^,neutral
ขอบายไม่สู้แสงโสมมม,negative
มิโสะๆ,positive
ไม่เคยกิน eristoff แต่เห็นเพื่อนชิมแล้วบอก รสชาติแปลกอ่ะะะ,negative
แกจ่ายให้เค้าชะ55,neutral
เออเงินเดือนออกพอดี ถึง 29 อิ,neutral
ละก็ปิดสวยๆว้าตอนนี้ชั้นไม่ได้กินมาปีนึงแร้ว ชั้นรู้สึกว่าสุขภาพชั้นดีขึ้นนะ เฮลตี้ อ้วนยาก กินปลากินไก่ สบ๊ายยย (ในใจกุคือแบบ ฮือๆ แค่สุขภาพกายไงสุขภาพจิตคือกุคือติดลบมาก กูรืมรสชาติบาบีก้อนไปแล้ว),negative
ไปกินฮอทพอทย้อมใจ,neutral
นี้ละคับกลัวไม่มีเงินแดกเลยให้ผิดกดหมาย,neutral
จิกให้ถึงที่สุดอีดอก เพื่อนที่มอบอกว่าให้โทรธนาคารต้นทาง ยังไงเงินมันโดนหักไปแล้ว มันต้องมีปลายทางหรือไม่ก็ค้างระหว่างทาง เพราะเพื่อนกูเคยเป็นอะ,negative
ตอนนี้กำลังดูซีวิกอยู่คับ,neutral
มากินที่ตรังเด้2คน,positive
คือบั่บอิผ้าอนามัยเย็นนี่ แผ่นยาวความเย็นมันแรงขึ้นปะ คือตอนนี้เย็นแบบทรมานอะ อิดอก 55 กลัว,negative
ฮาดะลาโบะทองคือคันยิบๆ,negative
อ้ะโหยยยคิวเต็มอ้ะโดก,neutral
ไปว่า..ดาวิ ทำไม เขาโฆษณาผ้าอนามัย 555 เขาไม่ได้เป็นนักร้องสักหน่อย,neutral
ป้ะ ไปคลีนกัน,positive
ออกไปก่อน เดี๋ยวมีแล้วเอาให้ได้ป่ะล่ะ 55,neutral
เสียงท้องร้องแบบนี้... เดินเข้าร้าน MK สิคะ เรามีเมนูเด็ดที่จะชวนคุณมาอร่อยดับความหิวให้อิ่มท้องและกลับบ้านแบบแฮ๊ปปี้ ลองมาดูกันเลยว่าท้องของคุณจะหิวระดับไหน? เดินเข้ามาเลยที่ MK ชั้น5 ศูนย์การค้าเซ็นทรัลเฟสติวัล เชียงใหม่ CentralFestivalChiangmai EverydayFestival DiningDestination CelebratingEveryMoment MKRestaurants สุขเอ่อล้นที่MK มากินที่MK,neutral
ใต้ตาจาก Estee ค่ะ 5 ml. 470 บาท,neutral
นี่มันไม่ใช่ตำรวจคับ แต่ตะกวด วาสนาดีเท่านั้นเอง,negative
สวิฟตัวใหม่มือจับประตูหลังไม่เจ๋งเลยย (@ Suzuki Rama 3),negative
ต้มยำ!!,positive
โอ้เมื่อมีไฟๆๆ ลุกขึ้นแจ่มจ้าา,neutral
อยากฮอตพอท,positive
กินเก่งน้าา,positive
อดเลยเห็นมั้ยยย มัวแต่งอแง 😝,negative
เป็นผ้าอนามัยที่เกาะทุกอย่างยกเว้นกางเกงในอะ ทำได้ไงว้าาา,negative
ริมฝีปากโดดเด่นน่าจูบ ด้วย Wet n Wild Mega Slick Lip Gloss ช่วยเพิ่มปากที่ดูไร้สีสันให้กลับมามีชีวิตชีวาชุ่มชื่น วันสบายๆพกติดกระเป๋าไว้เติมระหว่างวันได้ ราคา 139 บาท สั่งซื้อทางระบบ Line@ ได้ที่ หรือ Web Site :,neutral
ขอพรุ่งนี้ ที่รักออกเวรพอดี,positive
ปิดโรงงานยาสูบซะจะได้จบๆๆชะที ไทยแลนด์แดนกะลา,neutral
ถ้าก้อนไปวิ่งก่าพี่ตูน ก้อนจะ slim ลงไหม,neutral
"ใครที่กำลังมองหารถยนต์คู่ใจ อย่าลืมแวะมา ที่ โชว์รูม มิตซู เตชอัมพร นะค่ะ ต้อนรับเมษา 🌤 คุ้มค่ามากกว่าใคร ด้วยโปรโมชั่นร้อนแรง กับ มิตซู เตชอัมพร รับข้อเสนอ สุด HOT 🌟 🚗💨 Mirage , Attrage ⭐️19,000.- 🚙💨 Triton ⭐️28,900.- 🚗💨 Pajero 🔥เลือกรับข้อเสนอโดนๆดอกเบี้ย 0.99% หรือประกันภัยชั้น1 นาน 3 ปี Tel.📱032-232348 😲มิตซูเตชอัมพร ถูกกว่า ดีกว่า ใช้เงินน้อย ออกรถได้จริง เปิดทำการ วันจันทร์ - วันอาทิตย์ เวลา 08:00 - 17:00 น.",neutral
หลายพื้นที่ ประสบปัญหาน้ำท่วม น้ำท่วม ขนาดไหนที่คุณ ไม่ควรขับลุย เรื่องสุขภาพมั่นใจให้เราดูแล โรงพยาบาลกรุงเทพปากช่อง,neutral
ลองแล้วว อร่อยยนเมิง,positive
คนดีๆๆๆยังมีอยู่,neutral
แยกย้าย,negative
เพราะฤทธิ์ smirnoff แน่ๆ,negative
คือ บลัชออน clinique ที่เกามีขายเป็นร้อยๆสี meanwhile ที่ไทยมีสอง-สามสี ท้อ,negative
คร๊อกฟี๊ๆๆๆ,positive
นี่คือคน ของเธอ สาวก เบียร์ช้าง,neutral
สาขา Terminal21 เสิร์ฟติมช้าามากก สั่งแล้วสั่งอีกก็ยังไม่ได้กิน จากอิ่มๆ รอไอติม จนหิวอีกรอบ กินหมูอีกรอบ ไอติมก็ยังไม่มา ใบคอมเพลนไม่มี จนเรียกเก็บเงินสักพักถึงจะมา,negative
ผิดไรอะที่หิว😣,positive
แทกเฉยๆ,positive
"เชฟโรเลต แคปติวาทุกรุ่น รับส่วนลดสูงสุด 200,000.-* ตั้งแต่ 1 ม.ค.61 - 28 ก.พ. 61 ที่โชว์รูมเชฟโรเลตทั่วประเทศ รายละเอียดเพิ่มเติม โทร. 1734",neutral
จะเข้าบัญชีเดิมให้ทำการยืนยันตัวตน ก็ได้ทำตามขั้นตอนแล้ว แต่ก็ไม่สำเร็จ แล้วยอดเงินที่มีเหลืออยู่ในบัญชี จะทำอย่างไร? ใครจะรับผิดชอบ?,negative
ค่าชุดไทยแพงกว่าส่วนลด 😣,negative
ต้องไปจัด,positive
ขออนุญาตขายบัตรเข้างาน วันที่16เมษายน2561 เป็นบัตรVIPได้KULOVฟรีตลอดงาน มี6ใบ inbox ได้เลยค่ะ,neutral
ไรนี้,positive
ที่จอดรถน้อย,negative
Cf dior นู๊ด 690,neutral
ลูกดื้อ55,neutral
ที่เรานัดกันไว้ล่ม หรือไปต่อ55,positive
กว่า 2 ทศวรรษแล้วที่โตโยต้าได้ผลิตนวัตกรรมอย่าง ‘รถยนต์ไฮบริด’ รถที่ขับเคลื่อนได้จากการใช้ทั้งเชื้อเพลิงจากน้ำมันและพลังงานจากไฟฟ้า โดยไฮบริด Generation 1 คือ Toyota Prius ในปี 1997 และโตโยต้ายังพัฒนาอย่างต่อเนื่องเพื่อประสิทธิภาพที่ดีกว่าจนมาถึงยุคนี้ ยุคของไฮบริด Generation 4 [ADVERTORIAL],neutral
โปรโมชั่นเด็ดมากๆ สำหรับ Nissan Navara ราคาถูกสุดๆ ใครสนใจ ต้องรีบไปแล้ว,neutral
ดีแมคเก่าใส่โบอะใรดีคับ และต้องเปลียนหัวฉีดรึเปล่า เครื่อง2500คับ,neutral
พานาคอตต้าน้อยมากไปถามบอกเสริฟไม่มาวางตู้ล่ะ,negative
บาบีก้อน(สาคู) สาคูใส้หมู หุๆ,negative
รถสวยมากๆ โชว์รูม ก็กว้าง สะอาด ToyotaBuzz MOTORSHOWยกมาที่นี่,positive
น่าจะเป็นโปรทุกเดือนเพราะ 12 เดือนจะได้ทุกคน,positive
ก็หิวอีกไม่ได้หรอ,neutral
ตัวว,neutral
ตัวใครตัวมัน,neutral
ตำรวจชุดจับกุมมันรู้กฎหมายมากเเค่ไหนจับบุหรี่ไฟฟ้าพอเข้าใจแต่ยึดรถนี่ไม่เข้าใจ,negative
มาา บอนชอนมันคือยาเสพติดล่ะ55 น้ำจิ้มบาบิก้อนด้วยแงงง มาม่าบ่อยไม่ดีนา../เปิดเถิกโค่ให้ดู--,negative
ตัวละเท่าไหร่คะ,neutral
ถ้าฉันเป็นแม่คุณแล้วรู้ว่าประหยัดผ้าอนามัยเก้าเดือนแล้วได้อะไรแบบนี้มา คงเลือกจ่ายค่าผ้าอนามัยต่อไป คุ้มกว่ากันเยอะเลยค่ะ,negative
แสงโสมนี่เวลาตื่นจะรู้สึกเหมือนโดนกระทืบหน้า,negative
ฮอนด้าเป็นตั้งแต่แอคคอร์ดแล้วครับจานเบรคบาง ส่วนเกียร์ไปดูร้านเกียร์ก็มีพังจริง แต่ไม่ค่อยออกสื่อ,negative
มุมโคตรได้ moodโคตรดี ไอเลิฟ TheRapper2,positive
กินลำบาก อึดอัก,negative
นาวาร่า ประกาศ ความแรง,neutral
จะี.อยากเหมือนกัน,positive
เงินยิ่งมีมากเข้า ยิ่งไม่พอ หน้ามืดตามัวไปหมด ห่วงสุขภาพ โครตขำ หยุดห่วงแบบหลอกรีด แล้วปล่อยให้เราได้มีสิทธิ์เลือกบ้าง,negative
ได้เวลา55,positive
ลานเบียร์ผิด 55 ปิดสิงค์ กับ ช้างก็ จบแล้วจาร์ย จะดิ้นไปเรื่อยๆทำไม,neutral
เป็นซีรี่ย์โปรดเรื่องนึงเลย เสียดายที่ไม่มีในNetflix,negative
พรุ่งนี้ไปใหม่,positive
เราติดตามแขมาตั้งแต่เดบิวต์แรกๆเลย ชอบทุกเพลงทุกอัลบัม แต่ที่เพลงที่ชอบเป็นพิเศษและอยากไปโยกตัวเต้นกับ Singha Music มากที่สุดคือเพลง lost ในอัลบั้ม one of the boys ซึ่งเป็นเพลงที่นางแต่งขึ้นจากเรื่องจริงของนางเองในช่วงที่เข้าวงการแรกๆนางถูกให้สร้างภาพลักษณ์คล้ายป็อปสตาร์ในยุคนั้นเพื่อการตลาด จึงทำให้นางรู้สึกไม่เป็นตัวของตัวเองเหมือนหลงทางและสูญเสียความเป็นตัวเองไป เราชอบฟังเพลงนี้เวลาที่รู้สึกท้อเพราะมันทำให้รู้สึกว่ายังมีคนที่เจอเรื่องแย่ๆมาหนักกว่าเราและสุดท้ายเค้าก็สามารถผ่านมันมาได้อย่างสวยงามและประสบความสำเร็จนั่นก็คือ Katy Perry ถึงแม้ว่าจะเป็นเพลงช้าแต่ก็โยกได้เพราะความ katycats ในตัวสูง 😂 แกไปปลดปล่อยความเป็น katycats กัน Singhamusic,positive
ฉีกทุกadผ้าอนามัยที่เคยมี😂😂😂,positive
ขอแชร์ประสบการณ์นะคะ ฝังยาคุมที่โรงพยาบาลกรุงเทพเมื่อห้าปีก่อน ราคาประมาณแปดพัน (แพงมากก) ฝังครบสามปี ตัวเราไม่มีผลข้างเคียงอะไรเลย ผ่าตัดเล็กเอาหลอดยาออกมีแผลนิดเดียว,negative
คนป่วยอยากกินฮะ,positive
เนวิน เอสไง ลดพอดี,neutral
ต้องเสียเงินเช่าชุดไปกินข้าวด้วยหรอ เอาๆๆๆ,negative
ขอรายละเอียด ALMERA,neutral
ตอนนี้น้ำสิงห์ครับ. กูนิแดกน้ำก๊อกเลย,negative
400 แชร์แจก L'Oreal Pure Clay Mask,neutral
แนะนำโช้คใส่ all new dmax 2014 Hilender ด้วยครับ,neutral
เสียใจทำไมชอบจัดโปรแบบนี้55,negative
จัดไปเรยวันจัน😍,neutral
ชอบครับ รถในฝันเลยครับ Honda Accord ไปจองมาเรียบร้อยแล้วครับ,positive
หยุดวันอาทิตย์ไง,neutral
วันนี้กินนมไม่กินสปาย,negative
ว่าไงกัน55,neutral
พี่เอ๊าะๆๆ ไปกันๆๆๆ,positive
GMเข้าไปใช้โรงงาน Isuzuในการผลิตครับ เชฟอยู่ในเครือของGM ชึ่งมีหุ้นอยู่ใน Isuzu และตอนนี้มีข่าวว่ามาสด้า จะเข้ามาพัฒนาด้านเทคโนโลยีร่วมกับIsuzu ซึ่งเมื่อก่อนเคยพัฒนาร่วมกันมา แล้วมาสด้าก็ไปร่วมกับฟอร์ด ตอนนี้ก็จะกลับมาเป็นพันธมิตรกับIsuzuเหมือนเดิม,neutral
เค้กน่าลอง,positive
โห่วว ไม่พาไป,neutral
โสดครับ แอดมาได้ ไม่รวย แต่ขับ Msx กับอีซูซุ่ mu-x,neutral
รีบวิ่งไปปิ้งบาบีก้อนตอนปีใหม่,neutral
สลัดไข่ ใส่หอย คับพี่ถ้าทันไปแน่นอนคับ,positive
ผมใช้ subaru xv อยู่ อะไหล่รอนานไม่พอ ศูนย์ที่หาดใหญ่ยังมาปิดตัวลงไปอีก โดยที่ไม่มีการเยียวยาใดๆจากทาง MIT เลยครับ ตอนนี้ได้รับความเดือดร้อนมากเลยตอนนี้ทางใต้,negative
ชุดค้ำนิรภัย Ultra Racing ตรงรุ่น Toyota CH-R ล๊อตแรกของโลก ชุดแรกในไทย ท่านเจ้าสำนัก ศูนย์บริการรถยนต์ครบวงจร Hybrid AutoCar รังสิตคลอง 3 จัดไปครบทุกจุดแล้ว หน้าบน + แพล่าง ชุดเต็ม รอชมรีวิวครับ == CH-Rใครได้รถแล้ว อยากนิ่ง แน่น หนึบ ติดต่อไปเลยคราบ,neutral
ตำรวจจับคนจีนทำเบียร์ช้างปลอม 1500 ลัง,negative
รอรุ่นนี้ใกล้ๆเปลี่ยนโฉม นิสสันค่อยเอาเข้ามาขายครับ 😂😂😂,neutral
มันผิดที่ไม่ยอมเสียภาษีให้รัฐบวยอ่ะครับ... เลยผิดกฏหมวย เอ้ยย กฏหมา...ย,negative
ลุงมาร์คถ้าไม่ไปรู้จักกับลุงเทือกอนาคตไปได้ไกลกว่านี้อีกนะ เสียดายย ไทยรัฐเลือกตั้ง62,neutral
กี่คนก้อได้เหรอก้อนน,neutral
ดื่มหงส์ทองมั้ยสาส,neutral
จัดอีกรอบปะอิอิ,positive
แดกแบล็คจนตาหวาน มีเกียรติมาก!,negative
ไม่สบายยุ กินไม่ได้😃,neutral
‘เกมวัดใจ’แสงโสม6แดงชิงแชมป์โลก,neutral
การท่องเที่ยวไทยเจ๊งแน่ ๆ 55 รัฐบาลจะทำอย่างไรดี,negative
ต้องลงไหม,neutral
เบียร์ช้าง 3 ขวด 360 นี่ก็แพงเกิ้น,negative
รอว่างอะเดะพาไปกิน,neutral
ปะะ ๆ พรุ่งนี้,positive
ฟอร์ดเรนเจอร์ผมถูกไปเลย 555 3.2 WT,neutral
จัดไปผู้ใหญ่ใจดีย์,neutral
วีออส ยาริส วีโก้ รีโว้ chr ฟอร์จูนเนอร์,neutral
ยังมีจำหน่ายอยู่นะคร้าบ สามารถสั่งซ์้อได้ที่เว็บไซด์ 11street หรือมาดูสินค้าของก้อนได้ที่ร้านบาร์บีคิวพลาซ่า ทั้งหมด 19 สาขาเลยนะคร้าบ,neutral
นิสสันมาแหะ,neutral
ร้ายกาจ,neutral
ไม่กิน 55,neutral
กินแม็คให้หน่อย,neutral
"ไม่พบพยาธิ แต่พบ!! ""Chronic inflammation and multifocal small-size abscesses are found in fibrous connective tissue next to muscle tissues. Inflammatory cells, debris cells, and bacterial clumps are located in the center."" สรุป ""เนื้อวัวมีการติดเชื้อแบคทีเรียจนเกิดการอักเสบและกลายเป็นฝีหนอง"" เอาเนื้อวัวที่ติดเชื้อแบคทีเรียมาขายนี่หนักกว่าพยาธิอีกนะคะ ก๊อบเค้ามา",negative
สมัครเน็ตไมาได้งับ เป็นอะไรอะ นี่แอบใช้ไวไฟเพื่อนบ้านอยู่AIS,negative
ตลกแล้วไอ้หมูเลี้ยงน้องดิๆๆๆ55,positive
เดินไปเซเว่นคะ,positive
สวยพอไหม? ภาพร่าง Toyota Altis 2019 ใหม่ โดยนักออกแบบอิสระ จับเอาหน้า Auris มาใส่ตัวถังซีดาน,neutral
แมคเปิดวันแรกมีแต่พนักงาน คือถ้าไม่ได้มาเอาของวันนี้ก็ไม่ได้มา showdc,negative
เออแต่ก็จริง แสงโสมเหมือนแดกกาว,negative
จะพาเราไปกินบีกอนมั้ย ไม่งั้นเลาจะกัดแรงอีกนะ,positive
บริษัท ไม่กรน จำกัด ออกบูทในงานสัมมนา “นอนกรนเสี่ยงหยุดหายใจขณะหลับ อันตรายถึงชีวิต” ที่ อาคาร 3 ชั้น 1 รพ. พญาไท 1 วันเสาร์ที่ 23 ธันวาคม 2560 เวลา 10.00 -13.00 น,neutral
ไหนบอกจะไม่กินอีกเดือน,neutral
ลายเบียร์ช้างด้วยหรีอเปล่าค่ะ,neutral
พ่อ ๆพาไปหน่อย,neutral
ผมตั้งข้อสังเกตุนะครับ..ช่วงนี้มีข่าวเรื่องยาที่รักษามะเร็งให้หายด้วยสิ,neutral
อยากได้2ใบ,neutral
เครป่ะ,neutral
วันนี้เชียร์ใครดี ระหว่าง อุเทน กับ สำนักงานทรัพย์สิน คือไม่ใช่อะไรหรอก หาตังได้ขนาดนั้น ทำไมถึงยังเพิ่มค่าเทอมเรื่อยๆ วะ -”-,negative
บาบีก้อนก็ได้ ปะๆ 555,positive
เลิกสูบทั้งบุหรี่ และบุหรี่ไฟฟ้าเถอะ แม่งเหม็นทั้ง2อย่างได้กลิ่นละปวดหัว,negative
คอนเซปคล้ายๆกับ Nissan E-power,neutral
เบียร์ ลีโอ ช้าง สิงห์ เลิก ซัด ไทเกอร์,negative
น่าลองงอะอ้วนนน,positive
"Sulforaphane คือสารต้าน อนุมูลอิสระ ชะลอการแก่ตัวของเซลล์ ซึ่งก็นำไปสู่การป้องกันเซลล์มะเร็ง ต้านการอักเสบ และอีกหลายๆอย่าง Sulforaphane has antioxidant, antimicrobial, anticancer, anti-inflammatory, anti-aging, neuroprotective, and anti-diabetic properties Sulfurophane มีในผักตระกูล cruciferous เมื่อนำมาปั่น หรือหั่น หรือเคี้ยว (ปั่นละเอียดจะดีสุด) ทำให้เอนไซม์ปล่อยออกมาผสมกัน Sulforaphane is produced when glucoraphanin comes into contact with the enzyme myrosinase, contained within the same cells but in different compartments Broccoli sprout มีเยอะสุดนะคะ แต่พอทำแล้วต้องทานทันทีเพราะจะเริ่มสลายไปจากการโดนอากาศและแสง เช่นเดียวกับ smoothie ต่างๆ ควรทำทานเองสดๆ แค่ผักจากไร่กว่าจะมาถึงมือเราก็นานแล้ว แร่ธาตุสลายไปตามเวลาทุกนาที ยิ่งบรรจุขวดยิ่งเหลือน้อยลงไปอีก กี้เลย ไม่ทำขายค่ะ ผักตระกูล cruciferous มีไรบ้าง ก็ได้แห่ briccoli cauliflower kale chard bok choy arugula cabbage spinach watercress brussle sprouts นอกจากนี้ยังมี vitamin c สูงด้วยนะคะ ✨💖💖lowcarbdiet lowcarb paleopaleodiet paleolifestyle primalblueprint primalhealthcoachhealthylife healthyliving health goodfatnowheatketoketogenic ketofamketodietveggies naturalorganicyumyummyrealfoodlunchcruciferous lowcarbdietprebioticsmoothiesulforaphaneholistichealth holistic @ Piruni",neutral
เบียร์สิงห์ สปอนเซอร์ใหญ่ใจดีแจกตั๋วคอนเสิร์ต 2 ใบที่ ร้านถนนข้าวสาร มาดูกันครับใครจะได้.. คนใกล้ตัวคุณหรือเปล่า?!,neutral
โตไปด้วยกัน กับครบรอบวันเกิด Mr. Jack 167 ปี 16 กันยายนนี้ Jack Daniel’s ขอเชิญแฟน ๆ Jack 40 ท่าน ร่วมฉลองครบรอบ 10 ปี Sheraton Huahin Resort & Spa ในวันที่ 16 กันยายนนี้ เพียงแคปภาพที่เรียงลำดับขวด Jack ได้ถูกต้องใต้โพสนี้ ร่วมสนุกได้ถึงเที่ยงวันของวันที่ 14 กันยายน สุ่มประกาศผลรายชื่อผู้โชคดีภายในวันที่ 14 กันยายน 10 รางวัล รางวัลละ 4 ใบ รายงานตัวภายในเทีย่งวันของวันที่ 15 ไม่เช่นนั้นจะถือว่าสละสิทธิ์ และจะให้สิทธิ์แก่ผู้โชคดีท่านถัดไป คำตัดสินของคณะกรรมการถือเป็นที่สิ้นสุด อ่านรายละเอียดและเพิ่มเติมเงื่อนไขเพิ่มเติมที่,neutral
จัดปาย..,positive
ว๊าว โรบินสันกำแพง เสร็จแล้ว เค้าอดไปเลย 555,positive
นิสสันจะนำเครื่องอีพาเวอร์มาขายเมื่อไหรครับ,neutral
จัยรัวๆๆ,positive
หาเงินแปป,neutral
มันก้อเหมือนเบียร์ช้างบ้านล่ะเพื่อน,neutral
ค่าเช่าชุดเเพงกว่าที่ลดอีก,negative
อยากบอกว่าาา ไปแดกเบียร์ล้มช้างไปเล่ออ ดูสิ ใครจะล้มก่อน ยักไปวันที่ 31 ตั้งใจจะเคาน์ดอ แต่ไม่ล่ะ เคาน์ดาวดีกว่าา 55,neutral
ขอเลยเหรออ 55 ดูคุณเเอนหิววเนอะ,neutral
แน่จริงปะ? กดให้ได้ ทำไม่ได้ไม่ต้องออกไปเที่ยว! ท้าให้ลอง! 🤭 100PIPERS GiveFriends100%,neutral
เจอช้างเหรอครับดื่มเลยครับแต่อย่าขับนะ,neutral
อยากสุพรรณมีเตาย่างบ้างจัง,positive
ขอให้ผ่านลุล่วงไปด้วยดีครับ,positive
ลองเส่ะ แต่ข้าว่ามันหวานไป แต่ยอมรับว่ามันกินลื่นดีดื่มง่าย,negative
ไป ๆ อิอิ,neutral
ขอบคุณบาร์บีคิวครับที่แปลให้ไม่ครบ ทำให้ผมย้อนกลับไปอ่านภาษาอังกฤษข้างบน สรุปง่ายๆว่าไม่มีพยาธิอ่ะใช่ เพิ่มเติมคือเนื้อเป็นฝีและติดเชื้อแบคทีเรียเอง จะโวยวายอะไรกินๆไปเหอะ ...ไม่ทราบว่าเนื้อเคสนี้สามารถเอามาขายได้หรอครับ แค่แปลยังไม่ครบไม่ตรง ไม่มีความจริงใจ ลาก่อนแบรนด์นี้ครับ,negative
คุ้มค่า,positive
พี่ที่ทำงานไปทานมาและเสียความรู้สึกมากค่ะ รอนาน บริการแย่ สาขาบิ๊กซี นวนคร แค่น้ำรอ 15 นาที ของขาดแต่กว่าจะเดินมาบอกอีก 20 นาที แล้วบอกว่าคนเยอะ แต่มีนั่งอยู่แค่ 5-6โต๊ะ และสภาพอาหารที่ได้ ไม่สมกับเวลาและราคาที่ต้องเสียเลยค่ะ,negative
หัวดอ...ตรท,negative
"ดีเดย์ 9 มี.ค. นี้ ปิดสะพานลอย ""อโศกเพชร"" ซ่อมใหญ่ FM91 ปิดสะพานอโศกเพชร",neutral
วันอาทิตย์นะ,neutral
สู้ๆคับเป็นกำลังใจให้คับ,positive
ขอเวย์เชค...จะมีไหมนะ...😀,neutral
น่าอร่อยค่ะ. ที่สาขาโรบินสันปราจีนบุรีร่วมรายการมั้ยคะ,positive
แต่ชุดดีมากนะรอบนี้ ดีแบบกราบตีนเลยถ้าเทียบกับอิตู่หรือมาจีมัก เนี่ย พอได้ชุดที่ส่งอะ จากสวยอยู่แล้วก็สวยไปอีก ปั๊วะอยู่แล้วก็ปั๊วะได้อีก วอนสไตลิสต์เลิกจัดชุดแปลกๆ KILLLTHISLOVE,positive
สเมอนอฟนี่จัดเป็นแอลประเภทเบียร์หรือเปล่า ไม่มีความรู้ด้านนี้ รู้แค่ไม่หร่อยเลยย 😑😑😑,negative
แดกเข้าไป,neutral
รอพบกันวันที่ 6 มี.ค. นี้นะคะ ^^,neutral
สิ่งนี้ที่หนูรอคอยใช่มั้ย,neutral
นาวาร่างานงอก ทั้งยอดขายเดือน ธ.ค. และยอดรวม กล้องรอบคันไม่ได้ช่วยเพิ่มเลย,neutral
โดนเหมือนงานแสงโสมปีที่แล้ว,neutral
สวยงามตามท้องเรื่อง ออเจ้า ToyotaBuzz MOTORSHOWยกมาที่นี่,positive
วิ่งเสร็จจัดเลย,positive
ทำเบอรเกอรให้มันอันใหญ่ๆหน่อย ครับ ผมเห็นในโฆษณาอันเบ้อเริ่ม,neutral
ไปๆๆๆ นู๋ศิ ว๊าวแซ่บ,positive
เพิ่งรู้ว่าจะloser ได้ขนาดนี้ กินเบียร์หมดเป็นโปรไปเรียนได้ เจอสเมอร์นอฟขวดเดียวตายคาเตียงลุกไม่ขึ้น ไอ้สัสส,negative
เลี้ยงเอื้อยนำแน่,neutral
หิวชีสส,neutral
เบียร์ช้างขมๆๆ อร้วกๆๆ,negative
ผมว่าสวยกว่าแคมรี่ ยิ่งชิ้นกระจังหน้านี่แคมรี่ไม่สวยเลย เหมือนเอากางเกงในไปแปะเอาไว้ ที่ขายได้น้อยเพราะเรื่องการขับขี่มากกว่า TNGAใหม่นี่ได้ยินว่าไม่ธรรมดา,negative
กลับมาก่อน วันนี้ หาไรกินไปนะ อิอิ เค้าจะช๊อบ ของเค้าบ้าง,neutral
บุหรี่ไฟฟ้ากำลังมา,neutral
😍😍😚,positive
คนไหนจะเปนจ้าวภาพ,positive
ชานมไข่มุกจะเยียวยาทุกอย่าง เสร็จจากยิมก็ยิ้มให้ของกิน,positive
อยากกินเหมือนกันค่ะ😀,positive
"WiTThai - s01e06 ตอน ""โอ้!-แอลอีดี (OLED) เทคโนโลยีอนาคต” กับอ.วินิช พรมอารักษ์ แห่งสถาบัน VISTEC""...",neutral
สำหรับของขวัญพิเศษในเดือนเกิด มีรายละเอียด ดังนี้ค่ะ,neutral
สนใจ MG3ครับ,positive
บลัชออนที่ปัดซัมเมอร์นี้อินแน่นอนกับ 4U2 LOVE ME MORE BLUSH M12 I Want To Marry You 😍✨✨ 4u2 4u2cosmetics 4u2thailand,positive
หาคนหารไหม,neutral
แคนเมคไม่รอดว่ะ,negative
อย่าเท ลค. เหมือน ford fiesta นะคนับ,negative
แล้ว ตอนนี้ล่ะ,neutral
ขอให้เป็นGTR จะเป็น 1400GTR หรือ Nissan GTR เอาเพ 55+,neutral
กินมะอ้วนๆ,neutral
แพ้กานิเย่โฟมค่ะ ร้องห้ายยย ผดเต็มหน้า,negative
สำหรับดอกเบี้ย 1.74%* เป็นดอกเบี้ยเริ่มต้นสำหรับลูกค้า Honda Loyalty และต้องดาวน์อย่างน้อย 25% ผ่อน 48 เดือนค่ะ,neutral
อยากขึ้นเหนือ ไปเที่ยวเชียงราย เที่ยวไร่สิงห์ปาร์ค และกินเค้กชาเขียวที่ไร่ชาฉุยฟง คิดแล้วฟินน😍😍🍰🍰 CEI PGAngpao18,neutral
ไร้สาระบริษัท ปญอ. มีหน้ามาโชว๋โง่อีกไปศึกษาไหม่ไปและค่อยมาประกาศ ถรุ้ยๆๆๆ,neutral
Cf เอสเต้ 550,neutral
"ศุกร์แห่งชาติ 2 มี.ค.นี้ พลาดไม่ได้!! 🎸🎤🥁 ชมคอนเสิร์ต LABANOON Live 📸 บัตร 300 เท่านั้น 🥃🥃🥃 👉บัตร 2 ใบ ใช้ลด Chivas Extra จาก 2,200 เหลือ 1,600 บ. 👉บัตร 1 ใบ ใช้ลด Jameson จาก 1,350 เหลือ 1,050 บ. 👉บัตร 1 ใบ แลกเบียร์สิงห์ 1 ขวด รีบจองโต๊ะ หรือสอบถามรายละเอียด ☎ โทร 02-22",neutral
ทางตรงแถวบ้าน 210 แรงยังเหลือ แม่ด่าก่อน,neutral
สมควรเสรีได้แล้วคับพี่น้อง,neutral
สเมอนอฟพี่ว่าไม่อร่อย 55,negative
อีกใจก็อยากวิ่ง แต่สู้ดีกว่าเผื่อเขาจะเข้าใจเราแต่ก็คุยกันนานอยู่เหมือนกัน และเขาก็เหมือนเข้าใจครับ (เพราะเขาก็ดูด) แค่อย่าเก่งใส่เขาก็พอ,neutral
มีแบบนี้ด้วยหรอ เราไม่เคยรู้เลย พนักงานไม่เคยบอกเลย,negative
ถ้านิสสันเอาเจ้านี่มา ผมว่าแร็พเตอร์ก็มีหนาวบ้างล่ะ,neutral
คู่แข่งตัวจริง Toyota Tacoma คือ Ford Ranger US / Chevy Colorado US / GMC Canyon ครับ ส่วน Ford F-150 จะแข่งกับ Toyota Tundra / Chevy Silverado / GMC Sierra / Ram 1500 / Nissan Titan ครับ,neutral
เมิงเลี้ยง ป่ะๆๆ,positive
บางครั้งความสุขไม่ต้องมาในรูปแบบของขีดสุดหรือน้อยไป!!! มาในแบบกลมกล่อมลงตัวกับคนที่ลงใจไปด้วยกันเป็นเพื่อนเป็นพี่ที่เข้าใจขอบคุณที่คอยให้คำปรึกษาผ่านไปอีกปีแล้วที่รู้จักกันมาก็เป็นสิบปีละเนอะตั้งแต่เกรียนจนโตทำงานนี่หละความลงตัวที่กลมกล่อมอยู่ด้วยกันแบบกลมกิ๊กนะพี่ชายยย 123 HNY2018 ล่วงหน้า THEBANGKOKCOUNTDOWN TBC2018 BLEND285 Findyourjoy ใช้ชีวิตให้กลมกล่อม,neutral
ไปด้วยได้ไหม ป้าาา,positive
โดดเด่นทั้งภายนอก ภายใน จัดโปรราคาโดนมาก ต้องไปแวะชมแล้ว,neutral
เมื่อไหร่,neutral
คิดถึงมาก ไปหาก้อนๆๆ,neutral
ขนาด 600ml,neutral
วันนี้เข้าแมคนะ อยากกินอันนี้ เทอเอาด้วยไหม,neutral
โค้งสุดท้ายแล้วนะจ๊ะ ✨ ร่วมสนุกกับพันทิปและ Nivea ลุ้นรางวัลจัดเต็ม 📌 Gift Voucher H&M และ Nivea Whitening Powder Spary ร่วมสนุกกันเลย ได้ที่.. หมดเขตร่วมสนุก 24 เม.ย.นี้ ร้อนแค่ไหนก็เอาอยู่,neutral
ความเท่และความแรงมันต้องมาพร้อมกัน..ชัดนะ รับบริการได้แล้วทุกสาขา - ฮอนด้า รัตนาธิเบศร์ - ฮอนด้า ติวานนท์ - ฮอนด้า พระราม5 - ฮอนด้า บางบัวทอง - ซูซูกิ บางบัวทอง - นิสสัน S K Sure - นิสสัน Emperor - สยามนิสสัน บางบัวทอง ศูนย์ฮอนด้ารับเฉพาะ รถ Honda เท่านั้น PNCExpress carcare PNCultimatcarcare 3M HYPERSHIELD เคลือบแก้ว เคลือบแก้ว3M เคลือบสี เคลือบสีรถ glasscoating ฟอร์ด มัสแตง Ford Mustang honda ฮอนด้า civic ซีวิค benz เบนซ์ gla250 nissan นิสสัน teana เทียน่า ขัดไฟหน้า ขัดโคมไฟ ไฟหน้าเหลือง restoreheadlights follow:,neutral
ควันระเบิดหรือบุหรี่ไฟฟ้าวะ,negative
เลี้ยง เย้,neutral
โรคนี้พระเป็นกันเยอะแยะ มันเป็นโรคทางกาย เกิดขึ้นจากสารในสมองผิดปกติ ส่งผลต่ออารมณ์ความรู้สึกของเจ้าตัว เข้าวัดไม่หาย หาหมอกินยาถึงหาย,neutral
คือ???,neutral
ใส่น้อยๆก็ได้ผงมันนะ มันเค็ม ต้องลอกหนังทิ้งหมด,negative
เจอในเนื้อวัว,neutral
ถึงแค่ 28 กุมภานี้เอง เสียดายน่าจะมียาวๆไปเลย,negative
คนที่ได้รับฉายาพิน็อคคิโอและทั่วโลกก็เห็นด้วย คนๆนั้นไม่ได้ยึดพระไตรปิฎกจริงๆหรอก เขาตอแหล ผิดศีลข้อ มุสา มีแต่บัวใต้ตมเท่านั้นที่เชื่อเขา... ประเทศกูมี,neutral
ไปไหมวันนี้,positive
น่าสน,positive
55 จุดไป,neutral
โกๆๆ,neutral
แพงไปกินชาบูดีกว่าไหม,negative
ป๋องดำ กินเเล้วเฉยๆ มาก,neutral
อบได้ครับผม แต่ก้อนไม่แนะเป็นชื้นใหญ่มากนะครับ จะได้อบอย่างทั่วถึง :),neutral
ใต้หวัน555,neutral
ใช้ Honda มาตลอดค่ะสุดยอดมากๆมั่นใจปลอดภัยทุกการขับขี่ รถใหม่คันต่อไปก็ต้อง Honda,positive
เห็นรูปหมูบาบีก้อนแล้วขนลุก จะอ้วก,negative
ว่างงก่อนนน,neutral
ที่ไม่นิยมเอามาทำแท็กซี่ เพราะ Honda เอามาติดแก๊สแล้วเครื่องจะปัญหาเยอะ,negative
(แจกๆๆคะ8แท่งของขวัญสงกรานต์) ลิปบาล์มกลิ่นพีช จากสารสกัดธรรมชาติอุดมด้วยวิตามินอี ช่วยให้ริมฝีปากอวบอิ่ม นุ่ม ชุ่มชื้นยาวนาน ทาแล้วฟิน ชอบมากๆ กติกา 1.ไลค์และแชร์เป็นสาธารณะ 2.กดไลค์เพจ Charleebrand_thailand 3.กด see frist เพจ เมคอัพ 4.แท๊กเพื่อน 1 คนในคอมเมนท์ แปะหลักฐานไว้นะคะ ประกาศผล วันที่ 10 เมษาค่า ขอให้โชคดีกันน่า คัดรางวัลจากลูกเพจที่น่ารักๆมีส่วนร่วมตลอดๆนะคะ,positive
ไม่ว่าสาวๆ จะมีไลฟ์สไตล์แบบไหน ANESSA Perfect UV Sunscreen Skincare Milk SPF50+ PA++ ก็ยังเป็นตัวช่วยสำคัญในการปกป้องผิวจากแสงแดดในทุกกิจกรรม ด้วยเทคโนโลยี Aqua Booster EX ยิ่งโดนน้ำหรือเหงื่อก็ยิ่งเพิ่มประสิทธิภาพการกันแดด พร้อมเพิ่มสารบำรุงผิว 50% ช่วยปกป้อง พร้อมบำรุงในทุกวัน ANESSA Sunscreen ANESSAThailand ANESSABeautySuncare,neutral
บลัชออนน้ำของอินนิสฟรีนี้มาแพคเกจเดียวกับยาทาเล็บของเนเจอร์เลยอ่ะ แง้ กลัวเบลอๆรีบๆแล้วหยิบใช้ผิด,negative
ขอนแก่นและจังหวัดใกล้เคียง ไม่ต้องตั้งตารออีกแล้วว !! เพราะวันศุกร์ที่ 19 นี้ LOMOSONIC และ Tabasco’s พร้อมศิลปินท่านอื่นแบบ 6 ชม.เต็ม มากันเยอะๆนะ แล้วเจอกันที่ตลาดอู้ฟู่ จังหวัดขอนแก่น *ประตูเปิดเวลา 16.00 น. **ขอสงวนสิทธิ์การเข้างานสำหรับผู้ที่อายุ 20 ปีบริบูรณ์ขึ้นไปเท่านั้น BLENFESLIVEPROJECT BLEND285 BLENFES FindYourJoy ชีวิตดีเรามีได้ ใช้ชีวิตให้กลมกล่อม,neutral
แจกชุดใหญ่ไฟกระพริบเลยนะ ถ้าได้หมดนี้ จะดีใจมาก ๆ เลย มาร่วมสนุกด้วยกันนะ Narin Phusimuanh เรนท์' เจ้อร์. (Phetratree Maneesri) Fon Rain ***ทำตามกติกาเรียบร้อยแล้วค่ะ Like & share ติดตาม IG In2it เรียบร้อยค่ะ,neutral
คุนแม่หิวจัดเลยนะช่วงนี้,positive
ปวดหัวอีกละ55,neutral
ฟังอยู่บ้าน แล้วเปิดกระป๋องดำก็เหมือนไปนอกโลกแล้วว😮😮,positive
อยากสวยแบบนี้ได้มั้ยแอดมิน โครงหน้า กับ ตาแบบอั้ม พัชราภา จมูกอั้ม พัชราภา แววตาแบบ ต่ายเพ็ญพักตร์ หน้าผากแบบมาช่า หุ่นและเรียวขาแบบปูไปรยา หน้าอกแบบกระแต ศุภักษร ขอให้ตื่นตาข้ามคืนแบบนี้เลยคะ สาธุ มาส์กโชสวยข้ามคืน cho_cosmetics daradaily ดาราเดลี่,neutral
พากุพักก่อนกะดีน่ะ. อ้วนหลาย,negative
เมื่อไหร่จะจำว่าแพ้โซฟี ฮึก,negative
"รู้จัก RX-7 อย่างถึงกึ๋น รวมทุกเรื่องที่คุณต้องรู้ ถ้าคุณรัก ""MAZDA RX-7 FD3S"" อ่านจบเอาไปโม้ได้เลย ว่าเป็นแฟนตัวจริง !! Reed it More : 90’s The Golden Era of JAP Sport Epic III",neutral
เลี้ยงเขาเน่อ,neutral
หัวร้อนพนักงานอีทูดี้สาขาแฟชั่นโว้ย,negative
ขอราคาCX-3 1.5L และมาสด้า 2 1.5L คับ,neutral
ไปเชียงรายนี่แดกอะไรไม่รู้ แต่ที่รู้ๆคือเรดผสมโค้ก(..),negative
บุหรี่ไฟฟ้าโทษยังหนักกวา,negative
ผมว่าไม่หน้าใช่นะ งั้นพวก พรีอุส กับ mu-7 ก็ต้องแปลงเป็นเครื่อง 1.6 หมดอะสิ,neutral
show dc รีบเอาทัวร์จีนมาลงจัง ห้างยังเปิดไม่หมดเลย,negative
มีคนมาถามด้วยว่าเบทาโกรขายเนื้อวัวด้วยเหรอออ อันนี้จับใจความได้ว่าบาบีก้อนใช้เนื้อวัวนำเข้า แต่ส่งเนื้อวัวที่เป็นประเด็นนี้ไปตรวจแลปเบทาโกรไง เบทาโกรไม่ได้ขายเนื้อวัวนิ,negative
เออพนเลย,neutral
น่าเนะ 😂,neutral
พนักงานสาขาห้วยขวางน่ารักมากกก แงงง 🍕,positive
เดียวกูนุ่งชุดไทยแบบงานแต่งไปแม่งเลย 555,negative
บุ๋มชอบของการ์นิเย่สีเหลืองค่ะ เช็ดสะอาดดี ผิวไม่แห้ง แต่กลิ่นน้ำหอมแรงไปนิสจ้า,negative
บอกตรงๆ ขายแพงทุกรายการ แต่อร่อยมากเข้าใจค่ะ เศรษฐกิจไม่ดีค่ะเลยทานได้ไม่บ่อยนะ ปรับราคาลง หรือมีโปรบ่อยๆก็คงดี,positive
บุหรี่ไฟฟ้าแค่พกก็โดนจับนะครับ,negative
ก้อนขอบพระคุณแทนน้องพนักงานมากๆเลยนะคร้าบ <3 :),neutral
ไม่เห็นด้วยกับการแซะคนมีแฟนในวันวาเลนไทน์ ลองนึกถึงใจคนอื่นว่าเค้าเป็นแฟนกันทั้งปีได้ดอกไม้ช่อเดียว แต่เราได้เงินทุกครั้งนะคะ,neutral
ตู้หูวว,positive
💕💵สินค้าเข้าเพิ่ม กลิ่นผมหอมๆ นุ่มๆ💕💵 ผมหอม นุ่ม มีชัยไปกว่าครึ่ง หอมกลิ่นพีชอุ่นๆ ไหนมาดมผมหน่อยสิ ที่รัก💕 Etude House Wonder Fun Park Hair Perfume Mist 120ml. สเปร์ยฉีดผมกลิ่นพีชหอม หวานที่ทั้งช่วยบำรุงผมและมอบความชุ่มชื่นให้แก่ผม ได้เป็นอย่างดี 😍😍 💕📲ราคา280฿เท่านั่น💕📲,neutral
มาไวๆ ไม่งั้นซีวิคกินเรียบ,neutral
ปกตินี่จะไม่ใช้น้ำหอมที่กลิ่นฉุนจนเวียนหัวอ่ะ ใช้ได้แต่พวกกลิ่นแป้งเด็ก ชอบสุดคือของ bvlgari (แต่ไม่ค่อยทนเพราะอากา…,negative
เคร ต่อไปเลี้ยงผมน่ะ😛,neutral
ใครอ้วน ไม่มีนะ,neutral
ล้อเล่นน่ากูก็ไม่ค่อยกินหรอกแอลอ่ะแดกแค่ฟลูมูน/สปายแค่นี้เอง,neutral
พึ่งไปหาหมอมา แม่เป็นมะเร็งตับอ่อน ให้เคมีวันจันค่ะ😢 พยายามทำตัวเป็นปกติ ฝืนความรู้สึกข้างในมาก,neutral
"มีภาพแชร์กันว่า Ranger RAPTOR ราคา 1,699,000 บาท จากหน้าเว็บ Ford ประเทศไทย ขอชี้แจงว่ายังไม่มีการประกาศราคาของ Ranger RAPTOR ใดๆทั้งสิ้นครับ เป็นเพียงภาพตัดต่อ",neutral
ต้องเป็นเด็กดีก่อนถึงจะเลี้ยง,neutral
ลูกค้าต้องใส่ตัวอักษรที่เป็น MK ด้วยนะคะ ^^,neutral
แบบนี้ดีไหมหนอ ส้มๆพีชๆ สดใสๆ 🍅🍊🍑🍋 **ลุคนี้ตากับแก้ม ใช้บลัชออนสีใหม่จาก 4U2 Cosmetics สี S11 เดี๋ยวมาสว็อชสีอื่นๆให้ชมอีกค่า,neutral
ต่ายเลี้ยง??,positive
เหี้ยเอ้ย ต่อไปจะไม่รอใครพาไปซื้อละ ล่าสุดจะมาซื้อกันแดดmizumi อีนี่ก็หมดโปร1/1พอไป laneige ครุชชั่นบรัชlimitetหมด…,negative
งั้นนุ้งอย่าลืมแวะมาสั่งกันนะคะ ^^,neutral
อันตลายต่อกรมสรรพสามิตร,neutral
จะเห็นรีโว่จัดส่วนลดแตะหลักแสน อิอิ,neutral
แอปของกรมการขนส่งอันนี้ดี คือกดแจ้งร้องเรียนปุ๊บ อีกไม่กี่นาทีคือมีเจ้าหน้าที่โทรมาสอบถามรายละเอียดเพิ่มทันทีเลย อ่ะก็รอดูว่าส่งเรื่องไปแล้วจะเป็นยังไง แต่นั่นแหละค่ะ แท็กซี่ดีๆมีเยอะ อย่าปล่อยให้แท็กซี่ไม่ดีมาทำเสียหมดเนอะ รีพอร์ตไปค่ะ มีช่องทางแจ้งได้ไม่ยากละ,neutral
ใครถูกหวย อย่าลืมหงส์ทองผมนะคับ1ชวด 😂😂😂,neutral
วันนี้สาขา เซนฯแจ้งประมาณ 18.30 เติมของช้ามากๆ ผักหมดไปเกือบ20นาที กวางตุ้งหมด มาเติมก็เกือบจะอิ่มแล้ว โซนอาหารนานาชาติก็ว่างไป2พอต แถมไก่ย่างยังซ้ำอีก เหลือของไม่กี่อย่าง,negative
บางทีเราอาจไม่รู้ว่าเรามีรอยโรคหรือไม่ จนกว่าจะได้ตรวจ เจอเร็วมีโอกาสรักษาได้ดีกว่า Venus Dao ตรวจคัดกรองมะเร็งเต้านมที่โรงพยาบาลพญาไท2,neutral
“MG-ZS Vs Honda BR-V” Ep.2 จัดรถค่ายญี่ปุ่นมาแลกหมัดที่ชั้นเชิงเหมือนจะแตกต่าง..แต่แท้จริงก็พร้อมลุยได้เหมือนกันในราคาที่เกือบจะเท่ากับ.. “โจทย์นี้จะเลือกเป็นผู้ดีอังกฤษ หรือ กินปลาดิบเมืองญี่ปุ่น” ฅ-คนรักรถ อาทิตย์ ที่ 4 มีนาคม 2561..บ่ายโมงตรง ช่อง 1( ททบ.5) และ Facebook Live ฅคนรักรถCarlover TV5HD1,neutral
โรงพยาบาลสมิติเวช ร่วมกับ สโมสรบุรีรัมย์ ยูไนเต็ด จัดกิจกรรมดีๆ ตรวจโรคกระดูกหลังคดฟรี!! โดยแพทย์ผู้เชี่ยวชาญ (ใช้เวลาสั้นๆ ไม่เกิน 3 นาที เพื่อรู้ทันโรคร้าย ก่อนที่จะสายเกินไป) ผู้ปกครองอย่าลืมพาน้องๆ อายุ 3-15 ปี มาร่วมกิจกรรมได้ ในวันที่ 8 พ.ย. นี้ ตั้งแต่เวลา 15:00 น. เป็นต้นไป ณ บริเวณหน้าสนาม ไอ-โมบาย สเตเดียม .. 8 พ.ย. 60 (TTL-32) บุรีรัมย์ ยูไนเต็ด VS บีอีซี เทโรศาสน 19:00 น. สนาม ไอ-โมบาย สเตเดียม . . . . . BuriramUnited BRUTD BecTeroSasana BECTERO ToyotaThaiLeague2017 TTL2017 GU12 StrikeBack2017 . . . . .,neutral
แพงกว่า fortuner mu x เอเวอเรส อีก,negative
คนเดียวคนเดิมคนไหนน้อ,neutral
ตั้งแต่เลิกคุยกับคนนั้นไปก็มีเงินเหลือเก็บ และขนมในห้องก็เหลือ โฮกาเดนโรเซ่เหลือ คือดี ไปเถิดมึง อยุ่แล้วเอาเปรียบหลแกแดกกันขนาดนี้ เห็นแกตัวอีก,negative
แน่นวลลล,neutral
ไม่มีขั้นต่ำค่ะ ^^,neutral
น้ำมันเหมือนน้ำกรองอ่ะ เลยไม่ชอบดื่ม - - นี่ไม่เกี่ยว ยี่ห้อ นะ แต่ถ้า น้ำไม่มีรสปะแล่มๆ เหมือนสิงห์ไม่ดื่ม 😂😂,negative
ตอนนี้เหรอ,neutral
แพหรือพอด,neutral
ดื่มเครื่องดื่มลีโอไปด้วยดูซูปอัพไปด้วยได้เลยพี่ 😁😁😁,neutral
นึกถึง แสงโสม ถังน้ำแข็งกับแก้วสองใบครับ,neutral
"ไม่มีพิดโลก,พิจิตร",neutral
วันนี้ไปทาน mk มา ตั้งใจไปทานเพราะอยากได้รูป เพราะได้มาทุกๆ ปี แต่เสียใจไม่เห็นพนักงานมาถ่ายรูปให้เลยค่ะ 😓😓😓,negative
5 อาหารชะลอวัย ที่ทำให้หน้าเด็กสวนทางอายุ LINE : -center,neutral
แค่สปายอะตอนนั้น ปวดกบาลไปทั้งวัน ไม่หร่อย ไม่ชอบ ไม่แดกแล้ว55,negative
ฮุนได,neutral
แนะนำเลยร้านนี้บรรยากาศ​ชิวๆ​ อาหารอร่อย​มีตั้งแต่ซูซิ​ สเต็ก​ ปิ้งย่าง​ อาหารเริสมากต้องมากโดนจริงๆ​ เบียร์อร่อย​ มากันเยอะๆจ้า​ ร้านชื่อsaltland เด้อหาในเฟสโลด รีวิวอุดร รีวิวอีสาน,positive
ออเจ้า ออเจ้า,neutral
เบียร์ระดมกิมมิกแรงส์ปลุกยอด ไฮเนเก้นรุกสายปาร์ตี้เสิร์ฟดีลิเวอรี่ถึงบ้าน,neutral
เคยลองเอาลีโอทำ ออกหวานๆ(ใส่เยอะไปหน่อย) แต่มีเท็กเจอร์ในการกินหนึบๆ เคี้ยวได้ ช้างน่าจะเหมาะกว่า,positive
เบียร์ ลีโอ ชุด299 พอ วันนั้นกูไปกิน 499 กินไม่หมด,neutral
ในวันนั้นที่เราไป เทอมินอล อเวนิวรัชโยธินก้มี ชี้เป้าโดยนความผิดไปที่นภัสสรคะ,neutral
ราคานี้คือ net ใช่มั้ยคะ,neutral
ไปฉลองก่อนเปิดเทอม,neutral
กลับมาจะเลี้ยง,positive
หยุด 3 วันต้องโดนสักวัน,neutral
พาไปกินหน่อยย,positive
🛁🛁ล้างหน้าอย่างเดียวไม่พอนะ!!! ในแต่ละวัน หน้าต้องเจออะไรมากมาย ทั้งแต่งหน้า ฝุ่นควันต่างๆ.🚿 ล้างอย่างเดียวอาจเป็นที่สะสมของแบคทีเรียได้ ✅✅มาร์ค& สครับหน้าใสไข่มุกอโรเวร่า. Byศริญญา หน้าใสสะอาดนุ่มขึ้นตั้งแต่ครั้งแรกที่ใช้คะ💕 คนท้องก็ใช้ได้น่ะค่ะ...ปลอดภัยแน่นอน💯💯💯,negative
แร้วจะได้กินมั้ยย 55,neutral
ใครตัวต้นคิดกินบาบีก้อนละ,neutral
ต้องจัดล้าวละ55 เพิ่งจัดเอ็มเคไปวันนี้👍🏻,positive
ผิดหวังกะเอ็มเค รอบก่อนชาชีส ละลายรวมกันมาเลย 55,negative
พรีอุส ทำไว้ดีครับ ทนทาน ปัญหาน้อย,positive
วาเลนไทน์ไม่สำคัญ เพราะได้กันตั้งแต่ลอยกระทง,neutral
งื้ออ,neutral
ก็เอาตังมาเดี๋ยวเลี้ยง55,neutral
ปะเทศไทยมันโงพวกโง่เลือกมา,negative
ไปป,positive
ผมก็ชอบดื่มสิงห์แต่ไม่บ่อย ส่วนมากก็ลีโอ ช้าง เพราะถูกกว่า,positive
tint ของ etude ค่า เมื่อก่อนทำอะไรไม่เป็น ทาปากเป็นอย่างเดียว 😂,negative
พ่อเป็นคนตลก 55 พ่อไม่ควรร้องเพลงพ่อควรเปึนานกก็พอ 😂 ฟ้ารักพ่อเพราะนโยบายของพ่อ ฟ้ารักพ่อ อนาคตใหม่ พรรคอนาคตใหม่ เลือกตั้ง62 pic.twitter.com/QqHKGhu0QP,positive
รสชาติเป็นไงพี่ กลิ่นแรงปะ ว่าจะลอง,neutral
มีมาเมื่อวานหรอ,neutral
นี้ก็น่าสนใจ~,positive
ของดีๆ นิสสันไม่ค่อยนำเข้าหรอก รอจนตลาดวายแล้วถึงนึกได้ว่ามีของดีอยู่ การตลาดห่วยระดับโลก,negative
อามือพี่ลั่นไปเอง โอะโอย,negative
อยากมั้ยถามใจดู,neutral
มี 2 สาขาค่ะ -สะพานควาย -show Dc,neutral
เพื่อนถามโซจูอร่อยไหม?เหมือนเหล้าขาวไหม?นี่ไม่เคยกินเหล้าขาวแบบเพียวเลยบอกว่ารสชาตดีกว่าหงส์ทองเพียว เพื่อนแม่งไม่เคยกินเหล้าเพียวอีก โวะ,negative
นี่เลยค่ะเครื่องสำอางชิ้นแรกของชีวิต😻 พาเลทแต่งหน้า จาก แบรนด์ Mistine ค่ะ แบรนด์แรกของเรา👌 ตลับนี้เป็นทั้งอายแชโดว บลัชออน ไฮไลท์ เฉดดิ้ง แถมยังมีลิปกลอสแถมมาให้ในราคาแค่หลักร้อยเองค่ะ แถมสีสวยมากๆ ตอนเด็กๆไม่ชอบแต่งหน้าเลย แต่พอได้ใช้พาเลทแต่งหน้าตลับนี้ของMistine รู้สึกว่าการแต่งหน้าไม่ได้ยากอย่างที่คิด แถมเริ่มมีความมั่นใจเพิ่มมากขึ้น ใช้ตั้งแต่หัดแต่งหน้าแรกๆ ตอนนี้ก็ยังใช้อยู่ รักนางมากก กระจกใหญ่และชัดมากๆๆ ใช้จนเป็นหลุมเป็นบ่อ55 นางคือตลับที่พกไปไหนมาไหนบ่อยที่สุดเลยค่ะ ทิ้งนางไม่ลง😥 เลิฟๆเลยค่ะ รักครั้งแรกของเรา❤❤❤ LASHESSactivity,positive
"Honda ""Jazz 2014"" รุ่น RS เลยค่ะ รักมากคันนี้ นอกจากสี ""Brilliant Sporty Blue "" อันโดดเด่นทำให้ดูสะดุดตาแล้ว ช่วงที่รถออกใหม่ๆ honda เป็นยี่ห้อแรกๆที่มี ""กล้องมองหลัง"" ออกมา ซึ่งถือว่าเป็นฟังก์ชั่นที่ช่วยให้มือใหม่อุ่นใจเวลาเข้าจอด อีกทั้งยังมีโหมด ""econ"" ซึ่งช่วยในการประหยัดน้ำมัน ครบเครื่องขนาดนี้ทั้งดีไซน์สวย ขับขี่ปลอดภัย อุ่นใจ ประหยัดน้ำมัน จะให้ไปรักคันอื่นได้ยังไง รักฮอนด้าขนาดนี้..ฮอนด้าจะไม่รักกลับหน่อยหรอ?? ไปค่ะ ไปตามติ่งกัน ติ่งที่รัก Hondaที่เลิฟ",positive
เดินทางออกนอกประเทศสามารถนำไปแล้วนำกลับมาได้ไหมคับ,neutral
โตโยต้านนทบุรี inbox ผมด้วย,neutral
Mazda ปูแพลนเทคโนโลยี Skyactiv-3 ด้วยเครื่องยนต์เบนซินมลพิษต่ำ เคียงกับรถยนต์ไฟฟ้า,neutral
แอดยังไม่มีหมูเลี้ยงเลยค่ะ แต่วิธีนี้work จริงๆ เพื่อนแอดตระเวนเอาไก่ไปเดินในห้างแถวหน้าร้านเคเอฟซี แมคโดนัล ได้ผลมากๆ55,neutral
บาบิก้อนไม่เท่าไหร่ หมูกระทะข้างทางเนี่ย เสี่ยงกว่าอีกไอชิบหาย นี่ไม่ดูอะ แดกอย่างเดียว - -,negative
รอติดตามนะคะ ^^,neutral
คืนเลยครับ สั่งติดมัน ได้ติดมันจริงๆ,neutral
ขอเชิญลูกค้าทุกท่าน ร่วมกันบริจาค ขวดแก้ว ขวดพลาสติก กระป๋องอลูมิเนียม เพื่อนำรายได้ไปทำประโยชน์และช่วยเหลือสังคม ลูกค้าสามารถบริจาคได้ที่จุดรับบริจาค บริเวณหน้าศูนย์บริการ ทุกสาขา ขยะในมือของทุกท่านจะมีคุณค่า..หากนำมาร่วมทำบุญกับพิธานฯ toyota chr vios revo vigo altis camry yaris ativ fortuner sienta avanza innova commuter hiace alphard ventury vellfire phithanbkk ❤️ลูกค้าคือหัวใจ...พิธานฯใส่ใจให้บริการ❤️,neutral
สั่งจองล่วงหน้าก่อนนะคะ ^^,neutral
ตื่นๆ ไปกินข้าวกัน,neutral
คุณพรี่ขา Armani Beauty มาไทยอย่างเป็นทางการครบทั้งไลน์ไม่ต้องฝากหิ้วให้เหนื่อยแล้วนะคะ 4 พค นี้ central ladprao เป็นที่แรกเลย อย่าลืมไปเจิมกัน cushion สีแดง รองพื้น luminous silk ลิพจิ้มจุ่มเบอร์ 400 นี่คือของที่คุณพรี ไม่ควรพลาดค่ะ armanibeauty armanibeautythailand,neutral
สาขาที่ร่วมรายการมีดังนี้ค่ะ บิ๊กซี แจ้งวัฒนะ บิ๊กซี แจ้งวัฒนะ (2) (5 แยกปากเกร็ด) เซ็นทรัล แจ้งวัฒนะ ^^,neutral
อันนี้น่ารักเหมือนหนังรถไฟฟ้าเลย55,positive
รอกับจากระยองก่อน,neutral
วันนี้ไปกินที่ฮอตพอทที่สาขาบิ๊กซีราชดำริมา สั่งน้ำซุปไป 4 อย่าง หมาล่า ต้มยำ สุกี้ญี่ปุ่น และต้มซุปเปอร์ สิ่งที่ได้คือ น้ำซุปซุปเปอร์จืดๆ จืดแบบน้ำเปล่าเลย จึงถามกับพนง ไปว่าทำไมจืดทำไมรสชาติแบบนี้ ปกติที่เคยกินมันจะออกเปรี้ยว มีพริกใสไรงี้ พนง ก็เดินไปเอาพริกมาให้เรา คือ? ที่เราบอกไปเราจะให้ไปเช็คว่าทำไมน้ำซุปมันไม่มีรสชาติอะไรเลย พนงถามเรากลับถามว่าให้ทำไงคะ เราก็อ้าว พี่ไม่ชิมหรือเช็คหน้อยหรอว่าทำไมรสชาติแบบนี้ พนงก็พูดคำเดิมว่าให้ทำยังไง แล้วก็เอาหม้อเราไปเปลี่ยน สักพักเดินกลับมาถามว่าเปลี่ยนเป็นน้ำซุปอื่นแทนได้มั๊ย เราเลยถามกลับไปแล้วซุปเปอร์ล่ะ พนง บอกว่าหัวเชื้อที่ผสมมันหมด รสชาติเลยเป็นแบบนั้น คืออะไรหรอคะ หัวเชื้อหมด แล้วให้ลูกค้ากินน้ำเปล่างี้หรอ แล้วทำไมไม่บอกว่าของหมด เราก็ไม่สั่งแล้วป่ะ แล้วตลอดเวลาที่เกิดเรื่องมีพนง ออกมาจากครัวมายืนมองโต๊ะเราตลอดเวลา ทำแบบนี้กับลูกค้าก็ได้หรอคะ?? และเวลาที่เสียไปกับการรอการแก้ปัญหาจากทางร้านก็ไม่ได้ทดเวลาให้ อันนี้ช่างมัน อ้อ ลืมอีกเรื่องนั่งกินอยู่แล้วมีเบบี๋แมลงสาบออกมาเดินเล่นอยู่ข้างโต๊ะ ฝากดูแลน้องด้วยนะคะ ปล. เหตุเกิดจากซุปซุปเปอร์นะคะ hotpotbufHot,negative
คิดถึง Clarins จะนึกถึงผลิตภัณฑ์สกิน แคร์ เครื่องสำอางที่มีคุณภาพ จากประเทศฝรั่งเศสที่ทำให้ผู้หญิงทุกคนสวย อ่อนโยนต่อผิวมีหลายสูตรให้เลือกดีต่อผิว Clarins lnstantLightLipComfortOil,neutral
มาเด้อ ว่าเติมเต็มคำว่าเพื่อน 555,positive
ใช้กานีเย่ไม่ได้อ่ะเจ้,negative
น้องเบียร์ น้องช้าง น้องลีโอ น้องสิงห์ น้องลีเจนซี่ น้อง40ดีกรี น้องน้ำแข็ง น้องแก้ว น้องโซดา,neutral
จัดไหมก่อนกลับ หิวว,neutral
มาแบบนี้ มาสด้าโดนก่อนเลย,neutral
จริงหรือไม่ที่ รถHRVคันนี้ เกิดอุบัติเหตุครอนข้างหนัก ทำการจัดซ่อมแต่คงคืนสภาพเดิมแบบป้ายแดงได้ยาก ทางเจ้าของรถเลยมาประท้วงเพราะต้องการให้บ.ฮินด้าซื้อคืนเงินเต็มราคาที่เขาซิ้อมาจากโชว์รูม ถ้าเป็นแบบนี้จริง อุบาต์ทมากๆ แต่ถ้าข่าวนี้ไม่จริง ฮอนด้าคงเดินตกหลุมแบบอีกยี่ห้อนึงแน่นอน,neutral
ในปีนี้ได้เห็นการขยับตัวของ “สิงห์” อย่างบ่อยครั้ง เมื่อไม่นานมานี้ก็ได้เปิดตัว Singha Ventures เฟ้นหาสตาร์ทอัพเพื่อนำเทคโนโลยีมาต่อยอดธุรกิจของสิงห์ . มาถึงโปรเจ็คต์ล่าสุดในเรื่องอาหาร ถึงคราวทายาทคนน้องอย่าง “ต็อด-ปิติ ภิรมย์ภักดี” เข้ามาบริหารโปรเจ็คต์ยักษ์กับ บริษัท ฟู้ด แฟคเตอร์ จำกัด . การเปิดฟู้ด แฟคเตอร์ในครั้งนี้เป็นการขยายธุรกิจอาหารของสิงห์แบบเชิงรุก ที่ผ่านมามีการจับมือร่วมกับพันธมิตรบ้าง และมีการซื้อกิจการมาบ้าง แต่ก็ยังไม่เห็นเป็นภาพใหญ่เท่าที่ควร ซึ่งฟู้ด แพคเตอร์จะเข้ามาสร้างเครือข่ายการดำเนินธุรกิจอาหาร ทั้งตลาดภายในไทยและต่างประเทศ อ่านข่าวเต็มๆ ต่อที่นี่ Singha FoodFactors Brandinside,neutral
"ถ้าเป็ดย่างเอ็มเคน้ำจิ้มต้องน้ำจิ้มสุกี้ เพิ่มพริก,กระเทียมนะอือออ.. มันเป็นความชอบส่วนตัวของเราเอง",positive
"ทางเจ้าหน้าที่โรงพยาบาลพญาไท 1 แจ้งรายละเอียดมาดังนี้ค่ะ เนื่องจากในการทำ MRI จะต้องระบุตำแหน่งด้วยแพทย์หลังจากการตรวจร่างกาย 1. MRI เข่า มีราคา promotion 8,000 บ ( ราคาปกติ 13,500 ) ต่อ 1 ข้าง 2. ข้อเท้า ราคา 13,500 ไม่มี promotion ต่อ 1 ข้าง *ราคานี้ไม่รวมการฉีดสีนะคะ หากแพทย์ MRI พิจารณาให้ฉีด ถ้าเป็นช่วงระหว่างเข่าลงไปคงต้องให้แพทย์เป็นผู้พิจารณาในการตรวจร่างกายค่ะ",neutral
ผมจะกลับบ้านที่ต่างจะหวัดจะเอาไปได้ไหมครับเพราะตอนนี้ข่าวเยอะมากเลยครับ,neutral
ฝนหยุดตกเเว้ว วันนี้มาชิลกับน้องๆสาวเบียร์ช้าง ตลาดหลบมุม Vintage night Barzaarขุขันธ์ ดึกๆค่อยม่วนกันต่อด้านในโซนโรงเบียร์จ้ะ,positive
ขอเหล้าขวดนึงไม่เอา 285,negative
เลี้ยงหร่อย,neutral
แสงโสมมม,neutral
Breezer 250.- ก็มาา ... 😂😭,negative
เบียร์ช้างอ่ะ ไม่เอา555,negative
เอายาริสไปทำเครื่อง 1.5 มาก่อนถะ,neutral
จำได้ตอนเป็นเด็กเขาขายเบียร์ช้างช่วงแรก ๆ 3 ขวดร้อย,neutral
คุณสมบัติของ Bioré UV AQUA Rich Watery Essence ที่ชอบคือ เป็นกันแดดสูตรน้ำ บางเบาพิเศษ เพิ่มประสิทธิภาพการปกป้องสูงสุด ยาวนานกว่าเดิม คูณ 2 ด้วยสูตรใหม่กันน้ำและเหงื่อ ไม่กลัวแก่ ไม่แคร์แดด ด้วย PA++ ให้การปกป้อง UVA สูงสุด ไม่ให้ทำร้ายคอลลาเจน ผิวไม่แก่ก่อนวัย และปกป้องผิวได้ต่อเนื่องและยาวนาน ด้วยสูตรพิเศษ กันน้ำ กันเหงื่อ ที่สำคัญสามารถทาทับเมคอัพได้,neutral
จะเตือนตอนไหนครับ ตอนโจรกำลังใช้กุญแจผีเปิดรถหรอครับ,negative
หมอไม่ให้กินจ้า,negative
หมูทะ บิงชู ชาบู ช้าง ลีโอ แสงโสม,positive
ลาวบ่ให้ บ่มีเงินจักบาท,neutral
เคยใช้ของสมูทอีแล้วแพ้อะครับ สิวขึ้นกว่าเดิมอีก,negative
เผยข้อมูลของ SUV ขนาดกลาง NissanTerra Thaicarlover ข่าวรถยนต์ Nissan,neutral
ชัยภูมิราคาปกติ ดูลูก่อนมั้ยอยู่นิ่งๆให้15นาทีได้รึเปล่า555,positive
Honda Civic Type-R มาเฉลยความลับของท่อไอเสีย 3 ช่อง จะทำมาเพื่ออะไร มีคำตอบแล้ว,negative
ปกติจะไม่งัดมาส์คใต้ตาของชิเซโด้มาใช้เพราะแม่งแพง แต่ใต้ตากุตอนนี้ดำยิ่งกว่าตีน ไม่ไหวแล้ว,negative
“โรคซึมเศร้า” ชื่อโรคที่หลายคนเริ่มคุ้นหูจากคำเล่าลือว่า เมื่อเป็นแล้วจะมีอาการเครียดเศร้า และมีแนวโน้มทำให้คิดฆ่าตัวตาย! ที่สำคัญจำนวนผู้ป่วยด้วยโรคซึมเศร้าในปัจจุบันก็มีมากถึง 5-7% ของจำนวนประชากรเลยทีเดียว แม้จะเป็นอีกหนึ่งโรคฮิตที่ร้ายแรงถึงขั้นทำให้ผู้ป่วยคิดสั้นปลิดชีพตัวเอง แต่หลายคนกลับไม่รู้ตัวว่ากำลังป่วยด้วยโรคซึมเศร้าอยู่ โอกาสนี้เราเลยขอพาคุณไปเจาะลึกถึงเรื่องราวของโรคซึมเศร้า ว่าแท้จริงแล้วเกิดจากสาเหตุใด เมื่อเป็นโรคแล้วผู้ป่วยจะมีอาการอย่างไร และเราจะสามารถป้องกันโรคนี้ได้อย่างไร กับคุณหมอคนสวยอดีตนางสาวไทยปี 2542 พญ.อภิสมัย ศรีรังสรรค์ หรือคุณหมอเบิร์ท จิตแพทย์ประจำโรงพยาบาลศรีธัญญา “สาเหตุการฆ่าตัวตายที่พบได้บ่อย และคนไม่ค่อยทราบกันคือ เรื่องของโรคซึมเศร้า เนื่องจากมีคนจำนวนมาก ที่ป่วยเป็นโรคซึมเศร้าแต่ไม่รู้ว่าตัวเองป่วย ซึ่งหากป่วยแล้วปล่อยไว้นานๆ โดยไม่ได้รักษา ก็จะส่งผลให้คนไข้มีความคิดที่จะฆ่าตัวตายได้” คุณหมออภิสมัยเกริ่นนำถึงภัยร้ายแรงของโรคซึมเศร้า 9 พฤติกรรมบ่งบอกคุณกำลังเป็น“โรคซึมเศร้า”โดยไม่รู้ตัว! “ 1. อารมณ์ซึมเศร้า หงุดหงิด ก้าวร้าว 2. ขาดความสนใจสิ่งรอบข้าง 3. สมาธิเสีย คือ ไม่ค่อยมีสมาธิเวลาทำสิ่งต่างๆ 4. รู้สึกอ่อนเพลีย 5. เชื่องช้า ทำอะไรก็เชื่องช้าไปหมด 6. รับประทานอาหารมากขึ้น หรือรับประทานน้อยลง 7. นอนมากขึ้น หรือนอนน้อยลง 8. ตำหนิตัวเอง อันนี้เป็นเรื่องสำคัญ ที่พบได้มากในคนเป็นโรคซึมเศร้า 9. ฆ่าตัวตาย หากมีการพยายามฆ่าตัวตาย ก็ตั้งข้อสันนิษฐานได้เช่นกันว่า คนนั้นอาจเป็นโรคซึมเศร้า ทั้งนี้อาการของโรคซึมเศร้า ต้องมี 5 ใน 9 อย่างนี้นาน 2 สัปดาห์ติดต่อกัน” Airissophia Healthfoodsnetwork บริษัทผลิตภัณฑ์อาหารเพื่อสุขภาพจำกัด ธุรกิจเครือข่าย,neutral
เชียร์ Mazda2 ประหยัดน้ำมันมากๆๆ ไม่ผิดหวังเลยที่เลือก ไปเที่ยวได้แบบไม่ต้องกังวลค่าน้ำมัน...ถึงแม้เบาะหลังจะแคบไปหน่อยก็ให้อภัย,negative
เอาดิ วน,neutral
คัมรี่ไฮบริด ค่าใช้จ่ายเยอะครับ เมื่อนำเข้าศูนย์บริการแต่ละครั้ง และอัตราเร่งไม่ตอบสนองในการขับขี่ครับ ประเด็นสุดท้ายคือราคาขายต่อหายเยอะ พอๆกับรถยุโรปครับ,negative
ไปกันน,positive
โอยยจะอ้วกกับทวิตบาบิก้อนตั่งต่าง😭🤢,negative
ชอบhondacity 1500cc ซื้อมาแล้วคุ้มค่าคุ้มราคา สวยด้วย สวยมากๆมีแต่คนชม (ชมรถนะ) ไปดูหนังกัน ฮอนด้าที่รัก EnjoyHondaThailand,positive
"“ฟีเจอร์ใหม่-ไฮไลต์-อนาคต” 5 แพลตฟอร์ม Google, Facebook, LINE, Pantip Twitter จากเวที Thailand Zocial Awards 2019 อ่านต่อ >>",neutral
ศรีจันทร์ ลูมิเนสเซ้นส์ สเพลนเดอรัส อันเดอร์ เมคอัพ 30 มล. ทุกเฉด ได้รับคูปองส่วนลด 245 บาท ในโปรโมชั่น Watsons Beauty in Summer (29 มี.ค.- 25 เม.ย.61 ),neutral
ศุกร์ดีกว่าน้ะครับ วันนี้การบ้านเยอะจัดเลย จะออกไปทำงานด้วยครับ😅,neutral
เสานี้นะ,positive
ตำรวจยังดูดเลยบุหรี่ไฟฟ้า,negative
พร้อมเสมออ😁😁,positive
ดีแม็ก2007 กรองอากาศแท้กับกรองน้ำมันเครื่องแท้เท่าไรคับ,neutral
อยู่บ่ายแต่จะขอแลกเขาอะ,neutral
นั่งดูบุพเพสันนิวาศแล้วเห็นออเจ้าแดกกุ้งย่าง อิห่าหิวขึ้นมาทันทีเลยกู เข้า7-11หาอะไรหวานๆแดกกะกุ้งแม่งลงตัวเลย รอดไปอีกคืน ป๋องดำ // งิ้วเอง,negative
เครื่อง 1.8L civic ยังเป็น SOHC อยู่เลยครับ ทุกวันนี้รถทุกคันเป็น DOHC กันหมดแล้ว,negative
👉ประโยชน์ในการตรวจคัดกรองมะเร็งเต้านม👙ยิ่งตรวจพบเจอได้เร็วเท่าไหร่ ยิ่งมีโอกาส​รักษา​ให้หายเป็นปกติได้มากขึ้นเท่านั้นครับ👍 ตรวจคัดกรองมะเร็งเต้านมที่โรงพยาบาลพญาไท2,neutral
เราใช้โซฟีไม่ได้เลย ผื่นขึ้นก้น 😭,negative
สินค้าบนลาซาด้าที่ระบุว่าเป็นร้านค้าทางการ ที่จัดจำหน่ายโดยลาซาด้าเอง หรือจากร้านค้าปลีกที่เป็นที่รู้จัก เช่น Tesco Lotus ทางโอเลย์จัดส่งผลิตภัณฑ์ให้ทางลาซาด้าเอง เป็นของแท้แน่นอนค่า,neutral
เบื่อเธอมากพอกับการกินเอ็มเคทุกอาทิตย์เลย,negative
โอ้ยให้ถืกล้อตตารี่ก่อน ถ้าเลขออกก่อนสั้น,neutral
ShowDC งานดี เราเคยยย👍👍👍,positive
เออๆ,neutral
Mamonde กูจะหายไปสองแท่งไม่ได้นะ ประเด็นคือสีเหมือนกัน ครั้งแรกหายแล้วซื้อใหม่ แล้วหายอีก อีเวง,negative
"ผมบันใจ ให้ Honda ไปซื้อ civic แต่สิ่งที่ได้คือ 7 เดือนแบ็ตหมด ประตู มีรอยเชื่อมอย่างแรง ของเริ่มไปละครับ กระจก คนขับ กดลง แล้วมีเสียง ยางบัดน้ำฝน เสื่อมตอน 5,000 โล ทั้งๆที่รถ จอดในร่า ตลอด ไม่โทษใครครับเพราะเวลาซื้อ ไม่รอบคอบ แล้วช่วงนั้นมีตัวเลือกไม่เยอะ เพราะ มีแค่ M 3 อัลติส ตัดไปได้เลยครับ",negative
ผ้าอนามัยตัวนี้ต่างประเทศผลิตค่ะ แล้วต้นกัญชาก็มีประโยชน์เยอะมากเรียกว่าฉลาดประยุกต์มากๆ,positive
มันเป็นเอกลักษณ์ของ Nissan ไปแล้วนะครับ (ยกเว้น Note) 555,neutral
Cf 3CE สี 222 / 620,neutral
เป็นไงบ้างคะ,neutral
ขอบคุณของรางวัลมากนะคะ,positive
Kiehlของเขาดีจริงโหดจริง​ แต่ราคาก็โหดเหมือนกันนะ... *เลือดไหลมุมปาก* คือของดีแต่หนูไม่มีตังงค์,negative
ไออ้วน,neutral
บริโอ้ สวย,positive
ไม่รู้สิ จะเหมือนสเมอนอฟมั้ย,neutral
อะไหล่ honda และ PART jazz GD GE GK โหเล่นผมไปไม่เป็นเลยครับพี่^^ งานเข้าเยอะๆน่ะครับ สวัสดีปีใหม่ครับพี่^^,negative
สำหรับราคานี้ก็ถือว่าโอเคคับ,positive
รู้สึกว่าที่บ้านพลาดมากๆไม่น่ารีบออกpcxกับmazda2เลยอะตัวปีนี้สวยกว่าเยอะ😭,negative
หวังว่า show dc คงไม่ตุ๋นเราอีก,negative
ละลายภาพลีโอเบียร์ผู้ว่ามาเป็นวัยรุ่นมันส์ ซะเลย,neutral
ต้องไหม,neutral
ทนายคลายทุกข์..ท่านได้กล่าวไว้ครับ!,neutral
เวเนซุเอล่า ไฟดับกว่า 70% ของทั้งประเทศมา 6 วัน!!! ประชาชนเอาธนบัตรมาโปรย/เผาทิ้ง เพราะไร้ค่า ไม่สามารถเอาไปใช้บริการสาธารณะอะไรได้แล้ว น้ำไม่มีให้ใช้/ดื่ม จนต้องเอาภาชนะมารองจากแหล่งน้ำและท่อระบายน้ำแทน หนักหนามากๆ Venezuela,neutral
คุณแป้งเห็นน้องที่ออฟฟิตใช้ แล้วหน้าดี เลยให้คุณเลขาไปซื้อมาลองใช้บ้าง ปรากฏว่า ใช้แล้วดี ผิวหน้าดีขึ้นจริง Snailwhite Gold มีสารสกัดเมือกหอยทากและสารสกัดจากสาหร่ายสีแดง ฟื้นคืนความอ่อนเยาว์ เพิ่มความชุ่มชื่น เพื่อผิวหน้ากระชับเรียบเนียน เปล่งปลั่ง ช่วยให้ผิวมีสุขภาพดี แล้วคุณแป้งได้ไปรู้จักกับทางเจ้าของแบรนด์ snail white เลยเชิญมาเป็น Presenter,neutral
น่าโดนจังเลย,positive
สู้ครับพีผมเป็นกำลังใจให้ครับ ผมกำลังจะเลิกบุหรีครับ,positive
Wet n Wild MegaGlo Highlighting Powder ไฮไลท์เนื้อเนียน ด้วยชิมเมอร์ขนาดเล็กพิเศษ ให้ฝบหน้าดูโกลว์อย่างเป็นธรรมชาติ ต้องรีบไปตำกัวนะคะสาวๆ E321B E322B Crown of My Capony ราคาตลับละ 390 บาท สั่งซื้อทางระบบ Line@ ได้ที่ หรือ Web Site :,neutral
กูจะเลิกแดกบาคาดี้ตลอดกาล!!,negative
เจ้าพ่อตลาดวายว่าไงจ๊ะ พอมีรถสวยๆ พอที่จะเอามาสู้กับคู่แข่งได้เนี่ย จะเอามาขายก่อนเค้ามั๊ย ตอนนี้ Camry เค้าก็อ่อนข้อให้แล้ว ไม่เอามาขายก่อน ส่วน accord เค้าก็สงสารเห็นว่าเป็นยุ่นเหมือนกัน ค่อยเอามาขายโน้นเผลอๆ จะปีหน้า นิสสันไทยแลนด์จะหยิ่ง ยืนหยัดเป็นเจ้าพ่อตลาดวายต่อไปหรือ โปรดติดตามชมคร้าบบ,neutral
ไม่ค่อยได้ยิน,neutral
ลองม่ะ??,neutral
"ฝนตก..ยิ่งนึกถึงทีไรก็ยิ่งชุ่มฉ่ำอุ่นในหัวใจ แม้ว่าคืนนี้อากาศจะ""หนาว""สักเท่าไหร่ ก็ขอฝากลมฝนช่วยเป็นสื่อให้เธอรู้ ว่าฉันคิดถึง.. อยากไป Overcoat Music Festival เพราะงานดนตรีนี้มีศิลปินดีโดนใจหลายวง และมีเครื่องดื่มชั้นดีอย่างช้างไว้ดื่มแก้หนาวอีก อากาศจะหนาวแค่ไหนก็ไม่หวั่นค่ะ",positive
ไม่ทัน จบนะ,negative
✌️✌️✌️สู้ๆครับ,positive
อะ… รู้ว่าเหนื่อย เอา Absolut & Lime แก้วนี้ไปดื่มให้สดชื่นก่อนละกัน Absolut AbsolutThailand,positive
"!! โอกาศสุดท้ายแล้วที่จะจับจองบัตรได้ที่ 7-11 ทุกสาขา ราคาเพียง 500 บาท เข้าได้ทั้งสองวัน!! เพราะหน้างานราคาบัตรจะเพิ่มเป็น 700 บาท แล้วไปเจอกันที่ Chang Music Connection presents N.E.M.F. “Northeast Music Festival” ครั้งแรกของจังหวัดอุดรธานีกับงานเทศกาลดนตรี EDM เต็มรูปแบบ ที่ Central Plaza Udon Thani Hall ประตูเปิด 4 โมงเย็น See you tomorrow !! at Chang Music Connection presents N.E.M.F. “Northeast Music Festival” First full EDM production at the northeast of Thailand in Udonthani. Bringing you international headliner djs like Jetfire, Mr. Black, and Jaggs supported by many talented artists who will complete your rave experience. Let's make history together! Tickets avialable at every 7-11 stores for the last day!! GA : 500 baht for two days Chang Exclusive Zone : 800 baht for two days Smirnoff Exclusize Zone : 6000 baht/table for one day (6 people maximum/table) *at door prices will be increased See you 22-23 September 2017 at Central Plaza Udon Thani Hall NEMF NortheastMusicFestival ChangMusicConnection ThailandFestivalExperience Thaifest AmazingThailand ThaiSmileAirways SmirnoffMidnightFestival สตาร์ทให้ไว ไปให้สุด IconicClubbingStudio TEDentertainment follow us at �NEMF NortheastMusicFestival ChangMusicConnectionThailandFestivalExperience Thaifest AmazingThailandThaiSmileAirways SmirnoffMidnightFestival สตาร์ทให้ไว ไปให้สุด IconicClubbingStudio TEDentertainment สอบถามรายละเอียดเพิ่มเติมได้ที่ follow",neutral
จังหวัด จิ้มMK,neutral
อยากกินแบบปิ้งย่าง,positive
ลุงกินหมดยัง ห่อมาให้ด้วย,neutral
29ยังทำงาน 31ได้ไหม,neutral
รองพื้นคู่กันแดด KMA ลดเหลือราคา 590 บาท จากปกติ 740 บาท,neutral
มึงงมันคือเม็ดสาคูหมู ทามมายบาบีกอนทามพรี้แบบนี้ รีล่า,negative
แล้วมาสด้า 2 ตัวพับเบาะได้โปรนี้รึเปล่า ตัว 5900,neutral
จี้อยากกินบาบีก้อน,positive
รถไม่มีเซนเซอร์ งานเข้าแล้ว ฟอร์จูนเนอร์ บริษัทไม่ได้ติดตั้งมาเหรอ ไอ่..หน้าด้านแถแท้ๆ,negative
รอซื้อมือ2 ตอนนั้นราคาคงเหลือ3แสนเท่าพรีอุส T^T,negative
ทำยังไงถึงจะให้มันถูกกฎหมายได้บ้าง,neutral
ก้อนขอบพระคุณมากๆนะคร้าบ :),neutral
แงยุเวร,negative
แอบสงสัย คือล่าสุดค่าฝุ่นในเชียงใหม่เป็นอันดับ 4 ของโลกแล้ว ทำไมไม่มีใครทำสกู๊ปข่าวเหมือนตอนกรุงเทพมีฝุ่นเลยคร๊ะ (ซึ่งเชียงใหม่มีปัญหามลพิษฝุ่นเรื้อรังมานานแล้วด้วย),negative
อีกหน่อยแสงทิพย์หงษ์ทอง เหล้าขาว คงออกโซดาน้ำเปล่ามากันเป็นแถว อาจมีเครื่องดื่มชูกำลังยี่ห้อมาโบโร่ วินตัน กรองทิพย์ แอลเอ็มออกมาอีก,neutral
แพ้ชิเซโด้อะ เศร้ามาก ดีนะเป็นแค่ขนาดเที่ยวอะ,negative
สาขาbig c ราชบุรีช้ามากคะ แค่สั่งกลับบ้านผ่านไป 30 นาทียังไม่มาเลยคะ,negative
ไปกินกันไหม หิวๆๆ,positive
เชื่อมั้ยว่าตาสีเข้มแบบ Keira Knightley ก็ฟาดคิ้วให้เข้มชัดได้ แค่เลือกสีให้แมทช์และใกล้เคียงกับสีตา อย่างเช่น ANASTASIA Lasting Brow Liner สี Charcoal Brown ใช้คู่กับ Anastasia Brow Powder Duo สี Auburn anastasia anastasiath browbar eyebrow,neutral
ไม่เป็นธรรมเลย ชายชาติ ชาตรี มีศักดิ์ ศรี แค่บ่ายเบี่ยง ปัดที่จะรับความผิด กระผมไม่เห็นหน้า คนที่ทำเลยครับ ผมคิดว่า เขาคงใหญ่พอตัว จึงไม่มีใคร ปริปาก เพราะจะเดือดร้อน สุดท้ายก็แบบเดิม คำตอบ เดิมๆ กับ คนระยำ เดิมๆ สถุนได้ใจ เลยครับ หลายเรื่องราว แต่ไม่มีคำตอบ ชี้แจงให้ชัด ที บุหรี่ไฟฟ้า ของไม่เสียภาษี ถนัดจับปรับเผา แต่ให้ความเป็นธรรมกับเด็กเพียง หนึ่งคน ความหวังพ่อแม่ คุณพูดได้แค่ หัวใจวาย MF!,negative
ภาพเหมือนในหนังจีน สมัยที่ชาวต่างชาติมาขายฝิ่นเลย ชาวจีนติดตรึม 555,neutral
แบบนี้บริษัท สิงห์ จะโดนจับเหมือนประชาชนมั้ยครับ ข้อหาโฆษณานำเสนอสิ่งมึนเมา เซเว่นมีคนใช้บริการตั้งแต่หัวดำยันหัวหงอก ขึ้นชื่อว่าสะดวกซื้อมึงก็สะดวกเกินไปรึป่าว,negative
555อย่างกูต้องบุหรี่ไฟฟ้าเว้ย,neutral
M11 : นมเย็น M12 : โกโก้เย็น S11 : ชานมเย็น S12 : ชาดำเย็น ชื่อเก๋ไก๋!!!จำง่ายสุดๆ แบบไทยๆ มีมาแต่ดั้งแต่เดิม ออเจ้า 4U2 Cosmetics ให้ข้าด้วยเถิด ข้าตามหามาช้านาน 🙏🏻🙏🏻ได้โปรดด🙏🏻🙏🏻,neutral
ใช่คนที่เคยมีประเด็นเรื่องนิสัยอะไรเทือกนั้นรึเปล่า ??,neutral
ตอนนี้กำลังรอสั่งอาหาร ไม่มีเจ้าหน้าที่มารับออเดอร์ ไม่สนใจ ทำเหมือนเราเป็นอากาศ คนมาทีหลัง ได้กินสบายใจ เป็นแฟนคลับก้อน แต่เจอแบบนี้ เลิกทานแน่นอนค่ะ สาขาโลตัสแคราย 4/2/61,negative
หากสั่งซื้อพร้อมชำระเงินเรียบร้อย 11street ก็จะทำการจัดส่ง QRCode ให้กับคุณลูกค้าคร้าบ,neutral
SangSom 6 Red Open 2017 รอบ 64 คน แข่งในระบบ 4 ใน 7 เฟรม เวลา 11.30 น. กฤติกร ศรีสวรรณ (เจ จันท์) 'พบ' อภิชาติ จันทร์เหนือ (ปอน ขอนแก่น)' วันที่ 22 ตุลาคม 2560 ณ PJ Snooker Club มหาสารคาม,neutral
ที่เจอมาคือสาขาบิ๊กซีแจ้งวัฒนะครับ,negative
นึกถึงแล้วจะอ้วกครับแหวะ วันนั้นกูไม่น่ากดดูเลยจริงๆ ฮืออ,negative
กานีเย่นี่ล้างออกยากเชี่ยๆ,negative
อดเลยไม่ได้เก็บใบเสร็จไว้😂😂,neutral
ไอเหี้ย คิดว่าประชาชนโง่มากหรอ มันไม่ใช่ละป้ะ เลื่อนมาสี่ครั้งละมะ มึงเลื่อนออกไปอีกร้อยครั้งพรรคพลังประชารัฐก็ไม่ชนะหรอก คว้าย,negative
เดี๋ยวนี้เค้าจะเปิดร้านกาแฟหรอเจ็ง,neutral
แปปปดูปฏิทิน,neutral
งานนี้ต้องฉลองง🎉🎉 StarDelivery Heineken Heineken,neutral
โอ้ยมึง NYXลด50เปอ ไม่ลดให้เร็วกว่านี้วะเซงง มีใครไปอีฟแอนบอยบ้าง ฝากซื้อหน่อยแง🙏🏻,negative
เลี้ยงที,neutral
ช่วยเก็บผ้าเช็ดหน้า..SangSom RedefineFullMoon TheNorthFullmoonParty,neutral
สู้ครับๆ,positive
"หนุ่มคนไหนอยากจีบน้องเนย แนะนำให้ถือช่อนี้นะคะ หรือจะเป็นบอนชอน,เคเอฟซี,แมคโดนัลด์ น้องเนยสะดวกทุกร้านจ้าา",neutral
ลิปมินิทูแมทช์ของอีทูดี้แพงเข้ๆ แต่เนื้อดีจริงง สีสวยแบ่บฮืออยากได้อีก,negative
ไปจริงนิ,neutral
รู้หรือไม่ว่า การใช้เกียร์ต่ำช่วยให้เครื่องยน์ทำงานได้เต็มประสิทธิภาพมากยิ่งขึ้น แม้กระทั่งรถเกียร์อัตโนมัติที่ใครหลายคนอาจจะคิดว่าไม่จำเป็นต้องเปลี่ยนเกียร์ แต่จริงๆ แล้วเกียร์แต่ละเลขนั้นสามารถช่วยให้เราขับรถได้ดีขึ้น เช่น การใช้เกียร์ D2 หรือ S (ที่ย่อมาจากคำว่า Slow) ที่ช่วยในการขับขึ้นทางลาดชัน หรือแม้กระทั่งช่วยในการชะลอรถปละเบรกในขณะที่ขับมาด้วยความเร็วสูง ทั้งหมดนี้หากลองฝึกใช้เป็นประจำก็จะช่วยให้มือใหม่ทั้งหลายขับรถได้คล่องและปลอดภัยมากยิ่งขึ้น EnjoyHondaThailand,neutral
555 ฉันไปได้แต่ฉันกลับไม่ได้,positive
บุหรี่มวยขายไม่ออกครับ,neutral
พอจะมีพวก ซีวิคบ่างไหมคับช้วงนี้,neutral
นี่ๆ,neutral
ผมนี่นึกสภาพตอนนิสสันไทยเอา GT-R มาขาย ในเวอร์ชั่นที่โดนหั่นออพชั่นและสเป็คฉับๆๆ เลย,negative
งั้นเบียร์หมีละกัน,neutral
มีเกี๊ยวด้วย?,neutral
ในขนาดที่เพื่อนๆรอบตัวนี่กินเหล้า เบียร์ เข้าผับได้แล้ว อีนี่ยังไม่เคยแตะสปายเลยอ่ะ556,negative
เธออยู่ที่ใดยังรักกันไหม ฉันไม่รู้ แต่ที่รู้คือฉันนั้นยังไม่เปลี่ยนใจ ยังอยู่ตรงนี้ถึงแม้จะเหงาและเดียวดาย ไม่ผิดใช่ไหมที่ฉันจะยังรักเธอ .. วันนี้แนวจิ๊กโก๋90อกหักมันก็จะร็อคๆหน่อย ก่อน2ทุ่มครึ่งโปรโมชั่นเพียบ ช้างขวดละ70.- มา3คนเหล้าเหลือ199.- เบียร์วุ้นบ้านกรู,neutral
จ้าอ.🙏🙏,neutral
ผ่านพ้นไปแล้วกับงานเปิดอัลบั้มชุดที่ 2 ‘ROBOT’ ของ FOXY วงแนว Alternative Rock จากเชียงใหม่ ที่คราวนี้นำเพลงจากผลงานใหม่ที่เข้มข้นและหนักแน่นขึ้นมาโชว์ให้แฟนเพลงได้ฟังกันที่ Hard Rock Cafe Chiang Mai โดยงานนี้นอกจากจะเปิดโอกาสให้ FOXY ได้นำเสนอผลงานชุดที่สองของพวกเขาต่อผู้ฟังชาวเชียงใหม่แล้ว ยังเป็นกิจกรรมที่สอดคล้องกับเป้าหมายของ Hard Rock Cafe ที่ไม่เพียงแต่จะให้ความสำคัญกับดนตรีทั่วโลก หากยังต้องการมีส่วนร่วมในการสนับสนุนนักดนตรีท้องถิ่นให้เป็นที่รู้จักอย่างแพร่หลายมากขึ้นอีกด้วย ThisisHardrock HardRock HIPThailland FOXY Thanks Singha for support home base local bands.,neutral
อยากให้หมอมองประเทศนิวซีแลนอะครับที่ตอนแรกค้านหัวชนฝา แต่ตอนนี้เค้ากลับยอมรับได้,positive
ทำไมใช่ชีทมาร์กอีทูดี้แล้วร้อนหน้า ;-;,negative
สต? กุไม่ทัน55,neutral
แซ้ปนะ,neutral
นิสสันMARCHเท่าไรคับ,positive
ขอบคุณสำหรับข้อมูลครับพี่เอ แสดงว่าเป็นกันเยอะ แต่นิสสันยังไม่เคยเจอสักคัน สงสัยไม่ยอมเคลือบ อิอิ,positive
ใช้ครับ ผมเลิกบุหรี่มวนมา vape แทน อ้วนขึ้นจริงๆ,positive
"วงคุณภาพ พร้อมนักร้องหญิงเสียงทรงพลัง🎙🎸🥁 มาฟังสดๆ สักครั้งแล้วคุณจะรู้ แชร์ชวนเพื่อน เสาร์ที่ 7 เมษายนนี้ คอนเสิร์ตวง Klear ที่ร้าน LIZM กับบทเพลงเพราะ 💘 โดนใจผู้หญิงมากมาย *ซื้อบัตรก่อนวันงาน ราคา 250 บาท* *ซื้อบัตรหน้างาน ราคา 300 บาท* บัตร 300 ใช้สิทธิ์มากมาย 👉บัตร 2 ใบ ใช้ลด Chivas Extra จาก 2,200 เหลือ 1,600 บ. 👉บัตร 1 ใบ ใช้ลด Jameson จาก 1,350 เหลือ 1,050 บ. 👉บัตร 1 ใบ แลกเบียร์ Coronita 1 ขวด 🍻 *เหล้าหิ้วคิดลิตรละ 1,000 บาท *เปิดเหล้าใหม่ขวดแรก แล้วเอาเหล้าฝากมาดื่มได้ *โต๊ะจองปล่อย 3 ทุ่มขึ้นไป "" Lizm ผับเบอร์ 1 ของคนรักสนุก "" คิดถึงคอนเสิร์ตคุณภาพ ต้องลิซึ่มประชาชื่น โทรจองโต๊ะก่อนที่จะเต็ม!! LizmBKK 02 222 22-1 ☎️ ChivasX AskforExtra Coronita Klear",neutral
ถูกใจในรสชาติของ บาร์บีก้อน ทั้งครอบครับ อร่อยทั้งหมู ทั้งเนื้อ แขไข สุวรรณเพชร,positive
555งื้ออ,positive
ร่างกายกุแย่ค่ะมึงไม่รู้จะรอดป่าว กินแบบนี้ไม่ได้เลย นี่ก็ว่าจะไปหาหมออยู่,negative
4 สีใหม่จาก 4U2 Cosmetics บิวเทรี่ยมสต๊อคแน่น!!,neutral
กินนี่กินหมูป๋องดีกว่า,negative
ตามนี้คะ,neutral
กานิเย่ใช้แล้วแพ้ โบกมือลานานล๊าวว,negative
ปัญหาเยอะคนนึงกินหมูไม่กินเนื้อคนนึงกินเนื้อไม่กินหมูปวดหัว,negative
เดี๋ยวพาไปเลยครับ,neutral
อีกสิบปีเบียร์ลีโอกู คงขวดล่ะร้อยล่ะมั้ง สึดดด.!!,negative
น้อง 285 น้องบลูฮาวาย น้องหงส์ทอง น้องสมายนอฟ หู้ววว,neutral
ชวนแม่มาดู,neutral
ลังเลว่าอันนี้หรือ 3ce ดี,negative
ร้านอาทปะหิว,neutral
มันเกินไปป่ะ แค่บุหรี่ไฟฟ้า,negative
พาชมวีออสหน่อยค่ะ,neutral
ตกใจขนาดผ้าอนามัยที่เคยใช้ ยังทำบางลงเรื่อยๆ เราใช้โมเดสแบบไม่มีปีก เมื่อก่อนมันหนานุ่มมาก ตอนนี้มันบางลงเยอะเลย คือไรปัญหาในประเทศ55,negative
"บรรยากาศยามเช้า ณ หมู่บ้าน ลา กาซิลี่ ประเทศฝรั่งเศส แหล่งกำเนิดของแบรนด์ อีฟ โรเช พร้อมสวนพฤกษศาสตร์ที่รวบรวมพืชสายพันธุ์ต่างๆจากทั่วโลกกว่า1,500 ชนิด เพื่อการศึกษาวิจัย แถมยังเปิดให้ผู้สนใจเข้าเยี่ยมชมได้ฟรีอีกด้วย อีกหนึ่งสถานที่สุดชิลที่สักครั้งในชีวิตแนะนำว่าต้องไปให้ได้เลยล่ะค่ะ 🌻🌱❤️ LaGacilly Slowlife BeHappy",neutral
อีแทก แดงไม่เดิม คือโฆษณาอะไร เห็นเซเลบทวิตเยอะจนเอียนละ รำ,negative
เงินเดือนกินชาบู กินเอ็มเค แป๊บเดียวก็หมดไปแล้วพันนึง ถ้าเอามาลงทุนต่อยอด ได้เงินทุนคืน แถมได้กำไรอีก !!...,negative
มีแต่โตโยต้าอ่ะ,neutral
เปลี่ยนที่บ้างเหอะ🤣🤣,negative
รายชื่อผู้โชคดีได้รับ Gift Voucher มูลค่า 200.- สำหรับผู้ร่วมทำแบบสอบถามจากทางเพจ -Starvingtime -Thairath -BKreview สำหรับผู้ที่มีรายชื่อ สามารถรายงานตัวรับ Gift Voucher ได้ที่ Inbox Fanpage : Hot Pot Buffet (เท่านั้น) และแจ้งข้อมูลให้ครบถ้วน -สำเนาบัตรประชาชน -ชื่อ -ที่อยู่ -เบอร์โทรศัพท์ **หมายเหตุ** 1.ผู้ที่ยืนยันตัวต้องมีชื่อในแบบสอบถามตรงกับชื่อในบัตรประชาชน* 2.สามารถยืนยันตัวได้ถึง 25 มีนาคม 2018 ตรวจสอบรายชื่อได้ที่นี่ >> HOTPOTBUFFET ซุปหม่าล่า,neutral
แค่บุหรี่ไฟฟ้า. ทำยังกะค้ายา 1000 เม็ด. สุดจิง ตร. ไทย,negative
ตัวถัง2ตันกว่า เหลี่ยมทั้งคัน วีโก้โค้งหมนตามอากาศพลศาส. ก็กินกว่าสิครับ. ต้องเทียบกับฟอจูนเนอครับ.,neutral
ฮอตพอต หมดเขตศุกนี้เเล้ววว,neutral
มะคืนได้นั่งกินเบียร์ข้างๆโต๊ะทีมโค้ช สิงห์เชียงรายด้วย แกมาคุยเล่นกับลูกสาวผม ชนะบอลนี่เอง เลยเฮฮากันน่าดู 555,neutral
กระบะโตโยต้าทุกรุ่นแม่งห่วยแตกทุกรุ่น ร่อนดีนักแล ข้ามเกาะกลางถนนบ่อยมาก ยิ่งฝนตกปอยๆ เรื่องแฉลบต้องยกให้เขาเลย,negative
SangSom 6 Red Open 2017 รอบแรก แข่งในระบบ 4 ใน 7 เฟรม เวลา 10.00 น. 'บุญดี เกิดรุ่งเรือง (เก๋ บ้านเป็ด)' พบ 'กิตติชัย อริยานนท์ (เก่ง เพื่อนรัก)' วันที่ 8 ตุลาคม 2560 ณ Monkey Snooker Club โชคชัย4,neutral
🔥หาคนแทนงาน🔥 ร้าน เรดแบล็คบาร์ พุทธมณฑลสาย 3 วันเสาร์ที่2 เวลา 19.00-24.00 น. เรท800 1 คน เชียร์ u beer เตรียมขาสั้นรองเท้าผ้าใบไป มีเสื้อให้,neutral
เมื่อไปบาบีก้อนนอกจากเมนูเซตแล้ว สิ่งที่ต้องสั่งทุกครั้งเลยคือ บูตะคอร์น หมูบดละเอียดผสมปรุงรส ผสมข้าวโพด ช่างเข้ากั้น เข้ากัน กลายเป็นหมูเด่งสุขสันต์ เมื่อนำลงกะทะ จะเห็นหมูสีชมพูหวานแหวว รอเพียงอึดใจก็ได้ทาน ข้าวโพลสีเหลืองเคี้ยวแล้วกรุบๆ คีบเข้าปากทุกครั้ง ฟินทุกครั้ง เล่าตอนนี้ยังอยากกินเลยค่ะ เดี๋ยวเย็นนี้คงต้องไปจัดซะแล้ว,neutral
cf kiehl’s lotion ขาว 1570,neutral
"👒📷 เทศกาลแห่งปีที่ทุกคนรอคอยจะธรรมดาได้ไง!! 😀 ปักหมุด เปิดโหวตเกมส์ทายศิลปินชั้นนำกันแล้วจ้า กติกาคือ 1) คอมเม้นใต้ภาพว่าศิลปินจัดเต็ม ทั้ง 3 ที่มาในงานนั้นคือใคร 2) เปิดโพสต์นี้และแชร์เป็นสาธารณะ 3) ตอบถูกรับไปเลย 15 ท่านแรกรับปืนฉีดน้ำสุดเท่ห์ไว้เป็นพรอพเล่นน้ำ ส่วนอีก 20 ท่าน รับคลิปเลนส์สุดชิคไปถ่ายรับสงกรานต์นี้ เอาจ้า ทายมาเลย 📌📌 ไม่ยากเลยแอดมินอยากจะกรี้ดร้อง เห็นแค่เงารู้เลยว่าใคร ⭐️ ประกาศผลพุธที่ 21 มีค.นี้ เวลา 19.00 นะจ้า งานนี้ใครตอบถูกตอบเร็วรับรางวัลไปเลยจ้า!!! -- สงกรานต์กลางคืนที่ยิ่งใหญ่ที่สุดในภาคเหนือ เจอกันกับ!! ""Chang Music Connection ยกทีมเพื่อนซี้ปาร์ตี้สงกรานต์"" จัดเต็มกองทัพศิลปินสุดปังบรรเทิงที่สุด สนุกที่สุดในภาคเหนือ!! 3 วันเต็ม 13-15 เม.ย. 61 นี้ เวลา 18.00น. เป็นต้นไป ณ ลานหน้าศูนย์การค้าเซ็นทรัลเฟสติวัล เชียงใหม่ 📌📌 changmusicconnectionยกทีมเพื่อนซี้ปาร์ตี้สงกรานต์ ยกทีมเพื่อนซี้ปาร์ตี้สงกรานต์ centralfestivalchiangmai CentralFestival CPNLIFE touristdestination",neutral
ผ่านแอพมาแล้ว กร๊ากก ถ่ายให้เพื่อนละแม่งติดฟิลเตอร์พอดี ลิปที่กูทาคืออิ mamonde,negative
เซ็นทรัลบางนาร่วมโปรฯ มั้ยคะ,positive
มีลิป 3ce ไหมคะ,neutral
ยังไม่หมดน่ะ ยังมี กระทิงแดง เบียร์สิงห์ เบียร์ช้าง,neutral
สอบถามครับ ผมใช้เบอร์ true move อยู่ดี มีSMS แจ้งมาว่า ผมได้สมัครบริการ horo love 3บาท ต่อ SMS ทั้งที่ไม่ได้สมัครเอง ทำไมถึงเป็นแบบนี้ ระบบการหาเงินแบบนี้พวกคุณทำกับลูกค้าไปแล้วกี่ราย ส่งSMS กินเงินแบบเงียบๆ,negative
ช้างจาก65ขึ้นเป็น118 เลิกแดกเหอะ ขึ้นอะไรขนาดนั้นน ซื้อยี่ห้ออื่นไม่ดีกว่า 😑😑,negative
รองพื้นของไรดีมั่ง เอสเต้เอาหน้าชั้นไม่อยู่แล้ว55,negative
“ มิตรภาพที่ไม่มีวันจากหาย คือความหมายของคำว่าเพื่อน “ เพื่อนสาว ไม่ใช่สิ เพื่อนชาย ของฉัน อิอิ เรารู้จักกัน สนิทกันเมื่อตอนชีวิตมหาลัย เรียนบัญชีด้วยกัน ชอบกิน ชอบดริ้ง ชอบเที่ยว ชอบทำกิจกรรมต่างๆด้วยกัน วันหยุดก็จัดทริป เรามีทริปที่ เน้นกิน เน้นฮ่า เน้นถ่ายรูป 1 2 3 ยิ้ม เน้นฝึกคิดเลข 555 เป็นกิจกรรมบริหารสมองของพวกเรา ดึกดื่นเช้าสายถึงไหนถึงกัน ขยันกว่าอ่านหนังสืออีกนะจ้ะ และ เน้นดื่ม อิอิ ชอบสุดๆ ช่วงเราไม่มีสอบเราก็ไปออกกำลังกันบ้างในวันศุกร์ แด๊นซๆ พร้อมเครื่องดื่ม BLEND 285 คู่ใจของพวกเรา ผสมน้ำโค้ก ...เอาชนๆ 55 โดยจะมีเพื่อนหนึ่งคนที่จะเลือกร้าน ที่ไม่เสีย ค่าเปิดขวด เพราะพวกเราจะเสียดายมาก ค่าเปิดขวด ตั้ง100 บาท แต่ ค่าเหล้าไม่เสียดายนะจ้ะ ถึงไหนถึงกันกี่ขวดก็ตาม คติของพวกเรา ‘ ไม่เมาไม่กลับ ใครขยับต้องซดเปรียวๆ ‘ 55 ขอให้พวกเราได้รางวัลจะได้ไปทริป Big Mountain ตามความฝันของพวกเรากัน ตื่นเต้นๆ ๆ’ 55 ุณสำหรับกิจกรรมดีๆนะคะ ้ได้ ้ โดน !!! ชีวิตดีเรามีได้ BMMF2017,neutral
รอติดตามนะคะะะ,neutral
แต่พี่ไดเมาสปาย กากมาก,negative
ผ้าอนามัยแบบเย็นคือเหี้ยมาก,negative
ลิเบอรั่วกำลังโยงเรื่อง รร.ในเกาหลีเหนือไปเกี่ยวกับสำนักงานทรัพย์สิน แล้วก็เลื่อนรอยจากหลักฐานของแหล่งข้อมูล ตีกินแซะเจ้าไปวันๆต่อไป,negative
เรโซน่า นี้แพ้เลยค่ะ แรงเกิน รักแร้นี่ดำมาก กลับไปใช้นีเวียเหมือนเดิม,positive
รสชาติดีคะ ชอบ.,positive
ที่ย้ากก 😋,positive
แสงโสม เรด ลีโอ ช้าง เบนมอร์,neutral
หมอที่รักษาโรคหัวใจแม่ผมมาสามสิบกว่าปีย้ายจากรพ.เอกชนแถวยมราชมาอยู่ที่สุขุมวิทค่าตรวจรายเดือนค่ายาก็แพงกว่าเยอะแต่หมอให้มาซื้อยาข้างนอก เปลื่ยนลิ้นหัวใจนี่กินยาตลอดชีวิตนะครับ นี่ที่ผมเห็นความเมตตาของหมอครับคิดถึงคนไข้ก่อน,neutral
คิดเมนูมาค่ะ วันศุกร์เจอกัร,neutral
"ตัวแม่มา ทั้งมันส์ ทั้งฮาแน่นอน ห้ามพลาด!! ศุกร์ที่ 16 มีนาคมนี้ 🎙️♥️💄 คอนเสิร์ต ""เบน ชลาทิศ"" Ben Chalatit 💋 จัดเต็มที่ร้าน LIZM ฟังเพลงเพราะๆ มุขฮากระจาย 😂 โทรจองโต๊ะกันได้เลย *ซื้อบัตรก่อนวันงาน ราคา 250 บาท* *ซื้อบัตรหน้างาน ราคา 300 บาท* บัตร 300 ใช้สิทธิ์มากมาย 🥃🥃🥃 👉บัตร 2 ใบ ใช้ลด Chivas Extra จาก 2,200 เหลือ 1,600 บ. 👉บัตร 1 ใบ ใช้ลด Jameson จาก 1,350 เหลือ 1,050 บ. 👉บัตร 1 ใบ แลกเบียร์ Coronita 1 ขวด 🍻 *เหล้าหิ้วคิดลิตรละ 1,000 บาท *เปิดเหล้าใหม่ขวดแรก แล้วเอาเหล้าฝากมาดื่มได้ *โต๊ะจองปล่อย 3 ทุ่มขึ้นไป "" Lizm ผับเบอร์ 1 ของคนรักสนุก "" คิดถึงคอนเสิร์ตดีๆ ต้องที่ลิซึ่มประชาชื่น อย่าช้า รีบโทรจองโต๊ะก่อนที่จะเต็ม!! LizmBKK 02 222 22-1 ☎️ ChivasX AskforExtra Coronita เบนชลาทิศ",neutral
หอนเก่งไอ่สัดรำ,negative
Mazda cx-3 ใหม่ คือไม่ไหวอะ เห็นละทนไม่ได้ สวยเว่อ ไม่มีตังโว้ย 😭,negative
ไม่ต้องซื้อมันละ Honda Civic พร้อมปรับแต่งเครื่องเสียง (555) นั่ง Taxi นี่ละ มีคนขับให้พร้อม,negative
พกแรงม้าเกือบครึ่งพัน !! Thaicarlovre ข่าวรถยนต์ Nissan,neutral
เก๋ๆๆควรมีเบียร์ช้าง,neutral
จ๊ะๆ,neutral
55 สิงห์ไหน อะ สิงห์เบียร์ หรอ,neutral
จ้ะ,neutral
จากเรื่องบาบีก้อน ลามไปอ่านพันทิปเรื่องพยาธิตัวตืด น่ากลัวมาก สยองสุด มีคอมเม้นนึงบอกว่า เลือกเอาว่าจะให้มันออกมา อยู่ในร่างกายเรา,negative
นิสสันโน๊ต ดาวน์เท่าไรคะ,neutral
วีรกรรมเพียบ วิดป่องเที่ยวแถมไม่พอ เงินไม่มียังมีความพยายาม..ซื้อแสงโสมเทใส่ขวดฮันเดรดเอาผสมน้ำด้วยน่ะให้สีจางๆเหมือนสีเหล้าฮันเดรด55🤦🏻‍♀️,neutral
ซีวิคมีไหมคับ,neutral
ไปวันนี้ไม่เหนพนักงานว่ายังงัยเลยคะ,negative
เบียร์ช้างขวดเท่าไหร่ตอนนี้,neutral
💞ส่วนผสมสำคัญมี3อย่าง💞 -สารสกัดจากมังคุด -สารสกัดจากใบบัวบก -ผสานกับวิตามินอี acetate **มีคุณสมบัติ ล้างเครื่องสำอางพร้อมให้ผิวกระจ่างใส ลดการเกิดสิว ลดเลือนรอยแผลเป็น จุดด่างดำ ช่วยต่อต้านริ้วรอย คืนความชุ่มชื่นให้แก่ผิว ยังเป็น Double Micellar ช่วยดึงสิ่งสกปรก และ เครื่องสำอางออกจากผิวได้อย่างง่ายโดยไม่ต้องถูหรือเช็ดผิวแรงๆ สมูทอีคลีนซิ่งวอเตอร์,positive
คิดถึงสาขาชั้นใต้ดินเซียร์รังสิตมากครับ ไปกินกับเพื่อนๆบ่อยมาก,negative
ต้องจัดสาขาลำลูกกาคลอง2มีปะ,positive
คุณตาก็บอกว่า คนเขาก็ไปเก็บหอยกัน พอตอนเย็นๆใกล้ค่ำนี่ ลมเริ่มพัดแรงมาก ต้นมะพร้าวหักโค่นลงมา จากนั้นคลื่นก็ซัดเข้าแหลมตะลุมพุก คือตอนคุณตาเล่าตอนวันถัดมาศพเยอะมาก แล้วก็เล่าเรื่องที่มีการโกงเงินในการช่วยเหลือด้วย,neutral
แต่ไทยไม่ยอมเพราะอะไร,neutral
เป็นได้แค่ กิ๊ก สนใจครับ,neutral
เอาเบียร์กับsmirnoff midnightมาผสมกันกะว่าเมาๆได้หลับง่ายขึ้น อิควายดีดกว่าเดิมอีก ลุกมาขัดห้องน้ำถูกพื้นตอน5ทุ่มครึ่งแล้วกู,negative
ยกให้เป็นอีก1เมนูในดวงใจ Chizu Brûlé ชานมไข่มุกวิปชีสเบิร์นน้ำตาล ตัววิปชีสหอมมันได้กลิ่นน้ำตาลไหม้นิดๆ ตัวชาไม่ได้หวานมากกำลังพอดีกับน้ำตาลที่มากับไข่มุกหนึบๆ กลิ่นน้ำตาลทรายหอมดีอะชอบ📍Kamu,positive
อนุโมทนา สุดยอดคุณหมอ รับตรวจรักษามะเร็งฟรี “ไม่มีเงินก็รักษาเต็มที่”,neutral
ส้นตีนนน,negative
พรุ่งนี้ก็ถึงเทศการณ์สงกรานต์กันแล้ว ใครเดินทางกลับบ้านโดยรถยนต์ส่วนบุคคล ควรเช็คอะไรบ้าง ก่อนเดินทาง เพื่อความปลอดภัย ไปชมกัน !! AS_Advertorial Suzuki Swift,neutral
สาขาที่ร่วมรายการมีดังนี้ค่ะ บิ๊กซี ภูเก็ต เซ็นทรัล ภูเก็ต โคลิเซียม ภูเก็ต โฮมโปร ภูเก็ต โลตัส ภูเก็ต โลตัส ถลางภูเก็ต โลตัส ฉลอง ภูเก็ต ^^,neutral
❤️ตารางค่าบำรุงรักษารถยนต์นิสสัน❤️,neutral
ลงทะเบียนให้แม่ด้วย,neutral
ยอดขายรถเก๋งดีเซลของ Toyota น้อยลงเรื่อยๆ ดังนั้นจึงยกเลิกทำตลาดเครื่องยนต์ดีเซลในรถยนต์นั่ง Passenger Cars ที่อิตาลี หันไปผลักดันรถ Hybrid แทน (แต่ Hilux / Land Cruiser ยังคงขายดีเซลอยู่),neutral
มันจัดละครครับ จะยกให้เอกชนบริหาร ขยายกิจการแบบใหม่ และเส้นใหญ่รายนั้นคือ เบียร์ช้าง!!,neutral
ค่ะ ขอบคุณค่ะ ช่วงเวลา สองทุ่ม ซื้อ2กล่อง อีกกล่องฝากคนละบ้าน โทรไปถามเค้า เค้าบอกได้น้อยเหมือนกันค่ะ สี่ชิ้นบางๆ แต่เค้ากินไปก่อนเลยไม่ได้ถ่ายรูปเก็บไว้,negative
ชีวิตคนละแบบ ไม่แปลกที่จะเสือก,negative
เหงาก้ช้าง อ้างว้างก้สิง แต่กินคุ่กันบ่ได้มันสิตีกัน 55 มาเด้อจ้ากินเบียนำกัน,neutral
Cf/กันแดดชิเชโด้/2550,neutral
ถ้ามีตังอีกนิด ดูMazda 3ก้ดีนะคะ นิสสันนี่ไม่รู้ว่าจะซ่อมอู่ไหน อะไหล่หายากมั้ย แพงมั้ยด้วยค่ะ,negative
ช่วยหาเลขหน่อย 🤣,neutral
เบียร์ช้างรสชาติแม่งเหี้ยลงป่ะวะ รู้สึกแม่งไม่อร่อยเลยหลังๆ,negative
เวลาเห็นคนรุ่นใหม่สมัครลงเลือกตั้งเป็นตัวแทนพรรคพลังประชารัฐแล้วรู้สึกสิ้นหวังยังไงก็ไม่รู้ คือพวกคนแก่ๆที่อยู่ในพรรคก็ยังพอทำใจว่าแม่งเปลี่ยนยาก แต่คนรุ่นใหม่วัย30ที่เห็นดีเห็นงามกับวิธีการของพรรคนี้คือยังไงอ่ะ,negative
เดี๋ยวเป็นคนที่สี่ให้นะ,positive
กาวตรงผ้าอนามัยนี่ติดทุกอย่างได้ดีหมด ยกเว้นกางเกงใน 😑,negative
รุ้นะ...ว่าวันนั้นของเดือนทำให้กังวล เครียดจนนอนไม่หลับ นี่เลย!!! เปลี่ยนมาใช้ลอรีเอะ ซอฟท์แอนด์เซฟ เอ็กซ์ตร้าโพเทคชั่น แอนตี้แบคทีเรีย แบบกลางคืน รับรองหมดกังวล หายเครียด หลับสบายแน่นวล..ใช้แบบกลางคืนเพียง 1 แผ่นก็เอาอยู่ เพราะลดการสะสมของแบคทีเรีย สาเหตุของกลิ่นอับชื้นกวนใจ แถมด้วย ไซด์บล็อกที่ป้องกันการซึมเปื้อนด้านหลัง หายห่วงเปื้อนที่นอน รับรองใช้แล้วหลับสบาย ตื่นมาพร้อมความสดชื่น มั่นใจ จนลืมไปเลยว่าเป็นวันนั้นของเดือน ^__^,positive
อืม,neutral
เตรียมเปิดตัว Nissan GT-R 2018 มอเตอร์โชว์ 2018 GTR,neutral
อีกนานน,neutral
แฟชั่นไอส์แลนด์ วันที่3/12ค่า,neutral
SangSom 6 Red World Championship 2017' Hall Central Plaza Ladprao Groub D (5/9 เฟรม) MARK DAVIS - MICHAEL HOLT,neutral
จะมีใครเห็นไหมน่าา หิวจังเลยย,neutral
เจ๊ !!! เราต้องจัดแล้วล่ะค่ะ,positive
ไปกินมาแล้วว่างๆไม่มีไรทำ😝,neutral
ขอรายละเอียดมาสด้า2ครับ,neutral
หิวเลยอะ น่ากินมากๆ 😭,neutral
ละไอจีนี่ยังไง ร้านบุหรี่ไฟฟ้าฟอลพรึ่บมาก งง,negative
ชอบฮอนด้า city สวย โฉบเฉี่ยว ทันสมัย ขับง่าย คุ้มค่าและประหยัดนำ้มันค่ะ ฮอนด้าที่รัก EnjoyHondaThailand,positive
ถ้าเป็นเมื่อก่อนเชื่อ แต่ตอนนี้ไม่ใช่ละ ทำไม city 2014 ขายดีกว่า vios vios เครื่องเดิมมากี่ปีละอะ ถ้า city ไม่ทำยอดขายถล่มทลาย vios คงไม่ไมเนอร์เช้น กักออปชั่น ราคาแพงเกินเหตุ Altis ก็เครื่องเท่าเดิม ไม่พัฒนา หน้าตาสวยจริง แต่ภายในโบราณมาก อันนี้คหสต. ในขณะที่ civic เพิ่ม 1.5 turbo อันนี้ใครพัฒนากว่าใคร Accord hybrid รู้สึกว่าจะทำออกมาดีกว่า camry hybrid แล้วนะ บางครั้งก็อัพเดทบ้างไรบ้าง,negative
"⏰ อีก 5 วันเข้าสู่ g19fest | G19 Fest เทศกาลดนตรีร็อก สิ่งของจำเป็น (MUST HAVE) เพื่อรับความสนุกแบบเต็มพิกัด ขอแนะนำให้พกสิ่งของมาเท่าที่จำเป็น อาทิ กระเป๋าสตางค์ , บัตรประจำตัว - บัตร ATM , มือถือ , Power Bank ชาร์จมือถือสำรอง หากใครมีโรคประจำตัวอย่าลืมพกยามาด้วย การแต่งกายแนะนำเสื้อผ้าและรองเท้าที่สวมใส่สบายเคลื่อนไหวคล่องแคล่ว พร้อมลุยทุกสภาพอากาศ 📌 10 ข้อแนะนำสำหรับผู้ชม 📌 ตารางเวลาต่างๆ สำคัญ! Chang Music Connection presents “genie fest 19 ปี กว่าจะร็อกเท่าวันนี้” วันเสาร์ที่ 10 กุมภาพันธ์นี้ ณ ราชมังคลากีฬาสถาน ประตูเปิด 12:00 น. ⛔ บัตรทั้งหมด SOLD OUT!! ไม่มีจำหน่ายเพิ่มแล้ว ⛔ โปรดระวังการซื้อบัตรจากมิจฉาชีพในทุกรูปแบบ ✅ ผู้ชมสามารถ เข้า-ออก งานได้ตลอดเวลา ✅ มีอาหารและเครื่องดื่มจำหน่ายภายในงาน geniefest genierecords zaapparty Chang ChangMusicConnection",neutral
รอติดตามรายละเอียดกันนะคะ ^^,neutral
เน็ตเล่นก็ไม่ได้ เสียเงินฟรีไปเปล่าๆ จ่ายเงินก็จ่ายเต็ม 50M เน็ตมา 1 - 25M บางครั้ง นอกนั้นเล่นไม่ได้เลย ไม่มีความรับผิดชอบ อะไรเลย นี้เล่นแต่โทรศัพท์ iPhone เครื่องเดียวเน็ตยังไม่เล่นไม่ได้เลย บอกช่างมาดูหน้างาน มาดูเล่นได้ 1-2 ชั่วโมง กลับไปเป็นเหมือนเดิม โทรไปแจ้งบอก สัญญาณ ปล่อยอยู่ปกติ ไม่ต้องมาลดค่าบริการให้ผมหรอก ลดให้เน็ตเล่นไม่ได้ก็เหมือนเดิม,negative
สาขาโลตัส หนองคายมีมั้ย,neutral
เห็นน้องที่ทำงานใช้ เลยใช้บ้าง ทางSnailwhite ทราบเลยติดต่อให้เป็นพรีเซนเตอร์ครับ,neutral
ภาพบรรยากาศงาน Grand Opening ร้าน Line Up Hua-Hin กับ UrboyTJ ปาร์ตี้เปิดตัวร้านอาหาร และที่แฮงค์เอาท์ใจกลางหัวหิน ร้านที่บรรยากาศให้มากกว่าคำว่าชิล และมิตรภาพที่ดี 🤗💕 📍Line Up (ซอย หัวหิน19) วันที่ 11 มี.ค. 61 ดูรูปภาพแบบเต็มๆได้ที่ 👉 📸 iamnut18 Photo Siam2nite ItsUrboyTJrighthere LineUpHuaHin JamesonThailand,neutral
"วิญญัติยื่น 2 คำร้อง กกต. ขอให้ยุบพรรคพลังประชารัฐ คัดค้านประกาศชื่อ""พลเอกประยุทธ์"" ในบัญชีรายชื่อของพรรคพลังประชารัฐ พรรคพลังประชารัฐ กกต เลือกตั้ง62",neutral
คนพื้นที่ทำดีตลอด ไม่ต้องกดออดโทรตลอดได้ทุกเวลา ผู้กองเต๋าขอโอกาสได้เป็นตัวแทนคนกรุงเทพ เขต1 พระนคร ป้อมปราบฯ สัมพันธวงศ์ และดุสิต(ยกเว้นแขวงถนนนครไชยศรี),neutral
สมิติเวช = ขายบ้ายมาเข้ารพ.,negative
ผ้าอนามัยไง เอาไว้ห้ามเลือด บล๊อกนะคะ โฆษณา,negative
จัดโปรทุกสาขาไหมคะ,neutral
จะเอาอาราย กะผุ้ชายปากหมา อต มีไหมอีอ้วน,positive
กลิ่นพีชๆ หวานนิดๆถ้าคนกินสปายได้อันนี้ไม่ขมเท่าสปายอ่ะพี่ แต่บรั้ชว่าขม,negative
"ภาพประทับใจ "" งานประชุมวิชาการองค์กรพยาบาล ครั้งที่ 1 โดย BDMS Group 6 "" . และพบกับงานประชุมวิชาการ หัวข้อ “Elderly care: from head to toes” จัดขึ้นระหว่างวันที่ 16-17 พฤศจิกายนนี้ ณ ห้องประชุม คิง คาร์ล กุสตาฟ โรงพยาบาลกรุงเทพภูเก็ต (หลักสูตรได้รับหน่วยกิตการศึกษาต่อเนื่อง)",positive
ถ้ามีเรื่องผลประโยชน์เข้ามา..เรื่องอื่นนี้ไม่มีความหมายอะไรเลย,negative
ตำส้มตำหรอ,neutral
Font เล็กไปนิด,neutral
ชิ้นเนื้อชิ้นนั้นยังอยู่ให้ตรวจสอบหรือนี่,positive
เกี่ยวมั้ยไม่รู้ แต่รู้สึกยูเซอรีนนางทำหัวสิวอุดตันเราโผล่ขึ้นมาแหลว &gt;&lt;,negative
สู้ๆนะครับ,positive
ยูเบียร์คือจะอ้วก..,negative
ไปกินมามื้อวานนี่เอง,neutral
ภูเก็ตไม่มีฮอตพอต 😤,negative
ขออนุญาตตอบแทนนะคะ มีนานแล้วค่ะ อยู่ชั้น4 ใกล้ๆเอ็มเค กะยำแซบ,positive
แต่กินไม่ค่อยได้นะคะ 285 แสงโสมพวกนี้ กินแล้วไม่สบายตัว เหมือนจะแพ้ของถูก 55 /น่าหมั่นไส้,negative
ไม่คิดว่าจะเป็นปจด.เยอะขนาดนี้นะ ผ้าอนามัยแบบกลางคืน30เซนก็เอาไม่อยู่อ่ะ โห่ อะไรคือตี4กุต้องลุกมาเปลี่ยนผ้าอนามัย,negative
จุฟๆๆ รักนะ แอด,neutral
น่ากิน,positive
สั่งที่ร้านกันนะคะ ^^,neutral
สอบเสดเย็นแล้วป้า,positive
เพิ่งรู้ว่า smirnoff midnight max คือว้อดก้า ถ้าให้รีวิวก็คือหวานไป๊ หวานชิบ ถ้าคนติดหวานคงกินได้เรื่อยๆ แต่เมาเร็ว เจ้คอนเฟิร์ม ถ้าถามว่าจะกินอีกไหม คิดว่าไม่ ชอบขมๆหอมๆแบบเบียร์มากกว่า,negative
อยากลอง canmake จังค่ะ,neutral
เช้านี้เอารถเข้าไปศูนย์ฮอนด้าเพื่อจะติด Honda Connect แต่ทางศูนย์บอกว่า สั่งของไม่ทันและไม่ได้โปรโมชั่น ผิดหวังอย่างแรง,negative
ส่งป้ายปีเก่าหน่อย,neutral
ม่ายๆละคะ. ขนาดผ้าอนามัยแบบสอดยังใช้ไม่ได้ อันนี้ใหญ่กว่า. จะใส่ยังไง. ใช้เสร็จมีการนำมาใช้อีกไม่เอา หรอก. อีกอย่างสรีระ คนไทยกับต่างชาติไม่เหมือนกันนะ ความยืดหยุ่นเค้าอจมีเ้ยอะกว่า. จะสอดใส่ยังไงก้อได้ แต่คนไทยคงไม่เหมาะ. ใส่แบบผ้าอนามัย แบบเดิมดีอยู่ละคะ. ยังไง4-5ชม.เราก้อ. เราก้อเข้าห้องน้ำอยู่แล้ว. เราเป็นคนแพ้ผ้าอนามัย. ทุกเดือนที่เป็น. จะเป็็นผื่น. แต่พอมีแบบ นุ่มนวลต่อผิว จะเลือกใช้ถึงราคาจะสูงกว่าแต่ พอเมนหายไม่ต้องมารักษาผื่นแพ้อีก.,negative
พี่เขยผมจะเอารีโว่แต่ไม่ผ่านแนน เลยเอาดีแมกแทน,negative
แคมรี่ตัวเก่า,neutral
ลาก่อนบาบิก้อน...,negative
เชียร์สด สนุกเกอร์ 6 แดง ชิงแชมป์โลก 2560 🎱 Sangsom 6 Red World Championship 2017 ที่บีซีซี ฮอลล์ เซ็นทรัลพลาซ่า ลาดพร้าว เริ่มเวลา 13.30 สด: True Sport HD 1 ⭐️FW IPTV SPORTS⭐️ LINE ID: (ใส่ @ นำก่อนครับ),neutral
มีแบบยาว 35 เซนมั้นคะ จะปิดตั้งแต่หียั้นตูดเลย สนใจมากกก เพราะเป็นคนแพ้ผ้าอนามัย,neutral
แต่วันนี้ซ่า คือเปงหวัดกระแดะแดกแอล เปงไงอีเชี้ย หายใจไม่ออกเว้ย คนอ่อนนี่มันอ่อนจริงๆ ฟูลมูนขวดเดียวก็ทำกุใกล้ตายได้ เบื่อๆๆ,negative
รถ Eco car ราคาตัวท็อปแพงกว่า วีออส ซิตี้ ตัวล่าง AT ล่ะ ตั้งราคาแบบนี้ รอดูกันต่อไปว่าบอดขายจะเป็นเช่นไร,negative
แฟนนางแก้ปัญหาโดยการซื้อรถให้นาง 😦 Toyota Yaris ว้อยย จบ อีดอก ไม่เล่าต่อแล้ว แฟนเพื่อนซื้อรถให้เพื่อน…,negative
น้องอัพ 23 ปี innisfree lazada อายุเท่าลูกสาวแน่ๆ,neutral
"วันที่31 ธันวาคม 2017 !!!Countdown!! นับเวลาถอยหลัง!!! 5-4-3-2-1!!! สุขสันต์วันปีใหม่เพื่อนรัก!! กูดีใจที่ใด้เป็นเพื่อนกับมึง (""!15กว่าปีละ"") ขอบคุณที่มึงไม่เคยรังเกียจกู แม้ว่านิสัยกูจะแย่ๆเคยติดคุกมาก่อน!! มึงก็ไม่เคยทิ่งกู !!เวลาครอบครัวกูมีปัญหามึงคนแรงก็เขามาช่วยกูตลอด บางครั้งกูก็แกล้งใจมึงเหมือนกันนะ ขอบคุณที่มึงยังหางานให้กูอีก แม้ว่ากูจะเป็นลูกน้องมึง แต่กูก็เต็มใจทำโว๊ย สำหรับบุญคุณที่ช่วยกูมาตลอด กูก็ไม่เคยอายวะ เป็นลูกเพื่อน!!! กูสัญญากูจะเริ่มต้นใหมเพื่อน่!! ช้าง chang tbc2018",neutral
คิดว่า ทุกเรื่องเศร้าอย่างน้อยๆก็มีเหล้าคอยเติมเต็ม เรื่องเศร้าเยอะเกิ๊นน 😂🍺 100Pipers ให้เต็มร้อย โลกสวยหลบค้าบบบ 😶,neutral
ดีน่ะที่ไม่กินเรดเพราะกินแต่สี่สิบ55,negative
Show dc ที่เคยบอกไง แถว rca,neutral
เคล็ดลับเร่งผิวใส จากผิวคล้ำเสียงบประมาณไม่เกิน200บาท ในช่วงปิดเทอม SMOOTO เซรั่มออร่าไวท์หน้าใส×10 ราคา 39 บาท…,negative
ใครที่ยังไม่ได้คว้าความคุ้มค่านี้ พลาดไม่ได้แล้วนะครับ สำหรับผู้ที่สนใจจะออกรถยนต์มิตซูบิชิทุกรุ่น รับทันทีกับข้อเสนอมั่นใจด้วยแพ็กเกจ 5 ปี ดูแลดีถึงใจ *ฟรี! 5 ปี ค่าบำรุงรักษาตามระยะ *ฟรี! 5 ปี บริการช่วยเหลือฉุกเฉิน 24 ชม. *ฟรี! 1 ปี ประกันภัยชั้นหนึ่ง พร้อมรับประกันคุณภาพ และฟรีค่าแรงเช็คระยะ 5 ปี วันนี้ ถึง วันที่ 30 เมษายนนี้ เท่านั้น,neutral
ออกตัวสะทีนะค่ะ..รอดูยุ่นาน มาออกบุส..ที่โรงงาน.ยุค่ะ โรงเบียไฮเนเก้น..ของเรา.,neutral
ตัวดีเซลคือไปออกฟอจูนเนอเหอะ crv ทุกตัวความเหี้ยคือแดกน้ำมัน,negative
ฝนตกหนักมาก,neutral
สูบเพื่อเลิก ไม่ใช้สูบเพื่อเริ่ม,neutral
ดูหน้าด่วยยย,neutral
น้อยไช่ไหมค้ะไม่กินแร้ว😂😂,neutral
ลดล้างสต๊อก,neutral
พาคุณหลานที่อายุไม่เกิน 12 ปี ไปทานอาหารที่ร้านกันนะคะ ^^,neutral
กินอันนี้,positive
แต่ก็ใช้ผ้าอนามัย2อันต่อกันเวลานอนก็ยังเลอะ เดี๋ยวนี้ใส่อันเดียวแล้วม้วนทิชชู่ยัดร่องตูดไม่เลอะเลย555,neutral
ก้อน..หมูบางเกินนะ,negative
เทรนด์สุขภาพดีในแบบชะลอวัยปี2018 🎉🎉 เทรนด์ไหนที่มา ไหนไหนที่หมด เทรนด์ไหนที่รู้แล้วได้ประโยชน์แน่นอนในการดูแลสุขภาพในแบบชะลอโรค ชะลอวัย มาฟังกันได้วันนี้ 4 โมงเย็นนะครับ 😊 . TRIA Closer Together 💖 ใกล้หมอ ใกล้ใจ ที่ตรัยญา 💖,neutral
กินนน,neutral
เคยเห็นเป็นเหล้าคับ แบล็กขวดใหญ่,neutral
MG3 ปี 2015 เทิร์นได้เท่าไหร่คะ,neutral
Biotherm200mlเท่าไหร่ค่า,neutral
เราหน้ามันค่ะ ถ้าใช้ biotherm คงรำคาญอะ 😂,negative
Toyota เผยโฉม Corolla และ Levin เวอร์ชั่นปลั๊กอินไฮบริด ก่อนทำตลาดในจีนปีหน้า,neutral
ไว้ไปมันส์ด้วยกันมึงงง,neutral
เลิกกิน เลิกติดตาม 👎👎,negative
ขอส่งต่อ eyeshadows Too Faced Sweet peach 🍑 ซื้อที่ Sephora ใหม่มาก ใช้น้อย เปิดตลับออกมาหมอมกลิ่นพีชมาก สีสวยทุกสี ขอส่งต่อที่1600฿ ค่ะ,neutral
Blend เป็นยี่ห้อเหล้า blend285 haha,neutral
ไปป่ะสาส,positive
ร้ายจิงๆ,neutral
พูดไปก็ประจานตัวเองในชีวิตคงไม่เคยได้สัมผัสรถหรูสินะถึงบอกว่า mg3 แพง หุหุ,negative
กดชิ้นเนื้อแล้วดังแป๊ะๆๆๆใครจะกินลง ต่อให้เอามาเปลี่ยนให้กินเป็นกิโลก็กลืนไม่ลงแล้วค่ะมีแต่จะอวก น้องเค้าไม่ได้ตรรกะหรอกค่ะ ทางร้านพลาดเองค่ะ น้องเค้าตั้งใจไปทานกันไม้ได้ว่าจะไปจับผิดทางร้านหรือว่าอยากดังหรอกค่ะ,negative
ผมว่าอยู่ที่คนขับด้วยแหละครับ ผมขับรถที่บ้าน3คัน ถ้าทางไกลก็ได้เกิน20ทุกคันนะครับ นิสสันมาร์ชMT กรุงเทพ-ชุมพร 23โล/ลิตร มาสด้า2 กรุงเทพ-ปราจีน-กรุงเทพ 25โล/ลิตร ล้าสุดเอาซิตี้ไปชะอำ ได้24โล/ลิตรครับ,neutral
ไม่ฉบายยย,neutral
จะเข้าป่าไหนไม่สำคัญ ขอแค่มีเหล้าและเธอก็พอ.. Sangsom,neutral
"สวัสดีค่ะ สำหรับรถยนต์เชฟโรเลต รุ่นตอนเดียว ขออนุญาตแนะนำเป็น Colorado 2.5L S-Cab LS ราคา 548,000 บาท ดาวน์ 25% เงินดาวน์ 137,000 บาท ผ่อนนาน 96 เดือนๆละ 5,669 บาทค่ะ",neutral
พาไปหน่อยสิ อยากกิน,positive
💜💜💜,neutral
ไฮเนเก้นส่ง “สตรองโบว์”(Strongbow) เพิ่มทางเลือกให้กลุ่มตลาดนักดื่มรุ่นใหม่กลุ่ม Gen-M ตั้งเป้าครอบครองพื้นที่ส่วนแบ่งทางการตลาดเครื่องดื่มแอปเปิ้ลไซเดอร์ 5 แสนลิตร,neutral
ไม่กินตอนเย็นครับ,negative
ก้อนขอน้อมรับ คำติ/ชม เพื่อนำไปปรับปรุง ข้าวผัดกระเทียมของก้อนให้ดียิ่งขึ้นครับ,neutral
อยากกินจัง55,positive
เลิกได้จริงครับ ผมเลิกมาสองปีแล้ว,positive
อยากกิงบัฟเฟ่ต์,positive
น่ากิร,positive
ยาย ประชาธิปัตย์ พ่อ เพื่อไทย ฉัน อนาคตใหม่ ข่อมค่า,neutral
อ้าว ทำไมไปด่าเค้าแบบนั่นละคะ,neutral
สื่อเมิน!!! พ่อค้าผักแฉกระบะค่ายดัง Revo เอาเกียร์ Vigo มาใส่! ข่าวยานยนต์ เว็บรถมือสอง Unseencar…,negative
ดร.จักษ์ พันธ์ชูเพชร กกบ.พรรคไปร่วมเปิดสำนักงานพรรครวมพลังประชาชาติไทย จังหวัดจันทบุรี พร้อมทั้งทำไพรมารีโหวตผู้สมัครของพรรคได้ครบทั้ง 3 เขต พร้อมลุยสนามเลือกตั้งแก้ปัญหาปากท้องประชาชนและชูธงปฏิรูป คนธรรมดาสร้างชาติ,neutral
ใช่ๆๆ เย้ๆๆ รอๆพี่สว่างเลี้ยงกันนน,neutral
คนกินน้ำอัดลม น้ำหวาน เพราะจะเป็นการทำร้ายตัวเองด้วยเพราะจะเป็นเบาหวาน ของทอดของย่างก็ควรด้วยครับห้ามรักษาเพราะเวลากินอาจเกิดมะเร็งได้. คนขับรถไกลๆก็ควรห้ามด้วยครับเพราะอั้นขี้อั้นเยี่ยว เช็กทั้งตระกูลด้วยถ้าตระกูลไหนมีคนดูดบุหรี่ตัดสิทธิ์ทั้วตระกูลเลยครับ,neutral
ชั้้นอยากกิน,neutral
เหลือแค่ประกาศราคาขาย!!!...นิสสัน มอเตอร์ (ประเทศไทย) ยืนยันแผนงานเปิดตัวและจำหน่าย สุดยอดสปอร์ต คาร์ Nissan GT-R อย่างเป็นทางการครั้งแรกในเมืองไทย ในงานมอเตอร์ โชว์ 2018 ปลายเดือนมีนาคมนี้ . > สำหรับงาน Bangkok International Motor Show 2018 รอบประชาชนทั่วไป เริ่มวันที่ 28 มีนาคม - 8 เมษายน 2561 ณ อาคารชาเลนเจอร์ อิมแพ็ค เมืองทองธานี ค่าบัตรผ่านประตู 100 บาท และบัตรได้ลุ้นชิงรางวัลรถยนต์ฟรีอีกด้วย,neutral
เบากว่านิสนุง 555,negative
29กี่โมง,neutral
บริการแย่มากก ปรับปรุงตรงนี้ดีกว่า ทั้งคอลเซนเตอร์ ทั้งศูนย์บริการ ทั้งเพจ ไม่มีไรดี คิดๆอยู่ว่าจะย้ายค่ายดีไหม เซ็ง ห่วย,negative
ระดับโลกมันเคี่ยว กันบางยี่ห้อครับ แต่โตกะจะกินรวบรถทุกแบบ ในไทย หมายถึงยอดที่ 1 นะ แต่สู้นอกบ้าน ผมคิดว่าแพ้ฟอร์ดเต็ม ๆ,neutral
วันสุขภาพจิตโลก (World Mental Health Day) ทุกวันที่ 10 ตุลาคมของทุกปี BangkokHospitalRayong,neutral
สาสส,neutral
สู้ๆครับดันๆ,positive
ไปดูพี่เบนไหทม. ล้านเบียร์ช้าง,neutral
หน้าพี่แบคตอนโดนเพื่อนลากไปตีคือกุวงวารมาก ฮือ หน้าแบบนี่กุต้องโดนเหรอ สติหลุดไปแล้ว55,positive
NISSAN GTR R34 !! * คนไทยแต่งรถไม่แพ้ชาติใดในโลก,positive
น้ำมันเฟืองท้าย + น้ำมันเกียร์ ดีแมก 1.9 เท่าไร,neutral
ข่าวดีสำหรับใครที่จะไปงาน Chang Music Connection presents N.E.M.F. “Northeast Music Fest” เพราะคุณสามารถนำบัตรงานเป็นส่วนลดค่าที่พักโรงแรม Centara Hotel & Convention Centre Udon Thani ได้ถึง “15%” !! (ใช้สิทธิ์ได้ วันที่ 22-24 กันยายน 2017 เท่านั้น) สอบถามรายละเอียดเพิ่มเต็มได้ที่ NEMF NortheastMusicFestival ChangMusicConnection ThailandFestivalExperience Thaifest AmazingThailand ThaiSmileAirways SmirnoffMidnightFestival สตาร์ทให้ไว ไปให้สุด IconicClubbingStudio TEDentertainment follow,neutral
ที่แรก ออโตบอดิ้ ชนบุรี ตอนนี้ นิสสันมอเตอร์,positive
"เรามีชัคกี้แจ็ค ver.3 (1,450 บาท) นัดรับ อนุสาวรีย์ และ bts/mrt ได้ค่ะ",neutral
แม่เลี้ยงเอง,neutral
อีก3เดือส,neutral
เดี๋ยวกูไปโพสต์กลุ่ม vape ต่งประเทศศูนย์รวมทั่วโลกบ้างดีกว่า ว่ารัฐบาลไทย ชั่วจัง,neutral
KFC MK DQ Mdonut โลตัสก็มี เห้อ มีอะไรใหม่ๆให้กินมั่งล่ะ,negative
เราจะงดไปสักใหญ่ๆนะเจ้าอ้วน,neutral
สัสได้5200จบไหม,negative
64 รูปทรงค่ะ EssentialEnergy ShiseidoThailand,neutral
เห็นรูปเนื้อบาบีก้อนหน้าไทม์ไลน์แล้วกุจะอ้วก,negative
คิดถึง Hot Pot Value ไม่จำกัดเวลา...,neutral
บาบิก้อนกูอ่ะ ฮืออีเวงง,negative
"ไม่ดี มันแพง รู้สึกติดหนี้บุญคุณ กะคนที่กูตั้งใจคุยด้วย ชวนคุยแทบตาย เค้าตอบว่าแค่ว่า""ตามใจ"" ..ฮือ กินสปายเมาหัวทิ่มคืนก่อนวาเลนไทน์เลยจ่ะ เจ็บจริงๆ จากใจ",negative
แค้นใจไง ใช้ไรของแพ้ เพื่อนใช้การ์นิเย่ โอเลย์ต่างๆนานา หน้าขาวใส กุแพ้อย่างเดียวเลยจ้า แพ้แม่งทุกสิ่งอย่าง นับได้เลยอะว่าใช้ครีมไรได้บ้าง,negative
โนชีสคะ,neutral
หนาวนี้เราไป เขาค้อ เพชรบูรณ์ กันจิปเบียร์ช้างกัน,positive
สาขาลพบุรี.ลดมั่ย,positive
กินชีส,positive
แค่แถมเป๊ปซี่ เงื่อนไขเยอะมากเบย 55,negative
หมอแสงได้สิทธพิสูจน์ตัวยารักษามะเร็ง แต่คมกฤษณ์กับไม่ได้สิทธพิสูจน์ยารักษาเอดส์,neutral
โลตัส เวียงสระ สุราษฎร์ธานี ร่วมรายการนะคะ ^^,neutral
Hyundai Santa Fe 2019 พบกับเอสยูวีเจเนอเรชั่นใหม่ สปอร์ตล้ำโดนใจ กุมภาพันธ์นี้,positive
ต้องสี่คนบ่นิ555,neutral
คิดถึง Clarins คิดถึงผลิตภัณฑ์คุณภาพ สารสกัดจากธรรมชาติ จากประเทศฝรั่งเศษ ที่มีทั้งสกินแคร์และเครื่องสำอางค์ ครบเลย ผลิตภัณฑ์มีหลายช่วงวัย ตอบโจทย์สาวๆได้ทุกคน มีความอ่อนโยน และมีระดับ Clarin lnstantLightLipCimfortoil,positive
ต้องบูชิ,positive
ยกตัวอย่าง ซื้อเบียร์ลีโอมา ต้นทุน 604 บาท ขาย 620 กำไร 16 บาท โดนปรับ vat7% 43 บาท 40% 248 เอาไปคิดภาษีเงินได้อีก เจ๊งสิครับ,neutral
เนี่ยยย เเต่อันนี้หมูๆ,positive
ทิ้งทวนสนุกกับวันหยุดยาวให้เต็มที่! แล้วเตรียมพร้อมไปทำงานวันแรกของปี 2018 JamesonThailand TwiceAsSmooth,neutral
ไว้ไปแพคขนมช่วย อิอิ,neutral
แลงๆ จัดบ่,neutral
อุ้ยๆๆ555,neutral
ไปๆๆเราไปกันนน เราพร้อมเสมอ,positive
รถมิตซูบิชิในดวงใจคือ ปาเจโร่ สปอร์ตใหม่ 4WD ค่ะ,positive
ฉันหลงรักน้องกันแดดบีโอเร ราคานางไม่แพงนะ หาซื้อไม่ยากหลอดเล็กมีที่7-11 หลอดใหญ่ซื้อตามวัตสัน โลตัส จัดโปรบ่อยไปตำ…,negative
ผลิตภัณฑ์เช็ดหน้าที่ชอบที่สุด คือ ผลิตภัณฑ์ที่เหมาะกับสภาพผิวของตัวเอง เช็ดเมคอัพทำความสะอาดผิวได้สะอาดหมดจด แต่ไม่ทำร้ายผิว ให้ความชุ่มชื้นแก่ผิว ไม่ทำให้ใบหน้าแห้งตึง อ่อนโยนกับผิว คงความสมดุลให้กับผิวค่ะ MantraLady CorinedeFarme,positive
บำรุงสมองบำรุงหัวใจหน่อยไหม 55,positive
"ถ้าคนเขามีปัญญา ตรงๆคือ ไม่โง่น่ะครับ เขาก็จะนึกเอะใจสิ "" เอ๊ะ ! ทำไมแท็กซี่ถึงใช้แต่โตโยต้า (วะ) ? "" แท็กซี่มีซักกี่คันล่ะ ? ่ใช่ป่าว ? ทำไม ? ทำไม ? ทำไม ? ... ก็จะรู้คำตอบ... ผมคนนึง ไม่ศรัทธาและไม่คิดจะซื้อฮอนด้าแม้จะมีกะตังค์ก็ตาม ไม่รู้เพราะอะไรสิ ? รู้แต่ว่า ไม่ซื้อ ...",negative
เลื่อนแม่มึงสิ ขอความเป็นธรรมด้วยค่ะ อนาคตเด็กอย่ามาเล่นตลก,negative
ใครจะดูลูกให้เรา,neutral
คุณลค.สามารถซื้อสินค้าได้ที่ Shop Oriental Princess หรือ Shop online หรือ Line ี่ ค่ะ,neutral
"เป็นเพลงอีกนานเวอร์ชั่นที่สุดแสนจะอีโมชันน่อลซะเหลือเกิน xoxo alonebutnotlonely (emotional version) Live at AbsolutXBoon 23/12/17 gkLive EqualLove AbsolutThailand CreateTomorrow At Super Pussy Nightclub, Soi Patpong.",neutral
ทำไมต้อง 11:00-15:00ด้วย ซื้อได้แต่เฉพาะตอนเย็นหลังเลิกงานนี่ก็ไม่ทันละ เซ็ง,negative
"การดื่มด่ำกับรสชาติที่ดีที่สุดเพื่อให้ได้รสชาติที่คลาสสิกนั้นมีวิธีดื่มที่ง่ายมากๆ ด้วยสไตล์ที่เรียกกันว่า ""ออน เดอะ ร็อก"" นั่นเอง หรือถ้าอยากจะผสมมิกเซอร์ แนะนำให้ใส่น้ำแข็ง วิสกี้ และน้ำเปล่า ด้วย ""อัตราส่วน 1 ต่อ 1"" แค่นี้ก็จะได้สัมผัสรสชาติที่แท้จริงของวิสกี้แล้วครับ",neutral
ไอ้แทตกลับบ้านน,neutral
สุภาสิตวันนี้เสนอคำว่า กินฟูลมูนร้อนท้อง และก็เอ๋อด้วย,negative
ได้ข่าวผ่านๆตาจะแจ้งข้อหาเพิ่มอีกนิครับ ก้อว่ากันไปตามกฏหมายที่กุมเอาไว้ในมือท่านๆทั้งหลาย,neutral
สนับสนุนความมันส์โดย Chivas Regal Thailand และ Chivas Extra รูปสวยๆโดย Siam2nite,neutral
"[[ รักษาอาการปวดประจำเดือน ]] โดย พญ.ชลิดา เรารุ่งโรจน์ สูติ-นรีแพทย์ ด้านมะเร็งนรีเวชวิทยา อาการปวดประจำเดือน เป็นปัญหากวนใจสำหรับคุณผู้หญิงหลาย ๆ ท่าน ทั้งปวดธรรม ไปจนถึงปวดทรมานกระทบต่อการใช้ชีวิตประจำวัน การปวดประจำเดือนไม่ใช่เรื่องปกติ สามารถบ่งบอกหรือนำไปสู่งโรคทางนรีเวชวิทยาต่าง ๆ ได้ ติดตามเพิ่มเติมได้จากวิดีโอนี้ ติดต่อสอบถามเพิ่มเติม 🏥 ศูนย์สุขภาพสตรี Women's Health Center 📞 โทร. 0-2734-00 ต่อ 3200, 3204 อย่าลืมกด like เพจ โรงพยาบาลเวชธานี-Vejthani Hospital เพื่อไม่พลาดข่าวสารสุขภาพและโปรโมชั่นดีๆ... นัดหมายแพทย์ออนไลน์ : ปรึกษาแพทย์ออนไลน์ : -- โรงพยาบาลเวชธานี รับรองจากJCIมาตรฐานโรงพยาบาลระดับสากล เวชธานีลาดพร้าว111 💻 Website : 📞 Call Center : 02-222-22",neutral
ทำไมอินนิสฟรีที่สั่งในจมก.ยังไม่เริ่มจัดส่งอีกก นานแล้วนะว้อยยย,negative
แล้วแต่คนพาค่ะ555,neutral
วีดีโองาน ChivasX Winter Wonderland with The Mousses x Pod ที่ DND มาแล้ว! บรรยากาศภายในงานจะสนุกและมีคุณภาพขนาดไหน ไปดูวีดีโอกันดีกว่า!,neutral
วัตสันไม่มีจำหน่ายค่ะ คุณลค.สามารถซื้อสินค้าและใช้โปรโมชั่นได้ที่ร้านโอเรียนทอล พริ้นเซส ทุกสาขานะคะ,neutral
แนวฮูกาเด้น,neutral
"กลุ่มบริษัท นัมเบอร์วัน ผู้พัฒนาอสังหาริมทรัพย์ครบวงจรย่านบางนา โดยคุณสุกัญญา สุวรรณนภาศรี กรรมการผู้จัดการ บริษัท นัมเบอร์วันแลนด์ จำกัด และคุณสุธรรม สุวรรณนภาศรี กรรมการผู้จัดการ บริษัท นัมเบอร์วัน เฮ้าส์ซิ่งดิเวลลอปเม้นท์ จำกัด ได้มอบเงินบริจาค เป็นจำนวนเงิน 1,000,000 บาท แด่มูลนิธิโรงพยาบาล 50 พรรษา มหาวชิราลงกรณฯ และโรงพยาบาลพญาไท 2 เพื่อกิจกรรมคอนเสิร์ตการกุศลฯ โครงการ “ผ่าตัดหมอนรองกระดูกสันหลัง เพื่อพระภิกษุ นักบวชในศาสนาต่างๆ และผู้ยากไร้” เพื่อ จัดคอนเสิร์ตการกุศล“The One Love Concert” เบิร์ด ฮาร์ท โดยวงดุริยางค์ราชนาวี เพื่อจัดหารายได้สมทบทุนโครงการฯ ในวันเสาร์ที่ 25 พฤศจิกายน 2560 เวลา 19.00 น.ณ หอประชุมกองทัพเรือ ผู้สนใจร่วมสร้างกุศลทางการแพทย์ครั้งยิ่งใหญ่ ผ่านโครงการนี้ สามารถซื้อบัตรคอนเสิร์ต และขอใบอนุโมทนา เพื่อนำไปใช้ในการลดหย่อนภาษีได้ สอบถามโทร. 088-888-88",neutral
โฆษณาหน่วยกู้คิ้วของเมเบอลีนนี่เป็นโฆษณาเดียวที่กดข้ามไม่ลงจริงๆอีสัส55,negative
งดงามปลอดภัย แถมประหยัดนํ้ามัน สุดๆ ต้องยกให้ นิสสัน ตัวนี้ค่ะ ทันสมัยชอบๆ,positive
เออดิ ว่างตอนไหนวะ 55 เลิกงานสองสามทุ่มทุกวัน,neutral
ที่จอดรถ มีน้อยมากๆ มีแค่5 ที่ได้ ต้องจอดข้างถนน,negative
ไม่มีเวลาให้พรรคเพื่อธรรมขยับ,neutral
เคยไปล่ะ ไม่เป็นอย่างที่คิด,negative
ลองแล้วอร่อยจริง😘,positive
ได้ค่ะ 55 ชุดนี้แพงเนอะ,negative
ครับๆ แล้วถ้าเป็นเด็กต่ำกว่า 18+ มาลอง จนผู้ใหญ่หลายคนมองว่าจะให้ถูกกฏหมายยังไงล่ะในเมื่อเข้าถึงเด็กพวกนี้ คุณไม่เดือดร้อนบ้างเหรอในฐานะเป็นคนนึงที่อยากให้มันถูกกฏหมาย ผมแค่มากล่าวมาแสดงความเห็นว่าที่มันยังไม่ถูกสักทีก็เพราะมีคนจำพวกนี้แหละ ไม่ได้ห้ามว่าอย่าลอง เพราะห้ามไม่ได้,negative
"ที่บ้านมี Everest, HRV, Juke, GLA พอพูดถึง CHR เท่านั้นแหละ ทุกคนทำหน้า No มาก Toyota ทำออกมาเหมือนรถ eco SUV car ที่ตั้งราคาเวอร์ hybrid ไม่ช่วยให้ดูแพง ความพร้อมใจที่แท้จริง",negative
เช็ดหน้า กานิเย่,neutral
จัดๆมะ พิม เดอะวอคใกล้ออฟฟิศเลย,positive
ใส่ผ้าอนามัยเหมือนเดิมดีกว่า_ทำไมต้อวเอาอะไรไปยัดไว้แบบนั้น ไม่ดีแน่ๆ,negative
อยากแฉะค้าาา,neutral
กระโหลกกะลาไอ้ควย เหมือนดูดบุหรี่ซองปลอดภัยชิปหาย กุเลิกได้เพราะมันมีสิ่งทดแทนกุไม่ต้องทนกับควันเหม็นๆกลิ่นตัวเน่าๆ บอกมาได้อย่าหลงเชื่อกูแดกข้าวน่ะครับไม่ได้แดกหญ้าเหมือนพวกมึง การศึกษากู ป.ตรี ภาษาอังกฤษกูอ่านออกเขียนได้น่ะโว้ย กูไม่ได้โง่ที่ไม่รู้แตดรู้หีอะไรเลย กระโหลกชิปหาย เป็นตั้งนายแพทย์ มึงไม่ได้ศึกษาผลวิจัยในต่างประเทศบ้างรึไง รึ ว่ามึงรับไม่ได้ รึ รัฐจ้างมึงให้ปล่อยข่าวผิดๆเท่าไหร่ล่ะ คนเขาไม่ได้โง่หมดทุกคนหรอก,negative
"โปรแรงแรง...แบบนี้อย่าช้าพบกับพวกเราได้ที่ บูธ NISSAN โซน Outdoor หน้าห้าง Big-C บางนา ในวันที่ 12-28 ก.พ.นี้ ในบูธพบกับ โปรโมชั่นดีดี มากมาย อาทิเช่น MARCH NOTE ALMERA ดาวน์ต่ำ 8,888 บาท NAVARA ดาวน์ต่ำ 19,999 บาท TEANA XTRAIL รับดอกเบี้ย0%นาน4ปี ฟรีประกันภัยชั้น1 ทุกเงื่อนไข สนใจโทรเลย!! อย่ารอช้า 🔻🔺️🔻🔺️🔻🔺️🔻🔺️🔻🔺️🔻🔺️🔻🔺️🔻🔺️ 📌รถใหม่ป้ายแดง 📌ดาวน์น้อย 📌ผ่อนสบาย 📌โปรโมชั่นดีดี 📞 โทร 02-222-22 (ฝ่ายขาย) 📌สยามนิสสันเซลส์ 📌สาขาบางนา(กม.4)",neutral
ยอดเยื่ยมmgรุ่นนื้หนักแน่นเวลาขับขื่เก๋มากน่าทดลองสไตล์ยุโรปสุดเท่ห์ถ้าได้ขับขื่,positive
ขาย loso กิน leo,neutral
ซื้อของเล่นแยกตะ​หาก​ได้มั้ยค่ะ,neutral
ค่าประกันตังเกือบแสน ค่าปรับไม่กี่ร้อย ไม่มีเงินประกันนี่นอนคุกใช่ไหมเมืองไทย,neutral
เสา ทิต ก้อไม่ได้ราคานี้ซิ,negative
รอเลยครับ Honda รับเรื่องคุณแล้ว,neutral
สวัสดีค่ะ,neutral
กันแเดด หน้าใส กิ๊ก ยิ่งใช้ทุกวันหน้าปัง เด็กๆลงทุกที วันนี้ใช้ KA UV Babyface กันไหมออเจ้าทั้งหลาย KAx7Eleven KAUVBabyFace,neutral
ไม่นะมึงงง ฮอทพอทแหลมทองแม่งเจ๊งไปแล้ว,negative
MKก็มีชาชีสแล้วนะรู้ยัง รสชาติเป็นยังไงไปดูกัน 🧀 เป็นร้านสุกี้แนวครอบครัวที่ทุกคนรู้จัก แต่วันนี้เค้ามีโปรใหม่อย่างชาชีสสุดฮิต เราจึงต้องมาลอง ทางร้านมี 3 แบบ คือ สตรอเบอร์รี่ปั่นครีมชีส ชาไทยครีมชีส ชาเอิร์ลเกรย์ครีมชีส อันนี้สั่งแบบกลับบ้าน แก้วน่ารักมาก มีไม้หนวดปักด้วย ><ทุกคนลงมติว่าชาไทยครีมชีสอร่อยมาก รีบมาโดนกัน 📍MK Restaurants foodstylistchannel,positive
ไม่อยากใช้ทรูมูฟแล้วค่ะเน็ตช้ายิ่งกว่าต่า🐢🐢,negative
แค่ไปร้านค้าก้อน่าบานแล้ว,neutral
big c ของเจริญ(เบียร์ช้าง)นึงในประชารัฐ,neutral
น่าจะมีทุกสาขานะคะ,neutral
ปะ เดี๋ยวอาทิตย์นี้พาไปกิน,positive
โอ๊ยย. อยากก😏😩,positive
เบียร์ช้างยังราคาเดิม65 บาท มึงเป็นบ้าติขวด 50 55 อย่าออกข่าวเกินเลยหลาย,neutral
น้อนกับขวดเบียร์นับไม่ถ้วน,neutral
กราบเพื่อนตอนนี้ใช้มะกรูดของ bsc กลิ่นไม่ได้ดีขึ้นเลย😩,negative
ที่บ้านระโนดมีไฮเนเก้น,neutral
เอ็มเค๊😮,positive
ปีใหม่นะ อันนี้นะ555 ช่วยครึ่งนึงนะ=.=,neutral
หงุดหงิดที่เขียนคิ้วมิลเล่ ไอสัส ฝืดชิบหาย กลับไปใช้อีทูดี้อย่างเดิม,negative
วันหยุดพักผ่อน วันสบายๆ นั่งร้านกาแฟริมทาง หยิบ NYX LUV OUT LOUD Listick สี 05 แท่งเดียวเอาอยู่จ้า Love❤❤👄👄💄💄 คือดีปรบมือรัวๆจ้าาา👏👏👏 nyxcosmeticsth nyxprororeviewAPR,neutral
เด็ก5ขวบยังดูออกเลยมั้งว่าเป็นตร. จะเข้าข้างกันเองไปถึงไหน จับจาก ประชาชนไป ก็เอาไปขาย เอาไปใช้กันเอง,negative
สามารถกินหมูยอได้ทุกวัน,neutral
ราคาได้ฟอร์จูนเนอร์ตัวทอปเลย ไม่เน้นบรรทุกของด้วย เพราะตัวนี้บรรทุกของไม่ได้แน่นอนเพราะไม่มีแหนบ ของเปียกฝนอีก เวลาฝนตก,neutral
เมื่อไหร่ก็ได้ที่ไม่ใช่เดือนนี้55 อยากกินฮอทพอทอ่ะฟ้า,neutral
รถนิสสันอย่าเสี่ยงครับพี่ ปัญหาเยอะครับ,negative
"แกรมมี่ขนทัพศิลปินเดลิเวอรี่ คึกคักรับปีหมูทอง ผุดโปรเจกต์ ""GMM Grammy 4 Road Tour Activation"" มอบความสุข ความสนุกเต็มอัตรา ไปหาทุกคนถึงที่ 40 แห่งทั่วกรุงทพฯและปริมณฑล KachaNontanun (ขอบคุณ นสพ.ไทยรัฐ วันอังคารที่ 15 มค. 2562)",neutral
"เจเนอเรชั่นที่ 2 จึงเข้ามาทำตลาดในฐานะรถอีโคคาร์ จนสร้างกระแสฮือฮาอย่างมาก เพราะโดยเซ็กเมนต์จริงๆ น่าจะเป็นซิตี้คาร์มากกว่า ซูซูกิ สวิฟต์ ออกแบบใหม่หมด แทบไม่เหลือคราบเดิมไว้ให้เห็น พัฒนาขึ้นภายใต้คอนเซ็ปต์ ""INNOVATION - Fun & Sporty"" ใช้แพลตฟอร์ม HEARTECT เพื่อความปลอดภัย ประหยัด แต่เร้าใจยิ่งขึ้น",neutral
อร่อยจนติดจมูก55😋,positive
กระป๋องสวย แต่ข้างไหนดูสีคล้ายU beer เลยคะ เสียดาย😔,negative
ปีนี้จะไปปล่อยแก่ ขอให้ได้ขอให้โดนนะคะ จุ๊ฟฟฟ😙😍 HeinekenStarHive OpenYourMusic OpenYourWorld,neutral
สาขาที่ร่วมรายการมีดังนี้ค่ะ บิ๊กซี ระยอง โลตัส ระยอง โฮมโปร ระยอง CK Plaza ปลวกแดง ระยอง โลตัส แกลง ระยอง 2 แหลมทอง ระยอง (M052 เดิม) Central ระยอง,neutral
สานฝันกูเถอะ พรีสาา,positive
อันไหนดี,positive
MBKมีร้านไหมครับ,neutral
ฮอนด้าซีวิคเพราะประหยัดนั่งสบายกระทัดรัดสุดๆน้องสาวใช้อยู่ด้วย...,neutral
คืออ แฟมิลี่มาร์ท ก็มีเบียร์สดนะเขียวๆกูเห็น กูไม่พูด🤫,neutral
เบียร์สิงห์ต้องจัดแล้วว,neutral
จัดๆๆ,positive
ป้ากลอยนิเน้นอิ่มตลอดอ่ะ,neutral
มันอร่อยมาก ลืมอ้วนกันเลยทีเดียว,positive
จัดมาาา แอร๊ยยย,positive
ฮอตพอต เหมือนเดิม 299,neutral
วันนี้ไปไหนดี อยากกินบาบีกอน,positive
ดีแมกซ์ แดง รีโว่ บรอนซ์ เรนเจอร์ ส้ม ไทรตัน ดำ นาวาร่า ขาวมุก โคโลราโด น้ำเงิน บีที50โปร น้าตาล ส่วนตัวนะ,neutral
dmax บะเคยซ่อมเลยเน่อ,positive
7-11ปากซอยยังบ่มีขายว่ะ,negative
ฮอนด้าที่รัก EnjoyHondaThailand เลือกรถยนต์ฮอนด้าที่รัก มา 1 รุ่น และบอกเหตุผล คือ Honda Civic hatchback turbo เพราะเครื่องแรง ทนทาน ประหยัดน้ำมัน ใช้แล้วมั่นใจในความปลอดภัย โดยเฉพาะเมื่อขับออกต่างจังหวัด เนื่องจากระยะทางไกล พร้อม tag คนที่คุณอยากพาไปดูหนังด้วยกัน คือ อุณาอร ตั้งเศรษฐพัฒน์ ไปด้วยกันนะ ร่วมมั่นใจไปกับ ฮอนด้าที่รัก EnjoyHondaThailand,neutral
เครื่องอัลติส ไม่น่าจะหวังมากกว่านี้ได้,negative
คนรอบาบีก้อนยาวกว่าชาบูอิก อิควัยอยากกินไรมะได้กิน,negative
ยากเด้,neutral
เสียดายมากสาขาที่เพชรบุรีปิดไปแล้ว,negative
ความลักลั่นของคนบังคับใช้กฏหมายของประเทศนี้ ไม่รู้จะอธิบายยังไง,neutral
น่าร๊ากก อบได้ทีละถ้วยล่ะมั้ง,positive
แหกปากกันเจ็บคอมากโต๊ะเรานั้งกัน 9 คนกับสเมอร์นอฟแค่ 2 ขวด นอกนั้นก็น้ำอัดลมแต่เสียงดังเหมือนเมา จริงๆคือบัญชีเครียดค่ะงานยังเคลียร์ไม่เสร็จแต่ขอปลดปล่อยก่อนงี้ 55 ชุ้นท้อ 4 ทุ่มครึ่งขึ้นไปเก็บของลงมารอเพื่อนยังไปยืนเต้นแหกปากกันต่อ โอ้ยย😂,negative
หิว ทุกวันนี้ ท่องแต่หมูทะๆๆๆ แต่ไม่มีเพื่อนกิน ก้อเลยยังไม่อ้วนมาก,neutral
จะได้รถดีของนิสสันและรถรุ่นอื่นๆด้วยนะครับที่ไม่ได้ประกอบในไทยที่มีคุณภาพดีๆ,positive
ขอเชิญร่วมงานบุญศูนย์มะเร็งร่วมกับโรงพยาบาลราชบุรีครับ,neutral
ทานได้นะคะ เสริมร่วมกับการรักษาแผนปัจจุบัน หรือร่วมกับการทานยากลุ่มเสริมภูมิ ต้านมะเร็งได้,neutral
เราเคยสั่งmamonde เบอร์11 กับร้านนี้นะ รอนานมากก,negative
วันนิมาฟังเพลงเพราะๆกันที่นี่ มีของแจกจากเบียร์ช้างด้วยนะจ้าา มาไวๆ ถึง4ทุ่มนะคับ,neutral
โตโยต้ามีแผนจะเอาโปรดักส์ใหม่ๆมาสู้กับCx5/CRv/X-trail/foresterมั้ยครับ,neutral
พ่อเผยลูกมีอาการทางประสาท ยังรักษาไม่หาย เพราะเสพยาเสพติดจนประสาทหลอน,neutral
กาวผ้าอนามัยนี้ติดทุกอย่างยกเว้นกางเกงในจริงๆ,negative
อยากกินชิมิ,positive
ทางเลือกเหมือนคนใช้ มาสด้า2 มาสด้า3 ทางเลือกครับ,neutral
ลอรีอัลจะดันรีวิวครีมหนักไปละ รกฟี้ดชห แต่ก่อนที่ทวิตเตอร์ยังไม่มีคนรับรีวิวเยอะขนาดนี้มันสบายตาว่านี้เยอะ,negative
หากเป็นโปรรีฟิลในตอนนี้ จะมีสาขาที่ร่วมรายการ คือ สาขาเทอร์มินอล 21 และสาขาเดอะแพลทฟอร์ม วงเวียนใหญ่ เท่านั้น นะครับ ซึ่งจะเป็นชุด Happy Refill 399.- และ Super Refill 499.- รับสิทธิ์ได้เฉพาะลูกค้าที่ทำการจองผ่านระบบออนไลน์ของ App หรือ เว็ปไซต์ Hungry Hub เท่านั้น หมดเขต 31 มกราคม 2561 นี้ครับ ส่วนสาขาอื่นๆก้อนขอแนะนำติดตามรายละเอียดได้ที่หน้าเพจก้อนอีกทีนะครับผม,neutral
อยากกินอะไรครับพี่เดี๋ยวซื้อไปเยี่ยม,positive
งานนี้กี่แคลลอรี่ก็ยอม มากินให้ตัวแตกกันไปเลย ที่งานฟินมาร์เก็ต 10-16 กันยายนนี้ พิกัด : ลานน้ำพุ หน้าศูนย์การค้าเมญ่า ไลฟ์สไตล์ ช้อปปิ้ง เซ็นเตอร์ พรุ่งนี้ค่อยลด FinMarket Leoมันส์Zabbมันส์Zone MAYAChiangmai,neutral
โคตรน้ากลัว,neutral
"คืนนี้ พล.อ.ประวิตร วงษ์สุวรรณ รองนายกฯ แจงเปิดให้ทุกฝ่ายร่วมทำยุทธศาสตร์ชาติ หลังมีรายชื่อบุคคลหลากกลุ่มเข้าไปนั่งเป็นกรรมการ ทั้ง ชัชชาติ สิทธิพันธุ์ /ศิริชัย ไม้งาม ทายาทเบียร์ช้าง และกลุ่มเซ็นทรัล, สำนักข่าวซีเอ็นเอ็น รายงาน อดีตนายกฯยิ่งลักษณ์ ชินวัตร กำลังยื่นขอสถานะผู้ลี้ภัยทางการเมืองจากรัฐบาลอังกฤษ ขณะที่พลเอกประยุทธ์ ประกาศ ใครจะใหญ่โตขนาดไหน เมื่อทำผิดกฎหมายก็ต้องลงโทษ และ สมคิด จาตุศรีพิทักษ์ รองนายกรัฐมนตรี ชวนสหรัฐลงทุนในไทย ชู ไทยเป็นศูนย์กลางการค้าการลงทุนของอาเซียน ยืนยันให้ความเป็นธรรมกับทุกฝ่ายเข้าร่วมประมูล",neutral
จริง,negative
คุยกันด้วยเหตุผลบ้านไม่บึ้มหรอกครับ เห็นด้วยทั้งสองท่าน การยกประเด็นทั้งสองขึ้นมา มันทำให้ประชาชนพอจะเข้าใจถึงความเป็นไปได้จะได้เตรียมใจรอตอนโดนจับ 555,neutral
ต้องใปกินพร้อมกันนน,neutral
"ไม่เป็นนะ...ผมก็ใช้ เบอร์ 0W-20 มาตั้งแต่ 10,000 กม. ตอนนี้ 275,000 km แล้วครับ Subaru XV (ไมล์วิ่งไปเท่านี้ ก็ยังขับได้ถึง 200 km/hr อยู่นะ..ใช้น้ำมันเบอร์ 0W-20 นี่แหละ) ปล. มันมีเรื่องเกรดของเบสออยล์ ที่ทนความร้อนในเครื่องยนต์ ไม่ไหว แฝงอยู่ครับ ถ้าใช้เบสออยล์กลุ่ม 4, 5 เป็นหลักไม่มีปัญหาหรอก",neutral
ขอให้ผ่านไปได้ด้วยดีคาบสู้ๆคาบ,neutral
วันนี้จะไปกิน.. อิอิ,neutral
แยก,neutral
ขอบคุณพี่ๆมากๆครับที่ทำตรงนี้ครับ,positive
น้องเหล้าขาว กับพี่หงส์ทอง,neutral
ยาริสรุ่นใหม่ไฟหลังไม่สวยเลย ชอบแบบรุ่นเก่าไฟสองแฏ,negative
คำตอบ: ลอรีเอะ ซุปเปอร์ เจนเทิลพลัส 25-30 ซม. 6-7ชิ้น ลดราคาเหลือ 21 บาท กิจกรรมจากวัตสัน WatsonsTH21stAnniversary,neutral
Vios2018ถ้าผ่อนไม่เกิน7500/72งวด ต้องดาวเท่าไหร่,neutral
ใกล้ปีใหม่แล้ว มีแพลนจะไปไหนกันไหมเพื่อนๆ อย่าลืมพกไปเปอร์ไปด้วยนะ ขายของๆ 55 100PIPERS GiveFriends100%,neutral
ขอรายละเอียด almera ครับ,neutral
ถ้าอิดิสแพทจะโดนยุบที่เกาหลี มาอยู่ไทยนะมึง ข่าวการเมือง ทุกคนจะยกย่องมึง เชื่อกุ... Dispatch,neutral
โอเค,neutral
B มีซุปดำด้วย,positive
เย้ๆ,neutral
ทางวนิลาต้องขอบคุณแบรนด์ 4U2 ที่ส่งผลิตภัณฑ์ 4U2 Love Me More Summer Set บลัชออนสุดคิ้วท์ต้อนรับซัมเมอร์ มาพร้อมกันทั้งหมด 4 สีใหม่ มาให้วนิลาทดลองใช้ เราไปดูกันว่ามีสีไหนโดนใจสาวๆกันบ้าง🙏🙏🙏👍👍 บลัชออนสุดคิ้วท์ต้อนรับ Summer มาพร้อมกันทั้งหมด 4 สี ได้แก่ 2 สีเนื้อแมตต์ และอีก 2 สีเนื้อชิมเมอร์ โทนเน้นสดใส โชว์แก้มสวยๆ สู้แดดซัมเมอร์สดใสให้อารมณ์แบบ ALOHA สุดๆ เนื้อ Matte Blush M11 I'M LUCKY TO HAVE YOU M12 I WANT TO MARRY YOU และเนื้อ Shimmer Blush S11 YOU'RE MY SUNSHINE S12 YOU KNOW HOW I FEEL,positive
"Mizuno ร่วมสนับสนุนรองเท้า ฟุตบอลรุ่น Rebula รองเท้าฟุตบอลหนังจิงโจ้แท้ และรองเท้าวิ่ง Wave Rider 21 ให้กับทีมฟุตบอลสิงห์ออลสตาร์ ที่นำโดยคุณ ""ต๊อด"" ปิติ ภิรมย์ภักดี และคุณ ""เต๋า"" สมชาย เข็มกลัด เพื่อใช้ในการแข่งขันและเดินทางในระหว่างการแข่งขันประจำปี 2018 รวมมูลค่า 590,000 บาท MizunoThailand SinghaAllAtars Rebula WaveRider",neutral
ถ้าเป็นNetflix ทำเอง จะไม่ว่าเลย นี่สำนักข่าว ของแบบนี้เล่นได้เหรอ?,negative
รอติดตามกันนะคะ แอดมินจะรีบมาแจ้งทันทีเลยค่ะ ^^,neutral
ปัดเทียบกันไปเลย Mascara ในตำนานจริงๆว่ะแก เมเบลีนรุ่น Volume Express กราบบ Maybelline New York (Thailand),neutral
ใช่เลย,neutral
ทางของเรามาละ,positive
รอถามคนนี้ แค่แรงขับรถกูก็จะไม่มี,neutral
ขี้เกียจไปยืมรถพี่ พี่แม่งขับเทียน่า คันใหญ่เกิ๊นน ที่เหลือก็มีแต่คันใหญ่ๆ ขับไม่ถนัด 55,negative
เหมือนเก็บกด 55,neutral
แก๊งปากหมากล้าท้าผี เหตุผลสั่นๆ ปากดีทุกตัว ชมพู อาริยา วรินทร์ธร วรินทร์ธร กล้าเกียรติณรงค์ PakaMatPumuu นุชชาดา นุชชาดา คงคุณสิน StarDelivery Heineken Heineken,neutral
ชีวาสนี้เมา,negative
อร้าาอยสก,neutral
เลี้ยงน้ำเปล่าขวดนึงอะ55,neutral
ไปปด้วยกันเป่า,neutral
ไหนบอกจะไม่เปลี่ยนไป ทำไมถึงเป็นแบบนี้ บอกว่าไม่ห่อตัวไม่ซึมเปื้อน คือมึงห่อตัวไงไอ้ผ้าอนามัย มุกควาย,negative
หลังกูกลับมาจากค่ายๆ555,neutral
นี่คือคน ของเธอ สาวก เบียร์ช้าง อ่านแหน่,neutral
โป้งแอดมิน โปรนี้ไม่มีพิษณุโลก😢,negative
"รถคันแรกเซฟ โคโลราโด้ ปี2011 ปีที่แล้วจะไปดาวน์รุ่นนี้ เซล ไม่สนใจ ให้ใบราคา มา ดูเองไปสามรอบ ก็ได้มาสามรอบ ตอนนั้นเงินดาวน์มี50,000. ไม่ให้คำแนะนำอะไร จนแฟนบอกสาขานี้ไม่ต้องเข้า ที่ขายไม่ได้ก็เพราะเซลนี้ละ ... วาสนาเฮาบ่สมกันแล้ว",negative
รัฐมันกลัวบุหรี่ซบเซาอะ มึงอึงอ้างนั่นอ้างนี่ ถุย ไอพวกเห็นแก่ได้ ไอกฎหมายล้าหลัง ดูอย่างเช่น คนรวยทำผิดเดี๋ยวแม่งก็ออก ตายายเก็บเห็ด โทษแม่งมหันต์ มึงอย่าให้กูเป็นนายกน่ะ กูร่างรัฐธรรมนูญตั้งแต่ข้อ1ยันข้อสุดท้ายใหม่หมดเลย กูว่าน่ะ ที่กฎหมายตอนนี้ยังเปลี่ยนอะไรไม่ค่อยได้ เพราะมีพวกเหี้ยๆที่ได้ผลประโยชน์ในกฎหมายตอนนี้อยู่อะดิ หัดบริหารประเทศจริงๆบ้างเหอะ กูขอละ คนไทยทุกคนเค้าก้อขอเหมือนกูแหละ สาธุ,negative
เคร ครับ,neutral
สมิติเวชสุขขุมวิทค่า,neutral
ขี้มอไซไปไง ที่โฮมโปรมีจะไปปะละ ใจๆ55หิวด้วย,neutral
เราต้องพักดันให้บุหรีไฟฟ้าพวกเราให้ถูกสักที่,neutral
Cf ซันวาซู 150 2 ชุด,neutral
รถยนต์ NEW MG ZS รุ่น C ไม่มี i-SMART System รุ่น X มีหลังคา Sunroof ครับ สามารถดูรายละเอียดเพิ่มเติมในเว็บไซต์ตามลิงค์นี้ได้เลยครับ :),neutral
เเคปแปป,neutral
"สะพัด ""สันติบาล"" บุกบ้าน ""ปรีชาพล"" NationTV",neutral
แหม่ม..เมาบุหรี่ไฟฟ้าป่าววะ55,neutral
เมื่อไหร่จะมีการรวมกลุ่มพวกเรามั่ง,neutral
อยากให้ขายถึง1ทุ่มอะครับ เลิกงานก็5โมงแล้ว ไปกินไม่เคยทัน,positive
55พอๆตั้งเเต่เอ็มเคละ,neutral
โปรโมชั่นที่ 7-11 คือ Hada Labo Anti-Aging Lotion สูตรใหม่ ขนาด 30 ml. ค่ะ :),neutral
เบียร์ยูไม่ไหวจริงมายเฟรน55 เข็ด,negative
อย่าหวัง 55,neutral
ว่ากัน สเต็กกะอยากเอ็มเคกะอยาก,positive
เอ็มเคงี้ แต่พูดตรงๆว่าไปกินเอ็มเคทีไรไม่เคยอิ่มอ่ะ เดินไปซื้อข้าวซื้อชาเขียวข้างบ้านดีกว่า,negative
เเม่นมากก555,neutral
เปผ้นอะไรกับบุฟเฟ่55,positive
ปวดขี้ด้วยคนครับ,neutral
รวมโปรกับมา4จ่าย3,neutral
เครื่องสำอาง BSC COSMETOLOGYร่วมผนึกกำลังกับห้างอัมพร จังหวัดพระนครศรีอยุธยา จัดกิจกรรมงาน “ร่วมสืบสานงานวัฒนธรรมไทย ให้คุณสวย สง่างาม ในแบบฉบับสาวไทย ด้วยเครื่องสำอาง BSC” เชิญชวนสาวๆใส่ชุดไทยมาแต่งหน้าฟรีที่เคาน์เตอร์ BSC Cosmetology ณ ห้างอัมพร จังหวัดพระนครศรีอยุธยา พร้อมรับเคล็ดลับการแต่งหน้าและดูและผิว Creative Make Up ชื่อดัง ตั้งแต่วันที่ 1 – 7 เมษายน 2562 เป็นต้นไป,neutral
in box มาด่วน,neutral
เมื่อสงกรานต์พาครอบครัวมาเยี่ยมพ่อ และญาติพี่น้อง ที่อำเภอหัวไทร จังหวัดนครศรีธรรมราช พึงพอใจมากที่ได้ใช้ เชฟ เทลเบเซอร์ ในการเดินทาง ปลอดภัย และมั่นใจสุดๆ,neutral
โลตัส ปากช่อง มีไหมคับ,neutral
วันนี้ฟางก้อไปกับควย,negative
รีวิวรองพื้นสูตรน้ำทุกตัวของ,neutral
ก้อสั่งสิบเซท,positive
อีกนิดนะค่ะ พนักงานแคชเชียร์ลองพยายามหลายครั้งเหมือนกันค่ะ จนต้องขอโทษเค้าที่ทำให้เสียเวลา แค่อยากทราบว่ามันเกิดอะไรขึ้น ทำไมถึงชำระผ่านบัตรไม่ได้ และทำให้ไม่ได้ส่วนลดน่ะคะ,negative
ไปกันสองคนพอ55,neutral
ผมว่าในเมื่อdsegment เริ่มดีไซน์เด็กลงทั้งแคมรี แอคคอร์ด อัลติม่าก็ดูหนุ่มขึ้นก็อยากให้เข้ามาสู้อีกซักครั้ง,neutral
จิบเบียร์ช้างเพิ่มความลงตัวในทุกรสชาติร่วมกับเมนูโปรดแลฟินกับรูม39ด้วย,positive
แต่ทำไมการผลิตส่งมอบนานสุดๆไม่คิดจะแก้ไขให้มันเร็วแบบค่ายรถญี่ปุ่นเลยเหรอครับเปิดตัวอีกไม่เกิน2-3เดือนก็ได้รับรถแล้วข้อผิดพลาดตอนเปิดตัวเรนเจอร์แล้วกว่าลํกค้าจะได้รับรถครั้งที่แล้วน่าจะชี้ให้เห็นการเสียโอกาสนะท่านผู้บริหารฟอร์ดไทย,negative
kulovนี่หวานไปจริงดิ 😯,negative
แลงนี้เนอะป้านายหมูทะ,neutral
ในเพจนี้ก้อน่าจะมีให้สั่งได้ supermom อะ,neutral
มนุษย์ โลก,neutral
แสงโสมแพงกินหงส์ทองดีกว่า,positive
ชอบนะ Heineken ถ้าร่วมวงกับเพื่อนๆจะต้องมีพี่เขาอยู่ในวงด้วยตลอด,positive
ไปกินที่สาขาโฮมโปรที่ชุมพรมาเมื่อวัน ที่ 30 ธันวาคม ไม่มีของอะไรเลย เมนูหลายเมนูถูกยกเลิก เซ็งมาก สอบถามจากพนักงาน,negative
"เหลืออีกไม่กี่วันแล้วนะคะ .. สำหรับกิจกรรมดีๆ จากทางโรงพยาบาลพญาไท 3 กับกิจกรรมเบาหวานโลก ในหัวข้อ ""บำบัดเบาหวานให้อยู่หมัด"" ซึ่งผู้ลงทะเบียนเข้างาน 50 ท่านแรก รับคูปองส่วนลดตรวจสุขภาพเบาหวานฟรี 500 บาท ! นอกจากนี้แล้วภายในงานยังมีกิจกรรมดีๆ มากมายรอคุณอยู่ **สามารถสอบถามรายละเอียดเพิ่มเติมและลงทะเบียนได้ทาง โทร.1772 หรือ ทาง Inbox FanPage Phyathai 3 Family ค่ะ**",neutral
ไม่สามารถเปลี่ยนแปลงรายการอาหารได้ค่ะ ^^,neutral
พรุ่งนี้คัยหยุดบ้างไปกินกัน,positive
ของเล่น Disney เหมือนเดิมม,neutral
ไปสั่ง 4 ชิ้นได้แต่น่อง,neutral
โรคกรดไหลย้อน เป็นอีกหนึ่งโรคที่อยู่ใกล้ตัว เพราะสามารถพบได้ทุกเพศทุกวัย แม้แต่เด็กๆ ก็สามารถเป็นโรคนี้ได้ ซึ่งปัจจัยที่ก่อให้เกิดโรคก็มาจากพฤติกรรมการใช้ชีวิตที่ไม่ถูกต้อง อาทิ นอนทันทีหลังรับประทานอาหาร การทานเยอะเกินไป ฯลฯ 📍ศึกษาข้อมูลเพิ่มเติม คลิก!! : 📍📍สอบถามข้อมูลเพิ่มเติม : 📞 Samitivej Call Center 020-222-222 SamitivejHospital โรงพยาบาลสมิติเวช,neutral
โถ่ว คุณตำนวด เขาผิดจริงแต่แค่บุหรี่ไฟฟ้าอะโถ่ว คุณตำนวดต้องพยายามอธิบายข้อกดหมายให้เขาเข้าใจเส้ หรือว่าสมัยนี้ตำนวดมีความอดทดต่ำ ทีจับรถ ก็ยังหาข้อกดหมายมาเอาผิดได้เลย พูดจนน่าลำคานจนต้องเออๆๆมึงปรับไปเหอะ นี้มาลากเหมือนหมา เป็นกุ กุก็ไม่ยอมเข้าห้องขัง หรอกแค่บุหรี่ไฟฟ้า เมิงอยากปรับก็ปรับไปเด้ ทำไมต้องเอาเข้าห้องขัง ถ้าเมาแล้วขับก็ว่าไปอย่าง โถ่วเอ้ยสังคมนี้แม้งอยู่ยาก กูไปล่ะ,negative
ลอรีเอะเฟรสคอนโทรล 30cm.ซื้อง่ายที่เซเว่น ล็อคกลิ่นได้มั่นใจไม่อับชื้น นี่สิคอนโทรลได้มั่นใจทั้งคืน,positive
เขาก็บอกอยู่นะ มันไม่เกี่ยวกับตัวบุหรี่ มันอยุ่ที่มารยาทคนสูบ จะเอาจุดนี้มาโจมตี e-cig มันไม่ค่อยแฟร์ว่ะ จะด่าก็หาเรื่องงานวิจัยหลักฐานอ้างอิงมาลบล้างเถอะ ไม่ใช่พอหาไม่ได้ มาโจมตีเรื่องควันรบกวน เรื่องหอมไม่หอม เหม็นไม่เหม็น อันนั้นมันจะสูบเหี้ยไรถ้าไปพ่นใส่มันก็น่าด่าหมดอะ ไปเกี่ยวอะไรกับตัวบุหรี่,negative
แนะนำมิตซู จ้างเจ้าของเม้นไปเป็นที่ปรึกษาการตลาดของมิตซูเลยคับ ผมอยากเห็นจัง น่าจะแซงฟอร์จูนเนอร์ได้นะ,neutral
แหมๆๆ เขาเรียกว่าให้เกียรติคนออกตังค์ค่ะ ☺️☺️☺️,neutral
ร่วมรายการด้วย,neutral
ดูผ่านๆนึกว่า หงษ์ทอง กระป๋อง ใจหายแว้ปเลย 55 นึกว่าจะได้เดินไปเซเว่นซะแล้ว,neutral
ทายให้ถูกทุกภาพ..เดี๋ยวจะพาไปเลี้ยง,neutral
ประทับใจในตัวสินค้าทเวลฟ์พลัสพ็อคเก็ต มอยส์เจอร์ โคโลญ ตรงที่ว่าเป็นนำ้หอมที่มีกลิ่นที่เหมาะกับทุกเพศทุกวัยจริงๆอ่ะ มีหลายกลิ่นด้วยให้เลือกทั้งผู้หญิงใช้ได้ผู้ชายใช้ดีค่า ความติดทนนานนี่ยกให้เลย หอมสดชื่นแน่นอน ใช้แล้วไม่รู้สึกว่าฉุนหรือว่ากลิ่นแรงเกินไป แต่ที่พิเศษกว่านั้นและคุณสมบัติที่แปลกใหม่ที่ยังช่วยบำรุงผิวให้ชุ่มชื่น แถมระงับกลิ่นเหงื่อได้ดีอีกด้วย ตอนนี้ทางทเวลฟ์พลัสเพิ่มปริมาณฟรี25%อีกด้วย ใช้ได้นานเลยฉีดนิดนึงก็หอมติดทนไปทั้งวันเลย และที่สำคัญที่สุดคือราคาไม่แพงด้วย ราคาแค่30บาทเองของดีไม่จำเป็นต้องราคาแพงเสมอไปค่า คุ้มแน่นอน หาซื้อง่ายด้วยและพกพาง่ายตามที่ทเวลฟ์พลัสบอกว่า ”ขนาดพกพา..หอมมั่นใจไปทุกที่” ใช้นำ้หอมที่ดีและราคาถูกด้วยดีมากๆเลยค่า เตรียมเงินไป100นึงเดินเข้าร้านสะดวกซื้อสินค้าจากสินค้าจากทเวลฟ์พลัสได้หลายอย่างเลยค่า ตัวนำ้หอมนี้ฉีดก่อนเข้ามีตโซตัสหอมฟุ้งแน่นอนค่า ขอบคุณสำหรับกิจกรรมดีๆด้วยนะค่า “ถูกและดีต้องใช้ทเวลฟ์พลัส แต่ถ้าอยากไปมีตโซตัสซื้อสินค้าจากทเวลพลัสกันค่า”❤️,positive
ป๋องดำกินบ่อยแล้ว อยากกินป๋องฟ้าบ้าง หาซื้อที่หนายย,neutral
มีบัตรสมาชิก ลด10% ร่วมๆแร้ว 30% จ่ายแค่ 209 เดะ 9฿ เราจ่ายเอง 55,neutral
เปย์เยอะไปป่าว,positive
สวย เรียบ หรู NISSANNOTE NOTEPERSONALIZATION,neutral
ไหว้เช้า ไม่ทราบสินค้าจะได้กี่โมงครับ,positive
น้ำจิ้มโชยุไต้หวัน ดีงามมาก,positive
แม่มึง,neutral
เราน่าจะโดนกันหน่อยนะ,neutral
ปะๆๆเพราะวันเกิดเธอยังไม่ได้ฉลองเลย ไปกินบาร์บีกอนกันนะ,positive
เบียร์ช้างง555,neutral
ต้องบุฟเฟ่เอมเคแร้วแหละ555,neutral
มาพรีบุฟเฟต์,neutral
ลดน้ำหนัก,neutral
สำหรับการดูแลรอบดวงตา ตอนนี้โอเลย์จะมีอยู่ 2 ผลิตภัณฑ์นะคะ คือ Ultimate Eye Cream กระปุกสีน้ำตาล สำหรับกลางวัน มี color pigments ที่เป็นส่วนผสมเฉพาะ ช่วยปรับสีผิวรอบดวงตาให้สว่างขึ้นได้ทันที เหมาะมากๆในการใช้ตอนเช้าก่อนการแต่งหน้า เพราะเป็นเหมือนตัว eye primer หรือคอนซีลเลอร์ใต้ตาไปในตัวเลย แถมเป็นการบำรุงในระยะยาวด้วยนะคะ และ Pro-Retinol Eye Treatment (โปร เรตินอล อาย ทรีตเมนท์) หลอดสีแดง สำหรับกลางคืน ช่วยลดเลือนริ้วรอยลึก และตีนกาเมื่อใช้ต่อเนื่องใน 4 สัปดาห์ค่ะ แต่เนื่องจาก Pro-Retinol Eye Treatment มีส่วนผสมของเรตินอล เลยจะไม่เหมาะกับคุณแม่ที่กำลังตั้งครรภ์และให้นมบุตรนะคะ คลิกชมรายละเอียดเพิ่มเติมที่ link นี้ได้เลยค่ะ ผลิตภัณฑ์โอเลย์หาซื้อได้ที่ซูเปอร์ทั่วไป ร้านบู๊ทส์หรือวัตสันก็มีนะคะ หรือถ้าไม่สะดวกไปหา ก็สามารถสั่งออนไลน์ได้จากทางลาซาด้า ตาม link นี้ได้เลยค่ะ,neutral
เย้ๆ... โปรมาแล้ว,neutral
ถ้าอย่างนี้ แบบนี้ คนนี้ อย่าขับเลยแจส อย่างน้อยต้องเอสคอดน์ แหวนเพชรใส่เล่นๆสัก1กะรัต ซื้อขนมกินเล่นวันละหมื่น จึงจะสมกับตำแหน่งส้อใหญ่คนใหม่ประจำใจ,neutral
โคตรบิดเบือนเลย ห่าลาก,negative
กูไม่เห็นที่มึงแท้กไม่งั้นคงเอาไป,neutral
รู้ไหมว่า ? หม่าล่านั้นสามารถนำไปเป็นส่วนผสมเพื่อทำอาหารของชาวจีนได้หลากหลายรูปแบบ ไม่ว่าจะเป็นต้ม ย่าง หรือ ผัด และยังนิยมนำมาหมักเนื้อเพื่อลดกลิ่นสาปของเนื้ออีกด้วยนะ HOTPOTBUFFET DIYBUFFET ซุปหม่าล่า,neutral
กว่า 9 ชั่วโมงแล้ว เฟซบุ๊กล่ม ไอจีล่ม ยังไม่มีทีท่ากลับมาใช้งานได้ เฟสบุ๊กล่ม ไอจีล่ม ไทยรัฐออนไลน์,neutral
ก็บอกแล้วว่า 4 หม้อ ไปๆๆ,positive
พรีอิทูดี้ไปแล้ว,neutral
เลี้ยงตัวเองก่อนอะไอ้สัส,negative
ยังไม่สำนึก ฮ่าๆๆๆ วันนี้ก็จกินอีก,neutral
เครื่อง VR38DETT ของ Nissan GT-R (R35),positive
Kiss me harder nude ของ 4u2 อันนี้โคตรหนักปาก หนักแบบหนักเลยอะ เนื้อหนามาก เวลาหลุดก็หลุดน่าเกลียดมากๆๆๆ เวลากินน้ำ…,negative
ติมอร่อย,positive
เรียบร้อย​,neutral
มันแจ้งสแปมเราต้องดื่มสปายค่ะ555,neutral
หอยหลอด ปีใหม่ฉันค่าใช้จ่ายเยอะแล้ววว,neutral
เสถียน/กฤษณาภัค หงษ์ทอง,neutral
ชุดละ600 หาร2คนละ300 ไหวหรอนุ่น555,negative
อลังการจริงๆๆครับ งานนี้ อั้มพัชราภา ลุ้นรับจับแจก ongoing toyotabuzz,neutral
คุนภรรยาอยากกินหลอ,neutral
หลายมองว่าเหมือนมาสด้า จริงๆจะให้เหมือนจากัวร์ต่างหาก,neutral
29 เทอมินอลมั้ย,neutral
ไปก้อไม่ได้ใช้สิทธิ์ เพราะพนักงานบอกสิทธิ์กี่ครั้งก้อเหมือนเดิม อย่าโปรมากเรยียความรู้👎👎,negative
อยากให้ Netflix มีบูเช็คเทียน,neutral
พาไปหน่อยนะ,neutral
ปัตตานี,neutral
ฮีจู: คุณอยู่ไหนคะ ฉันอยู่กรานาดาแล้ว ฉันเป็นห่วงคุณมาก โทรหาฉันที ฉันคิดถึงคุณ.. (หยดน้ำตา),neutral
ได้ค่ะ โดยวิธีการเก็บรักษาผลิตภัณฑ์ Hada Labo แนะนำให้หลีกเลี่ยงบริเวณที่แสงแดดส่องถึง ห้องที่ร้อนหรือมีอุณหภูมิสูง หรือจะแช่ตู้เย็นในช่องธรรมดาก็ได้นะคะ ;),neutral
ปั่นน้ำแข็งได้ป่าว,neutral
ถ้าแพงขนาดนี้ ฟอจูนเนอร์ ดีกว่า,negative
ไปมั้ยตัว29,neutral
หน้าเพจครับ ลงชื่อได้ครับ ลองหาดูในโพสครับ,neutral
อยากให้มีบุฟเฟ่จุงง,neutral
ถ้าบุฟเฟ่ก็ต้องไปบาบิก้อน,positive
โตโยต้ารีโวไม่ได้เรื่องเลย,negative
มีครับ จะมีงานMu-Xพร้อมโปรแรง วันที่28นี้ครับ,neutral
civic ผมมาแค่ 60 ขับผ่านครั้งแรก ไม่รู้ มองไม่เห็น เจอลอนถนนตอหม้อ ตอนทางเบี่ยงพอดี ท้ายยังมีอาการสะบัดนิดๆเลย ไม่ต้องพูดถึง ในข่าวเวลาตี 2 น่าจะมี 100+ ทำถนนพังเสียหายแบบนี้จริงๆควร ทาเส้นขวางถนนให้เป็นเขตชะรอความเร็ว บางคนไม่รู้ ก็ซัดมาเต็มที่เห็นถนนโล่ง,negative
วันหยุดยาวแบบนี้ ไปเที่ยวไหนกันคะ? พก 3 ไอเท็มนี้ไป ไม่มีพลาดแน่นอนค่ะ 1. Revlon Super Lustrous Lipstick 2. Revlon Volume+Length Mascara 3. Revlon Age Defying Two Way Powder Foundation สวยตลอดวันแน่นอน!,neutral
จดทะเบียนเหมือนรถเรยคับ เรียกตัวทะเบียน แบบนี้สวยเรยต่ำกว่า20+ไม่ได้แตะ,neutral
โคมมันจะปล่อยแสงนิดหน่อยออกมาเหนือเส้นคัตออฟครับ เอาไว้สะท้อนป้ายบนถนน ทีนี้ถ้าแสงมันเข้มขึ้น ไอ้แสงส่วนนี้ก็จะเยอะขึ้นน่ะครับ แต่จะเยอะจนแยงหรือไม่แยงก็ไปลองนั่งหน้ารถแล้วจ้องดู ส่วนตัวผม CIVIC FB ใส่ OSRAM HID ไม่มีปัญหานะ,neutral
ไปวันเสาร์ไปกันนัดอุ๋มแล้ว,positive
มาดูผลการทดสอบ Suzuki Swift 2018 ที่เชียงใหม่กัน ! จะเป็นอย่างไรบ้าง มาดูกันเลย SuzukiSwift2018 SuzukiSwift,neutral
พ่อมันนี่ ขี้ดื้อ,neutral
ผิดเพราะไม่เสียภาษีให้รัฐไง,negative
ห่อที่อยุ่บนชั้นสีฟ้าเขียวลอรีเอะซูเปอร์อัลตร้าสลิมHelloKittyLimitedEditionบาง1มมซึมซับมาก200เท่า,positive
สน ฝั่งธนครับ.ขอเอ่ยแค่นี้,neutral
Wet n Wild Photo Focus Pressed Powder แป้งไม่ผสมรองพื้น ช่วยเซตรองพื้นให้ติดทนนานยิ่งขึ้น ให้ผิวหน้าของสาวๆโดดเด้งทั้งวัน ราคา 390 บาท 822 Neutral Buff 823 Neutral Beige 824 Warm Beige 825 Tan Beige สั่งซื้อทางระบบ line@: หรือ website:,neutral
ฝากผู้บริหารใจถึงหน่อยมาสด้า 6 มาได้แล้วลองสำรวจดูก็ได้คนให้ความสนใจเยอะมากไม่เอาส่วนแบ่งการตลาดหน่อยรึ,negative
เหอะๆๆ แสงโสมป่าว,neutral
ไม่นอนเหรอวะคะ,neutral
อย่าเก่งกับ SMIRNOFF พี่เจ็บมาเยอะ 😅😅,neutral
อยู่ในจุดที่น้ำเปล่าที่บ้านไม่เย็น เลยกินฟูลมูนแทนนน้ำเปล่าอีควยเอ้ย,negative
รอก่อน,neutral
ยูเบียร์ก่อน3ทุ่ม 3ขวด 99บาท ถูกเฮียๆ!! VintageRestaurant 239Vintage,neutral
ไร้สาระมากนะ ตรท. ของน่าจับไม่อยากจับหรอกเพราะมันจับยาก จับแต่อันง่ายๆนี่แหละแล้วก็เลื่อนขั้นแบบงงๆ🤷🏻‍♀️,neutral
ว่างวันไหนกันจ้ะ,positive
ต้อนรับเดือนสุดท้ายของปี 1 ธันวาคมนี้ วิสกี้ Bell's พร้อมเปิดโลกคนจริงของจริง กับคอนเสิร์ตสุดมัน Be Real Concert พบศิลปินคู่หูสุดแนว SCRUBB ที่ร้าน Superhit เกษตรนวมินทร์ กรุงเทพฯ สำรองที่นั่ง FB : superhitkasetnawamin โทร. 099 คนจริงของจริง BellsWhisky วิสกี้แท้สายพันธุ์อังกฤษ รสชาตินุ่มแบบของจริง BEREAL,neutral
ไม่รวมผักค่ะ ^^,neutral
Vios,neutral
อ้อมผ่านจุดๆนี้มาแล้ว แม่ของอ้อม เป็นผู้หญิงนักสู้ ต่อการรักษาและจิตใจเข้มแข็งงดงาม แม่รู้ว่าเป็นมะเร็งที่ช่องปาก ตั้งแต่อายุ 59-60 ก็เริ่มลุกลามมาต่อมน้ำเหลือง... แม่เปลี่ยนพฤติกรรมการกินอยู่ ออกกำลังกาย แม่สู้กับการผ่าตัดใหญ่ 8ครั้ง ฉายแสง คีโม นับไม่ถ้วน จนมะเร็งเงียบไปเป็น10ปี พอแม่อายุ 71-72 มะเร็งกลับมา คีโมและยาที่เคยรักษาได้ผลดีก็ไม่ได้ผล... อ้อมดูแลแม่ รับส่งบ้าน ตจว. กทม. หาหมอ เมื่อแม่ผ่าตัดอ้อมก็เฝ้าแม่ใกล้ชิดทุกคืน นอนพักฟื้นจากผ่าตัดที่โรงพยาบาล อ้อมทำงานกลางวัน เฝ้าแม่กลางคืน มีแค่แม่กับอ้อม จนวาระสุดท้าย ที่แม่ได้จากไปอย่างสงบ ที่บ้านที่แม่รัก ด้วยอายุ73 แม่ได้รับพระราชทานเพลิงศพ... อ้อมทำหน้าลูกอย่างดีที่สุด... อยากให้กำลังใจลูกๆ คนอื่นๆที่แม่ป่วย ว่าเราต้องสู้เคียงข้างแม่ ทำทุกวินาทีให้มีค่าที่สุด ให้กำลังใจและช่วยเหลือ อย่างสุดความสามารถ,neutral
"ชวนคุณมาสนุกในปาร์ตี้ “ตรวจ • ตับ • ไต” กับ “ตู่ • ตอม • แตมป์” ในวันพฤหัสที่ 21 กันยายนนี้ ที่ DND • Ticket : - Early Bird : 500 Baht - At Door : 699 Baht - Package : 5,900 บาท เข้าได้ 5 ท่าน + Chivas Extra 2 ขวด หรือ Chivas Magnum 1 ขวด + Free Flow Mixer (แพคเกจจำนวนจำกัด) ซื้อบัตรได้ทาง Line : .donotdisturb ตั้งแต่วันนี้เป็นต้นไป Pick your dress : Fancy Style (nurse, doctor, patient) AGE : 20+ A GOOD TIME IS NOT TO BE DISTURBED RSVP : 094.414.9266 DNDDoNotDisturb DNDBoutiquePlayhouse ChivasMagnum ChivasExtra",neutral
น้องหงส์ทอง😂😂,positive
ไม่เอาส่งต่อได้นะ,neutral
ประชาชนเป็นใหญ่ ประชาธิปไตยสุจริต เลือกตั้ง62 ประชาธิปัตย์,positive
บอกสัมว่าสุกแล้วกินได้,positive
ถูกต้องเลย เจอแบบนี้ประจำ รถเก๋งนะ เปิดซะแสบตา ล่าสุดเจอ Mazda 5 สวนมากระพริบเตือนกะแล้ว ไม่มีตอบสนอง หน้ามึนมาก 😪,neutral
I love the Lancôme foundation!! 💞,positive
ถ้าสมัคร BC รับมั้ยครับ,neutral
ป่ะ เก็บเป๋าแร้วนะ,neutral
จะมาเมาSPY ไม่ได้นะ...ดูกากงะ,negative
หลุด Nissan Sylphy EV 2018 ใหม่ คาดวิ่งไกล 200 กิโลเมตรไม่ใช้น้ำมัน,neutral
แวะมาลอง The Magic of Butterfly Pea กันนะคะ ^^,neutral
จ่ายเงินตามโปรฯ แต่ได้แค่เนื้อบางๆ,negative
ก้อนขอโทษคร้าบ เดี๋ยวก้อนแก้ไขให้ถูกต้องนะคร้าบ ^^,neutral
พนสอบอะไรน้ามป,neutral
ผ่อนถูกจริงๆครับงวดแรก2000กว่าบาทต่อไป694วีออส2011ครับคุ่มครองเลยครับดีจรองรู้ใจ,positive
บำรุงด้วยลอรีอัลไวท์เพอร์เฟ็คท์ (แบบซอง) ตามด้วย กันแดด อีเว่น คอมเพล็กชั่น (หลอดสีขาว) ค่ะ,neutral
ชั้นจะเปนทาสเทอตะหลอดไปอินนิสฟรี ชั้นจะเลิกใช้คุชชั่นเดอะเฟสชอปตอนนี้เดี๋ยวนี้,negative
อยากได้ 🤓,positive
ตอแหลป่าว,negative
หม่อมเจ้าจุลเจิม ทรงโพสต์เพลง “หนักแผ่นดิน” บอกเนื้อร้องเข้ากับยุคสมัยปัจจุบัน,neutral
อยากกินฮอตพอต 😥😥,positive
งงใจแค่บุหรี่ไฟฟ้าจะยึดรถ,negative
ท้าคนมือไวหยุด มิตซูบิชิ ปาเจโร สปอร์ต ใหม่ ให้ทัน ด้วยระบบ FCM ระบบเตือนการชนด้านหน้าตรง พร้อมช่วยชะลอความเร็ว ตอบสนองได้ทันท่วงที เบรกได้ดั่งใจสั่ง,neutral
แหมๆๆๆ เรียกพี่ขึ้นมาทันที 55,neutral
พรีเซนเตอร์ใหม่ของ Honda,neutral
นวัตกรรม การรักษามะเร็ง (1),neutral
ใช้ Malissa Kiss แล้วคิดถึง เพราะเธอเป็นคนที่สวย มีเสน่ห์ และแซ่บมาก พอได้เห็นลิปสติกสีแซ่บๆ ก็จะนึกถึงเธอคนนี้ ผู้หญิงปากแดงๆ และชอบในการแต่งหน้า แต่งตาของเธอ นี่ถ้าหากเราเป็นผู้ชาย คงจีบเธอไปแล้ว อิอิ 😘😘😘 beautrium btgame,positive
"สวัสดีค่ะ เรียนคุณ สามารถเข้าไปอ่านรายละเอียดตามลิงค์ที่แอดมินแนบไว้นะคะ เพิ่มเติมค่ะ ค่าใช้จ่ายต่อมลูกหมาก (ชายอายุ 45 ปี ขึ้นไป) ทางโรงพยาบาลพญาไท 3 รายละเอียดการตรวจมีดังนี้ค่ะ ีการซักประวัติและตรวจร่างกายทั่วไปโดยแพทย์เฉพาะทาง - ตรวจปัสสาวะ - ตรวจหาสารบ่งชี้มะเร็งต่อมลูกหมาก - ตรวจวัดอัตราการไหลของปัสสาวะ (รวมค่าแพทย์ และค่าบริการ รพ.) 2,400 บาท ค่ะ",neutral
เหมือนที่show dc มันถูกกว่าสาขาอื่นมะ หรือว่าเท่ากันหว่า,neutral
ในโลกนี้ยังมีคนกล้าเลือกคนที่ -เลื่อนเลือกตั้ง -โกงเลือกตั้ง -โกงที่ดิน -ทำให้พรรคพวกร่ำรวย -ผูกขาดบางกลุ่ม -หนี้สินประเทศเพิ่มมากขึ้น -ใช้จ่ายฟุ่มเฟือย -เอาเงินภาษีประชาชนมาแจก -ขึ้นภาษีเก่ง -โชว์ความขายขี้หน้าที่ตปท -เศรษฐกิจถดถอย -ยุทธศาสตร์ชาติถอยหลังลง เลือกตั้ง62,negative
❣️❣️ลดจัดหนัก จัดเต็มกันเลยทีเดียวค๊า สาวๆคนไหนที่รอคอย สินค้าราคาพิเศษ ลดต่ำกว่าทุน คุ้มยิ่งกว่าคุ้มค๊า ห้ามพลาด!!❣️❣️ . 💥The history of whoo GongJinHyang: Seol Radiant White Special Gift Set 3 Pcs.💥 เปลี่ยนผิวหมองคล้ำให้ขาวกระจ่างใส ด้วยตำรับสมุนไพร พัลแบคซัน ให้ผิวพรรณสวยเปล่งปลั่ง พร้อมปรับผิวที่หยาบกร้านให้กระจ่างใสขึ้น . ในเซตประกอบด้วย 1. GongJinHyang: Seol Radiant White Balancer 20 ml. 2. GongJinHyang: Seol Radiant White Emulsion 20 ml. 3. GongJinHyang: Seol White & Moisture Cream 4 ml . ราคาเซลล์ต่ำกว่าทุน 450-. ปกติ 1240-. . ร้านโต๊ะเครื่องแป้ง tohkrengpang shop ของแท้100% ของแท้ เคาน์เตอร์แบรนด์ Thehistory ofwhoo ขาวกระจ่างใส ให้ผิวพรรณสวยเปล่งปลั่ง,neutral
แคมรี่ 04 2.4ราคาเท่าไร,neutral
ล่าสุดเราแจ้ง กรมการขนส่งทางบก ไปแล้ว ก็รอดูว่าจะมีมาตรการดำเนินการกับคนขับยังไงต่อ ถ้ามีความคืบหน้า บทลงโทษใดๆ เดี๋ยวมาอัพเดทอีกที,negative
อร้ายยยอ้วนอะะ55,neutral
สาทุๆ ขอให้ครอบครัวลูกแต่ความสุข ความเจริญ ไม่เจ็บไม่ไข้เงินทองเทมาไหลมา ครอบครัวหงษ์ทอง,neutral
ช้างเอฟเอคัพ,neutral
เยนนี้เลย,neutral
คือแต่บุหรี่ไฟฟ้า มึงยืดรถ แถมยังอ้างไปเรื่อย สนตีนระยำมากตำรวจสมัยนี้ เป็นอาชีพที่ไม่อยากให้ญาติหนือคนรู้จักเป็น เป็นคนดีกลายเป็นคนเร็วได้,negative
"ราคามือ2อิงbluebookน่ะใช่ แต่เต้นท์รับมาราคานั้นใหม ก็ไม่ แล้วถ้ารถปล่อยยาก ก็ต้องรับซื้อราคาต่ำ เพื่อปล่อยออกราคาต่ำเหมือนกัน หรือบางทีก็ไม่รับเข้าเต้นท์เลย เคยเจอtoyota เต้นท์ไม่รับ หรือรับก็ราคาตกกว่าmazdaใหมล่ะ มีช่วงนึงเมื่อ3-4ปีก่อนvigo, corolla ล้นเต้นท์ ขับเข้าไป คงไม่เอาล่ะน้อง มีเต็มเต้นท์เลย ไม่ก็กดราคาต่ำกว่าปกติ",negative
"ดิอาจิโอ เปิดตัว ""Jane Walker"" จารึกประวัติศาสตร์ครั้งแรกของโลก ด้วยโลโก้ผู้หญิงบนสก็อตช์วิสกี้ ""Johnnie Walker"" JaneWalker JohnnieWalker BlackLabel ดื่มไม่ขับ MarketPlusOnline",neutral
น้อยใจจัง ขับ HRV,neutral
"เปิดสูตรปรุงยารักษามะเร็ง "" หมอแสง "" สมุนไพรรักษามะเร็งขั้นเทพ! ที่ประชาชนต่างต่อคิวกันในตอนนี้!!?",neutral
งงกับคนที่เทียบกับประเทศญี่ปุ่น รายได้เฉลี่ยประชากรเค้าเท่าไหร่ ค่าครองชีพเค้าเท่าไหร่ ประเด็นคือ ของที่เค้าขายในสนามบินราคาเท่ากับของที่ขายข้างนอก เท่ากันเลย ทั้งสนามบินนาริตะ โอซาก้า ไม่ได้อยู่ที่แพงไม่แพง ยกตัวอย่าง ไก่ทอดคาราอาเกะ 7-11 ข้างนอก 114¥ ข้างในสนามบินก็ 114¥ โค้ก น้ำดื่ม ทุกอย่างเท่าๆกัน แมคก็เท่ากัน ราเมงก็เท่ากัน แต่ในไทยคือบวกๆ ลองไปซื้อน้ำมะนาว Auntie Anne ที่ดอนเมืองสิ ข้างนอกสนามบินแก้วละ 45 ในสนามบิน 105,negative
อ้อ คุยๆไป งานอื่นของคนที่เคยทำงานให้บริษัทนี้ มีคนบอกว่ายืนขายของด้วยกัน ทำหน้าที่ด้วยกัน แต่ค่าจ้างไม่เท่ากันด้วย,neutral
เด็กขี้แพ้สามารถทานเมนูอะไรของ MK ได้บ้าง,neutral
กูว่าไฟหรี่นารำคาญ​แล้วก็ ยังไม่เท่่่าไฟ ฟอจูนเนอร์ ปาเจโร่ ดีแมค รุ่นใหม่ๆเลย แสบตาชิบหาา,negative
ขอรายละเอียดมาสด้า 2ทั้ง2 รุ่นครับ,neutral
ต้องจัดดด,positive
ของดีมีประโยช.เอาใจช่วยเเละเปนกำลังใจไห้คับ,positive
ใช่บัตรmk จะลดไหมค่ะ,neutral
พวกพี่ทุกคนสุดยอดคับ,positive
"📢📢 ด่วน!! รับสมัครพนักงาน 📢📢 ร้าน Crispy Waffle ร้านวาฟเฟิล ไอศกรีม ตำแหน่งที่รับ : - พนักงาน 4 ตำแหน่ง 💰 9,000-14,000 +เบี้ยขยัน+คอม - ผู้จัดการ 1 ตำแหน่ง 💰 18,000-20,000 +เบี้ยขยัน+คอม รายละเอียดงาน : - จัดและจำหน่ายสินค้าประเภท ไอศกรีม วาฟเฟิล และเครื่องดื่ม คุณสมบัติ - หญิง อายุ 20-28 ปี - วุฒิ ม.3 ขึ้นไป 🏢 สถานที่ทำงาน : SHOW DC พระราม9 📱 ติดต่อสอบถาม : Tel. 066-666-66 Line : nongchanok13",neutral
Nussan x-trail โดยส่วนตัวแล้วเป็นรถที่ชอบและอยากทดลองขับมานานแล้ว คิดว่ารถคันนี้น่าใช้มาก ราคาไม่แพง แต่ของครบ,positive
โซฟีแบบมีปีก,neutral
นัดชงที่แท้ทรู 🙌🏻🙌🏻🤔🤔,neutral
กินกันเถอะ,positive
นิสสันมีดีที่เทคโนโลยีที่ล้ำหน้า แต่ดันไม่ยอมทำการตลาดให้ตรงจุดเด่นของตัวเอง ก็เลยขายไม่ได้ แถมบริการหลังการขายห่วยอีก อย่างที่เป็นข่าวรถใหม่ป้ายแดงเป็นสนิมถ่ายน้ำมันเครื่องออกมาเป็นโคลนกลับปัดความรับผิดดันโยนให้เจ้าของรถ ก็แย่นะ ใครๆๆก็กลัว,negative
แนะนำรสชาตทีครับ กินแต่ตัวเรด ธรรมดาละตอนนี้เพราะมันได้กล่องเหล็ก,neutral
ชั่วโมงครึ่งเหมือนเดิมค่ะ,neutral
เนื่องจากเป็นสิวเยอะจึงต้องใช้ยารักษาสิวหลายชนิดผิวจึงบางมากจึงอยากใช้ผลิตภัณฑ์ กันแดดของ Eucerin เพราะเป็นกันแดดที่ทำให้เราเชื่อมั่นว่าประสิทธิภาพของผลิตภัณฑ์สามารถปกป้องผิวบางๆของเราในช่วงเวลากลางวันได้อย่างปลอดภัยที่สุด ไม่แพ้ ไม่ดำ ผิวนุ่ม มั่นใจใน SUN DP60+ ผลิตภัณฑ์คุณภาพของ Eucerin ค่ะ,positive
เขาขายบัตรสมัครชิกราคานั้นอยู่แล้วน่าจะลดไม่ได้ครับ,neutral
มาสด้าชวนสัมผัสประสบการณ์เหนือระดับกับรถพรีเมี่ยม งานมอเตอร์โชว์ พร้อมอวดโฉมมาสด้า3 และ MX-5 ใหม่,neutral
เกลียดเรดเหมือนเรดจิงหรอ,neutral
วันนี้วันที่5ครับ,neutral
ให้เวลากินแค่ 1.30 ชม.,neutral
เรสโก,positive
ก๊วนผมไม่ดื่ม ไฮเนเก้นครับ,negative
มาสด้า 2,neutral
มาริโอ ยูรอฟกี้ แบงคอกยูไนเต็ด ช้างเอฟเอคัพ,neutral
ฮอทพอท,neutral
สิงห์แม่ง ปีที่แล้วช่วงปีใหม่ ออก U-beer ปีนี้แม่งออก snowy weizen โครตตดี ตลาดเบียร์แม่งจะได้เปิดกว้างง,negative
เริ่มแล้วนะคะ🎉🎉 👉งานเปิดตัว All New Suzuki Swift 2018 สปอร์ตคอมแพ็กคาร์มาตรฐานระดับโลก😍😍 👉ที่โชว์รูมกิจตรงออโตโมบิล ซูซูกิอุบลราชธานี (ห้วยคุ้ม)ทางไปอำนาจเจริญ 😛 มาร่วมงานกันเยอะๆนะคะ 😍😍 👉ติดตามดูไลท์สดได้ที่เพจนะค่ะ📸📺📷,neutral
อุ้ย!!! ลืมตัว..หราาพ่อล้ำบึ้ก,positive
แอ๊ะ .. เขินนน,neutral
นี่แหละครับรถที่ใช่ ... คันที่อยู่แถวที่ 5 (นับจากแนวนอน) คอลัมน์ที่ 4 (นับจากซ้ายไปขวา)คือ ฮอนด้า ซีวิค แฮทช์แบ็ก ใหม่แน่นอน EnjoyHondaThailand,neutral
D. รถ Hilux รุ่น Rocco HiluxRevoThailand,neutral
เอ็งแดกแสง ซึ่งมันเป็นรัมจนชินป่าว ตัวนี้มันวิสกี้ เด่วข้าลองก่อนค่อยมาด่า 55,neutral
โทรทัศน์รวมการเฉพาะกิจ ทำอะไรอยู่ อ๋อไม่มีงบ เป็นครั้งที่...ที่ไม่ใช่องค์กรหลักถ่ายทอดสดกีฬา ต่อจากบอลโลก ทศภาค (เบียร์ช้าง) บอลโลกRS,neutral
ท้องเสียเข้ารพ ไม่ชอบแล้ว,negative
ใครอยากรู้จักกับความเป็นมาของทั้ง 4 ฉลากจากไฮเนเก้น ไปอ่านเต็มๆ กันได้เลย,neutral
ป่ะ ตอนนี้อยู่ยูดี,positive
หมดเขต ก่อนพอดี,positive
ท้ายเหมือนมาสด้า3BL(2010-2013)เลย,neutral
เอลเดอร์เบอร์รี่ เป็นผลเบอร์รี่ขนาดเล็กเป็นพวงสี่ม่วงเข้ม มีถิ่นกำเนิดในยุโรป อเมริกาเหนือ และเอเชีย ซึ่งผลไม้นี้ประกอบด้วย สารแอนตี้ออกซิแดนท์ที่แตกต่างกันสูงถึง 60 ชนิด ทำให้มีผลในการรักษาสุขภาพของหัวใจและหลอดเลือดหัวใจได้อย่างดี และกระตุ้นระบบภูมิคุ้มกัน และมีสารอาหารที่จำเป็นต่อระบบภูมิคุ้มกันของร่างกาย โดยมีวิตามินซี กรดผลไม้และน้ำมันที่มีประโยชน์ รวมถึงฟลาโวนอยด์ (Flavonoids) และ แอนโธไซยานิน (Anthocyanins) มีฤทธิ์ต้านปฏิกิริยาออกซิเดชั่นที่ดีเลิศ (Powerful antioxidant) เพราะฉะนั้นการเลือกทาน เอลเดอร์เบอร์รี่ หรืออาหารเสริมที่มีสารสะกัดจากเอลเดอร์เบอร์รี่ ก็จะเป็นผลดีต่อสุขภาพร่างกาย และผิวพรรณจ้า,neutral
คิดถึงเพื่อนวะ อกหักขี้รถไปซื้อเบียร์ช้างกับเพื่อนตอนนั้นยัง 3 ขวด100 อยู่ ดื่มเพื่อลืมเธอ แต่ไม่ลืมเพื่อนตั้ง,neutral
หมอก/ควัน แค่นี้ก็รู้แล้วอะไรอันตรายกว่า แก้ตัวกันน้ำขุ่นๆ ผลประโยชน์ล้วนๆ,negative
คิดไม่ผิด..ที่เลือก..รีโว่,positive
มีบาบีก้อน ด้วย,neutral
เหล้าหงษ์ทองปี2529 ให้ราคาประมาณเท่าไรครับ,neutral
ขึ้นศาลโดนฝากขังสี่ผลัดนะครับ ต้องหาเงินประกันตัวด้วย เพราะทำสำนวนส่งฟ้องไม่ทันแน่ครับ ต้องส่งเรื่องไปประเมินราคาของที่ศุลกากรก่อนครับ,negative
ไปช้อปด้วย อึดอัดมาก,positive
อยากทราบรายละเอียดของบริโอ้หน่อยคัฟ,neutral
ตอนแรกตั้งใจจะกินแมคอ่ะเมิง ถูกสุดเบอร์เกอร์ไก่โง่ๆ 289 บ. ไม่รวมน้ำด้วยนะเมิง เยสเข้ !😆,neutral
ไม่ชอบกินผักทำไม ไม่บอก... น่ารักเกิ๊นนน @ ลานเบียช้าง Centralworld เซ็นทรัสเวิด,positive
"39คิว รอวันนี้ได้กินพรุ่งนี้อ่อ😑 (@ MK Gold in Pathum Wan, Bangkok)",negative
ค่อยกินวันหลัง,positive
อีกหนึ่งความก้าวหน้า ไม่ช้าคงประสบผลสำเร็จตามที่ต้องการครับ ขอบคุณทุกท่านที่ช่วยดำเนินการให้ครับ,positive
ลูกค้าใหม่ของ Netflix จะไม่สามารถจ่ายเงินผ่าน iTunes ได้อีกต่อไป,neutral
ไปกิงกัง,positive
ป่านนี้แล้วก็ยังไม่ได้ลิปอินนิสฟรี 😅,negative
มีบุฟเฟ่ให้บริการค่ะ ^^,neutral
แป่วว,neutral
คุณปั๊กครับ.เทรลเบลเซอร์ อาการลูกปืนล้อหน้าหลวม สงเกตุได้อย่างไรครับพี่.,neutral
ขอรายละเอียด Pajero 1399 ดาวน์ 25 ผ่อน 5 ปี,neutral
กรุให้มึงเลียง,positive
อีซูซุขายดีเพราะดีไซด์เนอร์ของโตโยต้ามาจากดาวอังคาร ออกแบบรถหัวปลาดุกมาขาย😂😂,negative
เมื่อวานกินบาบีก้อน ..รู้สึกตัวบวม,negative
ข้อดีของรถคือต้องมีความปลอดภัยสูง1ในนั้นต้องเป็นกะบะของนิสสันคะ,neutral
ขอหั้ยผ่านปัยดั้ยด้วยดีคับ,positive
เมายับหลังจากแดก ..อิ้เหี้ยย เหล้านี้แหละ เปนไงล่ะกู หน้ากากถุงยางก็มา อ้วกพุ่ง,negative
Rock.🤘🏻🔥,neutral
ยังหาชุดไม่ได้เลย ออเจ้า,negative
ภาพหมูชิ้นใหญ่มาก. แต่พอไปทาน. มันเล็กมากอ่ะก้อน. ไปกี่ครั้ง. ก็เล็กเหมือนเดิม. สาขาบุรีรัมย์,negative
ออกแบบเป็นรองฮอนด้าหลายขุม,neutral
เซรั่มน้ำนมเข้มข้น ตอบโจทย์ทุกปัญหาผิว 💯 DrJiLL อัดแน่นด้วยสารสกัด 5EGF เหมาะกับทุกสภาพผิว 😎✨จะผิวแบบไหนก็ใช้ได้ !! ✔ผิวผสม ✔ผิวแห้ง ✔ผิวมัน ✔ผิวแพ้ง่าย DrJiLLG5Essence เซรั่มของคุณหมอ ขวดเดียว จบทุกปัญหาผิว 💫,neutral
เมลไม่มีของศรีจันทร์ส่งมาคะ,neutral
รสชาตดีครับ เหมือนๆ 285 ขวดสวย กิน 2 คนยังไม่หมดเลย เมาละ55+,neutral
ต้องพาน้องจิไปกิน,positive
【New Release 】Launching New TRD Sportivo C-HR Accesories Extreme Style (Toyota Genuine Accesories) in Bangkok International Motor Show in Thailand. Go Extreme ! Touch & Feel at Bangkok International Motor Show 28 - 8 April 18 เปิดตัวชุดแต่ง C-HR TRD Sportivo สไตล์ Extreme เสริมความเท่ห์ เพิ่มความหล่อ ให้กับ C-HR มาสัมผัสตัวจริงที่งาน บางกอก อินเตอร์เนชั่นแนล มอเตอร์โชว์ 2018 ตั้งแต่วันที่ 28 - 8 เมษายน 61 TRD TRDASIA Toyota CHR BIMS BangkokInternationalMotorshow Motorshow39TH,neutral
กูว่าจะซื้อมาสด้า 3 ไม่ซื้อดีด่าแบบนี้,negative
พอมีรีวิวมาสด้าสองตัวใหม่ปะครับ,neutral
มันเป็น oil นะ น้ำยาบุหรี่ไฟฟ้า,neutral
อะหยิ่งต่อไป,neutral
ยังไม่หายไข้เลยย,positive
ทำไมบ้านเราถึงรุนแรงอ่ะหรา เพราะมันกัวขายบุหรี่ไม่ได้ไง อดแดรกภาษีไง,neutral
ไม่พบพยาธิ พบแต่ฝี(abscess) และก้อนแบคทีเรีย (Bacterial clump) !!! 😱,negative
เรียนฟู๊ดวันนี้ ไอ่หมุมีไข่พยาธิในบาบีก้อน เราแค่ปิ้งให้สุกมากๆ ก้ตายละ แต่ความร้อนบนเตาบาบีก้อน ยังคงไม่พอนะจ้ะนะนะ,negative
นิสสัน นาวารา ดอกเบี้ย 0% ร้อมประกันศูนย์ คุ้มมากๆ,neutral
บัตรเก่าหาย เลยสมัครบัตรใหม่.,neutral
ยี๋,neutral
อยากให้ลองได้ใช้ครับ ที่ว่าหลัง80อืด ผมว่าถ้าเทียบกับรถเดิมๆด้วยกันเกือบทุกยี่ห้อ ผมว่าไม่อืดนะครับ คนที่ใช้จริงทุกคนมีแต่จะบอกว่า ต้นอืด แต่กลางปลายมาเร็วหมดเร็วครับ แล้วที่บอก ความเร็วไม่สมแรงม้า พอดีกบ่องเค้าล๊อคไว้ 185 ครับ พี่จะขยี้ให้ตายยังไงถ้ากดกันจนสุด np300มันก้ได้แค่นี้ครับ ให้เทียบเดิมๆด้วยกัน นะครับ แค่ความคิดส่วนตัวนะครับ เพราะผมขับทั้ง np300 และ รีโว้ 2.8 4wd ครับ,neutral
แพงเบาๆแหะ,negative
กูอ้วกเพราะแดกฟูลมูนด้วย ก่อนแดกเหล้สหรือเอฟวรี่ติงกูต้องแดกข้าวก่อนน ตอนนี้กูเข็ดมากเลย,negative
มันไม่ดีตรงไหนปวดจิตกับยุคปัจจุบัน อาวุธสงครามจงเจริญ 🙄🙄🙄,negative
ไปกินเมื่อวันเสานิ ไม่มีของแล้วเค้าจะปิดแล้ว,neutral
มันไม่มีเซ็นทรัลเวสเกตนิ,negative
ได้คับ,neutral
งับ,neutral
ถ้วยใบสุดท้าย ใครเหมาะสมที่สุด ?? ฟุตบอลไทย smmsport ช้างเอฟเอคัพ2017 เชียงรายยูไนเต็ด แบงค็อกยูไนเต็ด,neutral
แสงโสมผสมโซดาน้ำแก้ว,neutral
โดยรวมแล้วโอเค,positive
นิสสัน X-TRAIL รถที่ครบครันของครอบครัว สวยจริงๆ,neutral
ขอรายละเอียดอเมร่าหน่อยคับ,neutral
เอาอีกแล้วหรอที่รัก,neutral
หาเรื่องกันอีกแล้ววว,neutral
พร้อมไปเปียกให้ชีวิตดีกับBLEND285⚡️🎱⚡️ พร้อมสนุกสุดมัน ไปกับชาวแก๊ง เติมเต็มความมันด้วย BLEND285 เท่านั้น ตลอดงานทั้ง 3 วัน ใช้ชีวิตให้สนุกสุดมันไปกับเทศกาลงาน S2O Music Festival 2018 ชีวิตต้องออกไปลองประสบการณ์ใหม่ๆ สักครั้ง ชีวิตทีคุณเลือกได้ต้อง BLEND285 เท่านั้น 🚀🚀🚀 BLEND285 S2O2018 FindYourJoy ใช้ชีวิตให้กลมกล่อม > ต้อง BLEND285 เท่านั้น 🌟🌟🙏🏻🙏🏻🎱,neutral
เหมือนของ Mazda เลยครับ,neutral
1.9ก็วิ่งมหาสารเกาะถนนด้วยรีโว่ยังเทียไม่ได้เลยของเค้าดีจริงๆว่าแล้ว4ประตูซักคันดีมั้ยเรา,positive
รักและชอบใน MG ทุกเรื่อง ที่บ้านใช้ครบเกือบหมด ทุกรุ่น ยกเว้น GS กับ ZS ฝาก MG ปรับปรุงเครื่องยนต์ เพราะมีการบริโภคน้ำมันมาก มากถึงมากที่สุด โดยเฉพาะ MG6 ในเมืองกิโลเมตรละ 4 บาทกว่า ที่รับได้ที่สุดคือ MG3 ฝากปรับปรุงด้วยนะครับ,negative
น่าไปลองอะ,positive
ไปจัดมาละก้อนคุ้มอิ่มฝุดๆชอบมากเลย สาขาเซนทรัลรัตนาธิเบศร์ บริการดีมากเลยปลื้มมม วันหลังไปอีก😍,positive
อยากลอง แต่แพ้โซฟี,negative
"พี่น้อง 'ระยอง ... คืนนี้พบกันครับ | รออยู่ตรงนี้ Food & Friends, Rayong Zeroherothievestour2017 Jackdaniels",neutral
สำหรับโตโยต้า ได้แค่นี้,neutral
อันนี้ก็น่ากินเนอะ,neutral
Mu x ดอกเบี้ย 0.99% มีเงื่อนไขอย่างไรบ้างครับ,neutral
"เรียนเชิญเข้าฟังการสอบวิทยานิพนธ์ เรื่อง ""การจำแนกรูปแบบปรากฎทางอิมมูน การวินิจฉัยอณูชีววิทยา การตรวจเซลล์มะเร็งที่หลงเหลือและการแสดงออกของโปรตีนดื้อยาในสุนัขป่วยด้วยโรคมะเร็งต่อมน้ำเหลืองที่ให้การรักษาด้วยเคมีบำบัดด้วยวิธี Modified COP, Modified CHOP และ Rescue Protocols"" (Immunophenotype, Molecular Diagnosis, Minimal Residual Disease, and Multidrug Resistant Protein Expression in Modified COP, Modified CHOP and Rescue Protocols of Treated Canine Lymphomas) โดย นางสาวสิรินทรา ศิริวิสูตร วันพุธที่ 1 พฤศจิกายน 2560 เวลา 09.00 - 12.00 น. ณ ห้องประชุม ประสิทธิ์ โพธิปักษ์ ชั้น 10 อาคาร 60 ปี สัตวแพทยศาสตร์ คณะสัตวแพทยศาสตร์ จุฬาลงกรณ์มหาวิทยาลัย",neutral
แสงโสม295แพงโคตรเงิบบบ,negative
การลงทะเบียนเป็นการอัปเดตข้อมูลของลูกค้าในระบบค่ะ หากลูกค้าลงทะเบียนไม่ได้ติดต่อ MK Call Center 02-222-22 เพื่อตรวจสอบข้อมูลนะคะ ^^,neutral
Chevrolet เผยโฉมรถกระบะโคโลราโด ไฮ คันทรี สีใหม่ Dark Shadow Metalic พร้อมชุดแต่ง Phoenix Edition สำหรับเทรลเบลเซอร์,neutral
นอกจากงานดีๆ เพลงมันส์ๆ คืนข้ามปี จะขาดเหล้าที่กลมกล่อมอย่าง Blend285 ไม่ได้แน่นอนๆ 🍻,neutral
อ่า เลิกช้า โอ้ยย,neutral
/3.0 Ddi BLUE POWER,neutral
จะเลี้ยงเค้าใช่ปพ,positive
กำลังจะย้ายค่ายเร็วๆนี่ละ โฆษณา กับ ความจริงต่างกันลิบลับ,negative
ชอบเลย NISSAN GTR👍👍👍,positive
กุกะบ่คุ้มแหละ,neutral
💁🏻‍♀️💝เรฟลอน โฟโต้เรดดี้ แอร์บลัช เอฟเฟ็ค เมคอัพ ทุกเฉด 💓💓ได้คูปองลดทันที 100 บาท💓💓ในโปรโมชั่น Watsons Beauty in Summer (29 มี.ค. - 25 เม.ย. 61) WatsonsThailand,neutral
อยากหมี่หยกอะ,positive
วันนี้มากินเอ็มเค สาขาบิ๊กซีอ่อนนุช เป็นเพราะเรานั่งโซนด้านในเราจึงเห็นพนักงานยืนจับกลุ่มกันไม่ค่อยสนใจลูกค้าจนลูกค้ากินของคาวเสร็จละ ก้อไม่เก็บจานชาม สั่งของหวานมาเสริฟก้อวางซะห่างตัวลูกค้า..เพนาะไม่เก็บโต๊ะไงน้ำจิ้มนี่ก้อไม่มองไม่ขอก้อไม่เติมอันนี้เข้าใจได้นะ...ไม่ประทับใจสาขานี้ไม่เหมือนสาขาอื่นเลยอ่ะ,negative
แค่ป๋องดำก็หัวทิ่มละ😂,negative
เมื่อไรจะมาเปิดที่เซนทรัลพระราม9บ้าง ย่านรัชดานี่ไม่มีเลย,neutral
น่ากินมาก,positive
จ่ายเงินเล่นนะครับเน็ตไม่ได้ขอเล่นฟรี เน่ามา2วันละหมุนติ้วๆ,negative
Mazda. ประตูปิดไม่ได้(ปิดแล้วไม่ล็อก),negative
จานคลาสสิค,neutral
Mazda rx8 เช็คชว่งล่าง,neutral
กระแสเทรนด์และการเปลี่ยนแปลงของไทยในปี 2019 - การเลือกตั้ง - ราชาภิเษก - รถยนต์ EV - 5 G - พรบ.คู่ชีวิต - เลิกใช้ถุงพลาสติก,neutral
"ตัวแม่มา ทั้งมันส์ ทั้งฮาแน่นอน ห้ามพลาด!! ศุกร์ที่ 16 มีนาคมนี้ คอนเสิร์ต ""เบน ชลาทิศ"" Ben Chalatit จัดเต็มที่ร้าน LIZM ฟังเพลงเพราะๆ มุขฮากระจาย 😂 โทรจองโต๊ะกันได้เลย *ซื้อบัตรก่อนวันงาน ราคา 250 บาท* *ซื้อบัตรหน้างาน ราคา 300 บาท* บัตร 300 ใช้สิทธิ์มากมาย 👉บัตร 2 ใบ ใช้ลด Chivas Extra จาก 2,200 เหลือ 1,600 บ. 👉บัตร 1 ใบ ใช้ลด Jameson จาก 1,350 เหลือ 1,050 บ. 👉บัตร 1 ใบ แลกเบียร์ Coronita 1 ขวด 🍻 *เหล้าหิ้วคิดลิตรละ 1,000 บาท *เปิดเหล้าใหม่ขวดแรก แล้วเอาเหล้าฝากมาดื่มได้ *โต๊ะจองปล่อย 3 ทุ่มขึ้นไป "" Lizm ผับเบอร์ 1 ของคนรักสนุก "" คิดถึงคอนเสิร์ตดีๆ ต้องที่ลิซึ่มประชาชื่น อย่าช้า รีบโทรจองโต๊ะก่อนที่จะเต็ม!! LizmBKK 02 222 22-1 ☎️ ChivasX AskforExtra Coronita เบนชลาทิศ",neutral
กาวผ้าอนามัยดึงหมออ้อย 😂😂😂,negative
จัดชีวาสเร็วๆเลย,positive
มายัวอีกแย้วว,neutral
หิวเบียร์ช้างเลยค่ะ😁🤣😘,neutral
ปีใหม่นี้จัดนะ น้ำแข็งเปล่า หงษ์ทองโซดา,neutral
เสียใจทสาขาเดอะมอลล์บางกะปิ ยุบไปแล้ว,negative
มาทานที่เดอะมอลล์งามวงศ์วาน เจอแมลงสาบด้วยค่ะ คือตกใจขึ้นมาพร้อมกัน 2ตัว ตกใจอย่างแรง,negative
เราเป้นแบบนี้,neutral
เมนูเพื่อสุขภาพจากนักโภชนาการ ฟรุ๊ตสลัดเชื่อม (พลังงาน120 kcal) ส่วนผสม 1. น้ำตาลทราย 1/2 ถ้วยตวง 2. น้ำสะอาด ¾ ถ้วยตวง 3. เกลือป่น ½ ช้อนชา 4. น้ำเย็นจัด ¾ ถ้วยตวง 5. น้ำมะนาว ¼ ถ้วยตวง 6. ผลไม้ตามฤดูกาลที่หาได้ เช่น สับปะรด กล้วย องุ่น แตงโม แตงไทย ส้ม มะละกอ ฝรั่ง ฯลฯ โดยรวม 1 ถ้วยตวง วิธีทำ 1. ต้มน้ำตาลทรายกับน้ำให้เป็นน้ำเชื่อม 2.ใส่เกลือป่นลงไป แล้วรอให้น้ำเชื่อมเย็น 3. เติมน้ำเย็นจัด น้ำมะนาว และผลไม้ที่เตรียมไว้โดยหั่นขนาดพอดีคำ 4. แช่ตู้เย็นไว้ให้เย็นตลอดเวลา เมื่อรับประทานจะใส่น้ำแข็งป่นลงไปด้วยก็ได้ คุณค่าทางโภชนาการ ผลไม้ทุกประเภทอุดมไปด้วยวิตามิน และ แร่ธาตุต่างๆ เช่น แคโรทีน วิตามินซี ซึ่งช่วยให้เซลล์ร่างกายยึดติดกันและเพิ่มการดูดซึมธาตุเหล็กจากอาหารธาตุเหล็กและโพแทสเซียม และมีสารต้านอนุมูลอิสระป้องกันโรคมะเร็ง และโรคหลอดเลือดหัวใจอุดตัน ช่วยชะลอความแก่และช่วยให้ร่างกายรู้สึกสดชื่น เมนูสุขภาพ โภชนาการ น้องใจดี ManaromHospital WellBeing โรงพยาบาลมนารมย์,neutral
วันนี้กินสเมอนอฟไป1ป๋องถ้วน ผลคือไม่เมาแต่แขกตี้ ขี้แตก!!,negative
น้ำอัดลม Refill บางสาขามีแล้วนะครับปีนี้น่าจะมีเพิ่มมากขึ้นครับ,neutral
หลงรักพี่ปั้นจั่นก็คราวนี้แหละหนา เพราะได้เพื่อนซี้คนนี้คอยเป็นแกนนำติดตามว่าพี่ปั้นมีงานที่ไหน นางก็จะมาแจ้งข่าวในกลุ่มและนางก็ตามไปทุกที่ เลยอยากถือโอกาสอยากทำกิจกรรมกับพี่ปั้นจั่นสักครั้งเพื่อตอบสนองคุณงามความดีที่นางได้คอยมาแจ้งข่าวให้เพื่อนๆได้ติดตามพี่ปั้นจั่นเจ้าค่ะ❤️ขอโอกาสสักครั้งเถอะเจ้าค่ะสุดสัปดาห์&มิตซูบิชิ แอททราจ 😘,neutral
ซีวิคหรอยโอ้ว,neutral
จากใจเภสัชกร ยาล้างไต ไม่ได้ช่วยรักษาอาการปวดหลัง ยาล้างไต ไม่ได้ช่วยรักษาอาการปวดหลัง ยาล้างไต ไม่ได้ช่วยรักษาอาการปวดหลัง ยาล้างไต ไม่ได้ช่วยรักษาอาการปวดหลัง ยาล้างไต ไม่ได้ช่วยรักษาอาการปวดหลัง อธิบายจนจะปากแห้งแล้ว อ้อ.. และก็ไม่มีขายด้วยนะคะ,neutral
อยากขับขี่เร้าใจแบบเหมือระดับ มีstyle ไปด้วยกัน(ต์) ไปด้วย Corolla Altis toyotaaltis corollaaltis toyotathailand,neutral
ไม่ไปตรงkulovเนี่ยแหละ,negative
Jessika มี2สาขาค่ะ (สาขา1 )ในห้างโลตัสวาริน โซนโทรศัพย์ติดร้านนวดเเละร้านคิวเพลส (สาขา2 )โซนบิ๊กซีอุบล ตึกเทียนชัย ติดเซเว่น ทางออกบิ๊กซีฝั่งตรงข้ามเเมคโคร ตรงข้ามตลาดนัดเสื้อผ้ามือ2มาโก้,neutral
แหมๆๆกินลีโอด้วย,positive
วีออส อัลติส แคมรี่ หน้าเหมือนกัน รูปทรงก้อเหมือน ดูแล้วไม่รู้สึกอยากได้เลย ยิ่งภายในก้อนะ ออกแบบรถเหมือนคนขี้เกียจคิด ทำแค่ S M L จบ สรุปเจ๊ง!!,negative
Live: มาทำความรู้จักกับ Three Base Makeup 2018 รองพื้นใหม่ แป้งใหม่ คอนซีลเลอร์ใหม่!,neutral
ศูนย์แถวบ้านมึงป้ะ มาสด้าครึ่ง เอมจีครึ่ง,neutral
สายเปย์ที่แท้จริง 55 app.ยังรู้เลย เที่ยวที เปย์ค่าเหล้า เปย์BLEND285 เปย์ค่าห้อง เปย์ยาวไปค่าา !!! คบกับพี่เปย์อย่างเดียว,neutral
อดีตผู้ว่าสุขุมพันธุ์ขายให้เบียร์ช้างไปแล้ว,neutral
วิ่งก่อนๆ,neutral
ข่าวไทยรัฐ : หมดอายุก็ยังใช้ได้ NISSAN เปิดโรงงานรีไซเคิลแบตเตอรี่เก่ารถไฟฟ้า,neutral
กระแสคิดถึงสมศักดิ์ เจียมธีรสกุลปรากฏขึ้นบนโลกออนไลน์อีกครั้ง หลังชาวเน็ตพูดถึงสมศักดิ์อย่างแพร่หลายทั้งในทวิตเตอร์และเฟสบุ๊ค ในช่วงที่มีการยกเลิกสถานะผู้สมัครรับเลือกตั้งของทูลกระหม่อมหญิงอุบลรัตน์ ฯ ในวันที่ 8 ก.พ..,neutral
กอน อะไร,neutral
ซีคอนมันปิดปรับปรุงอ่าา,negative
ใครจะใจดีขนาดนั้นเพ้อเจ้อ,neutral
ป๊า เค้าอยากกินน 😁😁,positive
"ย้ำ!!เฉพาะ​สาขาที่ร่วมรายการ"" สงสัยลูกค้่าโดยหลอกไปหลาย รายก่อนทานถามก่อนก็ดีน่ะคับ",negative
รอลุ้นกิจกรรมหน้านะคร๊าบบบป๋ม,neutral
ciaz แม่ง ก๊อปบอดี้ city ี้มาทั้งคัน ไอ้ yaris ativ. ก็พยายามให้ไฟท้ายคล้าย mazda2 ทำไมไม่ออกแบบเองว่ะ,negative
ครับ // แอดหงส์ทอง,neutral
ก่อน3ทุ่ม เด้อ เบลน285 ขวดละ 99บาท เองแกร!! จัดให้สำหรับคอเหล้า คอทองแดง ทุกท่าน ส่วนเบียร์ก็ยังมีอยู่นะ ลีโอ สิงห์ไลท์ ก่อน3ทุ่ม ขวดละ52 บาท ยูเบียร์3ขวด 99บาท โคตรถูก!!,neutral
แต่มันต่อหัวอะ,neutral
03:33 เพลิงไหม้อาคาร ภายในโรงเรียนเทพศิรินทร์ ถนนกรุงเกษม พื้นที่เขตป้อมปราบศัตรูพ่าย จนท.กำลังดำเนินการ ภาพจาก: นนทรี 08,neutral
ผมชอบมาสด้าcx3ครับสวยดีแต่ตอนนี้ขับแจ้ส,positive
โซฟี ก็ดีนะ แต่แปลก รุ่นที่ใช้ดีๆ ชอบเลิกผลิต แผ่นอนามัย ก็เช่นกัน,negative
ราคาเท่าไหร่คะ แล้วมีสาขาไหนบ้างคะ,neutral
พอเถอะกุลืมไปแล้วว่าหิวเอมเค!,neutral
ToyotaBuzz Motorshow ยกมาที่นี่ น่ะออเจ้าา,neutral
ไม่ให้ไม่ว่านะน่าจะเงียบๆไป HRV นี่ HONDA ยังเฉยๆเลย,negative
ตอนนี้มีโปรร่วมกับร้าน hotpot buffet บ้างไหมครับ พอดีกำลังมาทาน,neutral
หิว...หิว...😋😋😋,neutral
โช๊ครุ่นนี้ใส่ฟอร์จูนเนอร์เท่่ไหร่ครับ,neutral
ถึงเส้นทางท้าทายแค่ไหน ก็ไม่หวั่นแค่มี นิสสัน นาวารา ใหม่! มั่นใจด้วยเทคโนโลยีอัจฉริยะ กล้องมองภาพรอบทิศทาง และโครงแชสซีส์สุดแกร่ง ถึงทุกจุดหมายด้วยพลัง 190 แรงม้า ขึ้นภูทับเบิก ดูพระอาทิตย์ขึ้น ไปกับเพจ TripTH ทริปไทยแลนด์ Cr.TripTH ทริปไทยแลนด์ รายละเอียดเพิ่มเติม : NissanTH Navara,neutral
ตอนนี้สนใจ แค็บ-D Max 4ประตู-Ranger,neutral
"ชาวอุบลเตรียมตัวให้พร้อม‼️ ชวนแก๊งเพื่อนซี้มางาน “ช้าง เซ็นซอรี่ เทรลส์…อร่อยสุด สนุก กับเพื่อน” 📆 ตั้งแต่วันที่ 14 - 18 ก.พ. 61 ⏰ เวลา 17.00 - 24.00 น. 📍 ที่ ตลาดนิกรธานี อุบลราชธานี ศิลปินที่จะมาร่วมเติมเต็มทุกรสชาติเสียงเพลง 🎤 14 ก.พ. 61 หญิงลี 🎤 15 ก.พ. 61 ป๊อป ปองกูล 🎤 16 ก.พ. 61 ไมค์ ภิรมย์พร 🎤 17 ก.พ. 61 เต้ย อธิบดินทร์, เมย์ จิราพร, วงผ่าเหล่า 🎤 18 ก.พ. 61 บอย พนมไพร, โก๊ะ นิพนธ์ 🙋 แ ล้ ว พ บ กั น 👫 ติดตามรายละเอียดเพิ่มเติม 👉 ได้ที่ ช้าง Chang ChangSensoryTrails เติมเต็มทุกรสชาติความอร่อย💕",neutral
ถามพ่อรึยังว่า ว่างมั้ย,positive
ชอบสิงห์ สุดอะ เช้าๆตื่นมา กินแล้ว ลงคอง่าย. ตัวอื่นลองแล้ว กลืนไม่ลง ตอนเช้าๆ,positive
มึงงไปแดกก,positive
ไปๆๆ เชียร์ๆๆ ทุกทีมสู้ๆๆ SHOW DC เสาร์นี้ค่า,positive
ไซบีเรี่ยนฮั๊ดสกี๊~,neutral
"ยังไม่ได้นอน...เลยจะสิบโมงเช้า . Collusion Project Presents “Youngohm"" on Wednesday 10 January 2018 @ DND . •Tickets: -Pre-Sale : 299฿ -At door : 399฿ . Dress code: ชุดไม่ได้นอน . Line up: - Youngohm - FIIXD - YB - Cleo P - Marty Grimes . RSVP : Line: .project / Tel: 099 . A GOOD TIME IS NOT TO BE DISTURBED . DNDDoNotDisturb DNDBoutiquePlayhouse ChivasExtra Siam2nite CollusionProject",neutral
ทอดน้ำปลา มาดู ซิหมูกรอบ อร่อยชอบ ตอบโจทย์ ซดเบียร์ช้าง ผัดผักบุ้ง ไฟแดง แต่งจานวาง อร่อยอย่าง ราชา จะบอกให้ ไม่ต้องสน คนอื่น จะนินทา หิวนี่หว่า มาเดี๋ยว ถามเสียวไหม ผ่อนและคลาย หายเพลีย เลิกเสียใจ แก้กระสัย ใช่เป็น เช่นกระสือ,neutral
กินบาบีก้อนก่อน,positive
เดี๋ยวร้อน เดี๋ยวฝนแบบนี้ ดูแลผิวอย่างเร่งด่วน ด้วยซีรั่มธรรมชาติ Absolute Treatment พิเศษ ซื้อ 1 แถม 1 7 วันเท่านั้น เฉพาะสมาชิกเท่านั้น วันที่ 16 - 22 เม.ย. 2561 ที่ร้านโอเรียนทอล พริ้นเซส ทุกสาขา ORIENTALPRINCESS KEEPBEAUTIFUL Promotion *เงื่อนไข : - สินค้าแถม ราคาต้องต่ำกว่าหรือเทียบเท่ากับสินค้าที่ซื้อ - สมาชิกสามารถสะสม OPS Rewards ได้จากยอดซื้อสุทธิ - กรณีส่วนลดไม่สามารถใช้สิทธิ์ส่วนลดได้อีก - เข้าร่วมทุก Promotion เฉพาะยอดซื้อสุทธิ - รับสิทธิ์แลกซื้อ 1 รายการ ต่อ1 สิทธิ์ ต่อ 1 บัตรประชาชน - ร่วมโปร White & Bright ที่ยอดซื้อสุทธิ,neutral
ระยองไม่มีอด,neutral
ตังหมดแล้ววว,neutral
Ford raptor,neutral
เสียดายจังพิษณุโลกไม่ได้ร่วมรายการ 😭😭😭,negative
คนโตโยต้าขับCivicเยอะแยะ,neutral
อยากได้ๆๆกิ๊ฟเซตสมูทโตะ,positive
พาไปหน่อยน้าา,positive
ควรคะ,positive
อันนี้คือชาเอิร์ลเกรย์ครีมชีส ทำได้แย่มาก ไม่ได้อคติ MK นะคะ ดิฉันเป็นสมาชิกแพลทตินัมค่ะ,negative
ประสานงานให้จะดีมากค่ะ เผื่อใครไปทานแล้วเจอปัญหาเดียวกัน จะได้ไม่เสียสิทธิของตนเองค่ะ ขอบคุณค่ะ,positive
คูมหมวกใบนี้ตอนเป็นเพื่อนซี้น้องเตนล์สมัยเด็กแน่ๆ ใบโปรดแบบที่วันไหนไม่ได้ใส่ต้องงอแงแน่เลย,positive
จะสูบอะไรก็ไม่ว่าหรอกครับ แต่กรุณาไปสูบใต้ลม แค่นั้นแหละครับที่อยากจะขอ // กูเหม็น,negative
อะรายย,neutral
นิสสันจะเปลี่ยนโฉมทุก 100ปี ถถถ,negative
Mazda ฟ้องลูกค้า CX-5 กว่า 95 ล้านบาท! ลูกค้า Mazda2 ถูกฟ้องบ้าง เรียกค่าเสียหาย 84 ล้านบาท คืออะไรครับอธิบายหน่อย ซ่อมให้ลูกค้าไม่ได้ก็ฟ้องลูกค้าแบบนี้หรือ ใครจะกล้าซื้อรถค่ายนี้ล่ะครับ,negative
ที่นี่ไม่มีความลับ : ‘ซีพี’ หวังกินรวบประเทศ! รุกอสังหาฯ-ขนส่งหนังสือพิมพ์ฐานเศรษฐกิจได้นำเสนอข่าวที่บริษัทยักษ์ใหญ่ด้านการเกษตรอย่าง “เครือเจริญโภคภัณฑ์” หันมาสนใจธุรกิจใหม่ 2 ด้านที่มีความสัมพันธ์ยึดโยงกัน คือด้านอสังหาริมทรัพย์และการขนส่งคือ รถไฟความเร็วสูงสายภาคตะวันออกที่เชื่อม 3 สนามบิน “ดอนเมือง-สุวรรณภูมิ-อู่ตะเภา” ระยะทางรวม 220 กม. ซึ่งไม่ผิดความคาดหมายเพราะก่อนหน้านี้เมื่อกลางปี 2560 คอลัมน์เอราวัณ ก็ได้เปิดประเด็นไปครั้งหนึ่งแล้วว่ารถไฟความเร็วสูงภาคตะวันออกเป็นเส้นทางที่ “บิ๊กซีพี” ขอจอง ขณะที่สายใต้ กรุงเทพฯ-หัวหิน เป็นการจองของ “เบียร์ช้าง” แต่การทำรถไฟความเร็วสูงหาจุดคุ้มทุนไม่ง่าย สิ่งที่ภาคเอกชนรวมทั้งบิ๊กในซีพี อย่างเจ้าสัวใหญ่-ธนินท์ เจียรวนนท์ คิดคือการทำกำไรในธุรกิจอสังหาริมทรัพย์ ในเส้นทางที่รถไฟความเร็วสูงผ่านและมีสถานีใกล้ที่ดินเหล่านั้น,neutral
หื๊ยย,neutral
ระเบิดปรมณูลงทรู หรืออย่างไร เน็ตหลุดกระจาย ตั่งแต่เช้า โทรไปถาม บอกว่าจะแก้ไขเสร็จตอนตีหนึ่ง บ้าหรือไง,negative
หื้อออ,neutral
แพงด้วย,negative
งื้ออ แสบแย่สิงี้,neutral
วันศุกร์พวกกุไปซีคอนอะ,neutral
เรื่องการตลาด กับการดูแลซ่อมแซมรักษาครับ... อันนี้เครื่องช่วงล่างโตโยต้า มีศูนย์เยอะ ดิวง่าย อะไหล่เยอะ... ฟอร์ดนี่บางที่เข้าไปยังให้ไปเข้าศูนย์ที่ซื้อมาเฉย ช่างก็แย่นะ ส่วนตัวว่าโตโยต้าซ่อมง่ายสุด,negative
อันนี้มันมีเวลา อ่านดิ้ข้างบน👆🏻,positive
Altisก็ขึ้นได้สบายไปมาแว้ววว รถบรรทุกหินก็ขึ้นได้ รถเก็งขนาดเล็กก็ขึ้นได้ เห็นตอนไปสวนกันมาหลายคันอยู่,neutral
ขอให้คุณพระคุ้มครองขอให้ผ่านไปให้ได้ขอเป็นอีกหนึ่งกำลังใจให้ครอบครัวแม่นุ่นและทีแพทย์ รพ.พญาไท 1นะคะ,neutral
น้องอยาก,neutral
ฮรือแพ้นีเวียผื่นขึ้น😭,negative
แพงไปหน่อย drum ลงนิดเท่าชาวบ้านหน่อยนะคนระดับบ้านจะได้ชิมบ้าน..แถวๆ ตจว.ที่เลิกกินแบร์นสิงห์,negative
กุเอาลิป holika holika ไปไว้ไหนวะ ชิบหายละ,negative
เจอกันค่ะ,positive
mitsubishi triton plus 4 ประตู ตัวใหม่ขับแล้วกระด้างต้องแก้ยังไงครับ,negative
ไม่น่าใช้ hadalabo 🤦🏻‍♀️,negative
ต้องไปให้สุดคับ จัดไปอีก,neutral
ไอ้นี่มันคนละอย่างกับ ณเดชกับยาย่าจะ present Lay's หรือนักแสดงที่เล่นเป็นพ่อพี่หมื่นในบุพเพออกมาขาย BSC Cornsoy นะครับ คนที่ hurt ที่สุดก็คือ FC ของคุณเองที่เค้าเชื่อมั่นในความเป็น expert ของคุณ และมั่นใจเพราะคุณยอมที่จะเอาหน้าและชื่อของคุณมารับประกัน ไหนแถแบบนี้ล่ะ?,positive
Virgo เวอร์โก้ VirgoDfin ยาลดน้ำหนักเวอร์โก้ดีฟิน ผอม หุ่นดี กระชับสัดส่วน กินน้อย อิ่มนาน บล็อกเบิร์นไขมัน,negative
ขนลุกเลย นึกถึงบีกอน มะวาน,negative
เทคนิคการป้องกันแสงแดดคือ ก่อนออกจากบ้านทาครีมกันแดดที่มีค่า spf 50 pa +++ คะ ระหว่างวันควรทาครีมกันแดดซ้ำดื่มน้ำมากเพื่อป้องกันการอ่อนเพลียจากแดดคะ อยากได้ Nivea sun instantaura spf 50 เนื้อครีมเกลี่ยง่ายซึมไว บางเบามีบำรุงไปในตัวคะ,positive
ปะกินกัน,positive
ปัญหาไหน นอยด์กว่ากัน ระหว่าง ประจำเดือนไหลจนเลอะ! กับ มาเยอะจนต้องลุกไปเปลี่ยนระหว่างคืน ใครไม่อยากเป็นแบบนี้ ต้องลองลอรีเอะ ซอฟท์ แอนด์ เซฟ แบบกลางคืน ใหม่! นวัตกรรมแกนซึมซับพิเศษ ป้องกันการไหลของประจำเดือนไปด้านหลัง หลับสบาย มั่นใจ ไม่กลัวเลอะเลยจ้า,neutral
"โรคแพนิก (Panic Disorder, PD ) คือ การที่อยู่ดี ๆ เกิดอาการกลัวและวิตกกังวลขึ้นมาเป็นพัก ๆ โดยไม่มีสาเหตุหรือมีอาการ เช่น หัวใจเต้นเร็ว ใจสั่น เหงื่อออก เจ็บหน้าอก รู้สึกสำลัก เวียนหัว คลื่นไส้หรือท้องปั่นป่วน หนาวสั่นหรือร้อนวูบวาบ มือเท้าชา กลัวว่าตัวเองจะตาย",neutral
ภาพสวยน่าทานมาก ๆ เลยค่ะ ^^,positive
"ถ้าเปรียบตัวผมเป็นสัตว์ คงเป็นตัวอื่นไปไม่ได้นอกจาก ""เก้งหม้อ"" สัตว์ที่ใกล้จะสูญพันธุ์ มันมักชอบอาศัยอยู่อย่างโดดเดี่ยวในป่าดงดิบตามลาดเขา หรือ หุบเขาที่มีป่าหนาทึบ และ ที่มีลำธารน้ำไหลผ่าน ไม่นิยมอยู่เป็นฝูง ชอบหากินในเวลาก่อนพระอาทิตย์ขึ้นและก่อนตกดิน ก็เพราะเป็นสัตว์ที่ขี้อาย ก็เหมือนกับผมที่ชอบอยู่คนเดียวไม่ชอบเข้าสังคม แถมยังไม่กล้าไปเที่ยวงานอะไรแบบนี้หรอกครับ แต่ถ้าผมมีโอกาสก็อยากเป็นเก้งหม้อที่ใช้ชีวิตอย่างมีสีสันอยากอยู่กับเพื่อนฝูง แยากสนุกก็แค่นั้นครับ Sangsom เต้ยFreshtival2 เต้ยเฟรชติวัล2",neutral
ม่ะวานไปทานสาขาโลตัสศรีนครินน้ำจิ้มสุกี้ไม่ค่อยอร่อย สั่งของเพิ่มได้ช้าไม่ประทับใจค่ะ,negative
จะเลี้ยงก็บอก,neutral
ลืมอ่าน จ-ศ ก่อน 5 มงเยนใครจะไปว่ะ,negative
"สรุปการจองโต๊ะ Alan Walker -เปิดให้จองโต๊ะในวันที่5 ธันวา ตั้งแต่เวลา21.00-01.30 -ลูกค้าต้องมาจองด้วยตัวเอง -1คน สิทธิจองได้1โต๊ะ -1โต๊ะ รองรับได้ไม่เกิน5คน -เหล้าฝากไม่สามารถใช้ได้ในวันนั้น -วันนั้นจะขายเฉพาะ Dewar GreyGoose 42Below Bombay Bacadi เท่านั้น -บัตร900บาท ไม่สามารถแลกอะไรได้ -บัตรซื้อหน้างานทั้งหมด จำกัดจำนวน -แพคเกจ6,000บาท ได้1GreyGoose บัตร4ใบ และมิกเซอร์8คน + น้ำแข็ง1ถัง จ่ายเงินวันงาน **การจองวันที่5 ธันวา ไม่ต้องจ่ายเงิน ให้มาจ่ายหน้างาน ก่อนเข้าร้าน",neutral
ได้ใจตรงลิเวอร์ 55,neutral
ขอดูดีแม๊กด้วยคับ,positive
เสียดายบาบีกอนมื้อนั้นเหมือนกันนะ,negative
แม่หญิงใช้อายไลน์เนอร์ มิสทีน รุ่น ซุปเปอร์ แบล็ค ฟิคซ์ อายไลน์เนอร์ กรีดตาให้สวยเด้งเจ้าค่ะ อยากได้ข้าลองเจ้าค่ะ เพราะข้าอยากมีดวงตากลมโต แถมกรีดง่าย ติดทนนานด้วย ใช้แล้วจะได้มีดวงตาที่สวยเหมือนดังแม่หญิง,neutral
ราคาไม่แพงสนใจ,negative
ได้😃😃😄,positive
เด็ก3ขวบคิดเงินมั๊ยค่ะ,positive
กินเบียร์ต้องใส่น้ำแข็งดิ เย็นๆซ่าบซ่า,positive
กิน,neutral
นาวาร่าจะแปลงเป็นเบนซ์ก็คงไม่แปลก ทีเอเวอร์เรสยังใว่กระจังมัสแตงเลย,neutral
สินค้าศรีจันทร์ ลูมิเนสเซนส์ สเพลนเดอรัส อันเดอร์ เมคอัพ 30 มล.ทุกเฉดสี ได้รับคูปองส่วนลด 245 บาท ในโปรโมชั่น Watsons Beauty in Summer (29 มี.ค. - 25 เม.ย. 61) Manage คะ,neutral
แหม่ๆ ประชดกันเชียว ...ก็บอกแล้วว่า แค่สงสัย แต่ละคนทำอย่างกับไม่เคยรู้ปัญหารถใหม่นั่นแหละ เกียร์ cvt งี้ เครื่องดีเซลมาสด้า2 งี้ ... ชิ้นส่วนระบบลูกสูบขนาด 2000 cc ต้องรับแรงบิด แรงม้าขนาด 200แรง มันต้องใช้วัสดุดีๆนะครับ จะเอาเกรดปกติมาใช้ มันไม่ไหวเด้อ ...แต่ก็นั่นแหละ เดี๋ยวก็ประชดอีก ขับพังมากี่คันแล้ว เอาเป็นว่า พูดไปงั้นแหละ ไม่มีปัญญาซื้อหรอก จบเนอะ ^_^,neutral
สนป่าว,neutral
มีทั้งเห็นด้วยและคัดค้าน,neutral
ปะ กินเอ็มเคกัน ชีสอู๊ดๆ!! ตะกินตะกิน!!,neutral
ลองกินสเมอนอฟตัวแอล7% อีห่าร้อนคอชิบหาย แต่รสชาติโอเคให้ผ่าน,negative
ดีมากค่ะ,positive
นี่แหละประเทศไทย,neutral
รีโว่มีควันมั้ยคับ,neutral
โนวมันนี่,negative
“กองทุนฮอนด้าเคียงข้างไทย” ผสาน “มูลนิธิอุทกพัฒน์ ในพระบรมราชูปถัมภ์”,neutral
นาวาร่าก็ล้านละลุง 55,neutral
จัดการ. ลูกชายเธอที่บ้านก่อนน่ะ..ขโมย อาหารน้องลีโอ กิน ตลอด😂😂,neutral
cf อายไลน์เนอร์นาร์,neutral
ราคามาแล้ว All New Suzuki Swift,neutral
แบล็ค เลเบิ้ล,neutral
เพื่อนมาจากดูใบ โดนจราจรจับไถไป1000นึง,negative
ไม่สามารถเปลี่ยนเมนูในเชตโปรโมชั่นได้ค่ะ แอดมินขออภัยในความไม่สะดวกมา ณ ที่นี้นะคะ ^^,neutral
เจอแล้วจ้า หาง่ายยิ่งกว่าปอกกล้วยเข้าปาก 💓 Thitiya Wongchaichan แคท เอิ่นแคทกะได้ คนเดิม ลองเลยก่อนใคร ลอรีเอะเฟรชคอนโทรล 30cmซื้อง่ายที่เซเว่น ล็อคกลิ่นมั่นใจไม่อับชื้น นี่สิคอนโทรลได้ทั้งคืน รับฟรี,neutral
กางเกงแน่นมาก,neutral
ป่ะล่าา,positive
ดิ้นมั่ง โวยวายย,neutral
เค้าหิว,neutral
หิวบาบี้,neutral
เอ้าา Issariya Homudom สปาย ที่แปลว่าเหล้า กินแร้วไม่เมา แต่เพลีย,negative
ชาตินี้จะเจอกับพี่สาวไหมเนี้ย นางมารับแต่ไม่ได้เอาโทรศัพท์มาอีก ก่อนออกมาจากฟิวเจอร์ปาร์คก็บอกไปแล้วจะรอตรงที่จอดรถเยอะๆ bts หมอชิต ถึงแล้วโทรมา จะดูความพยายามของนางว่าจะได้กลับบ้านไหม นี่นั่งรอนางที่ป้อมตำรวจกับพี่ตำรวจสุดหล่อ 1 นาย 😎,neutral
ของจริงรูปไม่ตรงปก หมูได้ไม่กี่ชิ้น รอครึ่งชม.กว่าถึงจะได้ สั่งเซตทะเลไป รอจนน้ำซุปแทบจะเหือดแห้งข้นจนเค็ม พอของมาน้ำซุปขอเติมก็ไม่มาเติมให้ บอกไปกับพนักงาน4คนไม่ได้บริการซักคน ขอเติมน้ำจิ้มก็ช้า ปลาหมึกเหมือนเศษปลาหมึกมาก ไม่โอเคจ้าา 599 สภาพงี้,negative
ชอบนะ เเต่ไม่รู้กินเยอะไปไหม ตื่นมาปวดหัว เชี้ย !! การตลาดสิงห์เขาดี ✌🏼,negative
ให้ผช.เป็นพรีเซ็นเตอร์ผ้าอนามัย งงนิดหน่อยแต่ไม่เข้าใจมากๆ 😅😅,negative
ไมตี้จัดเลย มิวxก็ได้เดียวจัดให้,neutral
จะชวนกินอีกแล้วสิ,neutral
อ้อกุรุ้ให้ใครเลี้ยง.ต้องคนนี้เลย,neutral
คำตอบคือ ข้อ (D) รถ Hilux รุ่น Rocco เป็นรุ่นที่หายไป HiluxRevoThailand,neutral
ไหนจะเที่ยวไหนจะของขวัญ55,positive
ป่ะ ไปกันนะ,positive
ข้างในใจฉันเหน็บ หนาว เงียบ เหงา วันเวลาเก่าๆที่ฉันเคยมีเธอ ความ เหงา กับความ หนาว เป็นอะไรที่ช่างปวดร้าวเมื่อต้องเจอ จะผ่านให้พ้นคืนหนึ่งก็เป็นเรื่องยากเย็นเสมอ ยิ่งคนที่ใจเคว้งคว้าง ยิ่งไม่มีทางจะผ่านได้เลย อยากไปเพราะจะได้พักผ่อนพาใจไปฟังเพลงเพราะๆที่งานOvercoat Music Festival 8 อยากไปดูทุกวงเลยค่ะ มีแต่วงดี เพลงดี อากาศเย็นสบายต้องบวกกับ เบียร์ช้าง โหยยทมันฟินนะคะ อยากได้มากก 😝🍻✨,positive
คนมันไม่สำคัญ😞,neutral
สายเปย์ตัวจริงห้ามพลาด💸 ของขวัญพิเศษสำหรับคนรัก 💝 รถMGสวยๆซักคันมั้ยค่ะ🚗,neutral
อยากได้ อยากได้ 🙏🏻,positive
ชุมพร-,neutral
นครปฐมมีไมคะ,neutral
แบรนด์ Sephora จร้า,neutral
เบียร์ช้างจะกล้าขึ้นราคาได้ยังไง เมื่อเดือนที่แล้วยังออกมาให้ข่าวว่ายอดขายเบียร์ลดลงมาก พอรัฐขึ้นภาษีถ้า ขึนขึ้นราคาตามลำดับขั้น ยิ่งจะซ้ำเติมยอดขายไปกันใหญ่,negative
เกลียดการขายเบียร์ช้าง,negative
พี่แบงค์ๆๆๆ ไปกินเบียร์ช้างรับบัตรฟรี,neutral
จะเป็นเป็ดแบบเดียวกันค่ะ ในส่วนของเป็ดไหว้จะมีเครื่องในครบค่ะ ^^,neutral
เลี้ยงแหน่,neutral
นิสสันทำการตลาดล่าช้ามาค่ายอื่นขายกันเกลื่อนนิสสันเพิ่งจะเริ่ม..เข้าใจองค์กรใหญ่แต่ไม่ถูกใจสาวกนิสสันในไทยเลย,negative
การทำความดีของผม ผมมักจะออกไปบริจาคสิ่งของแก่น้องๆที่ยากไร้ ด้อยโอกาสจริงๆ โดยนำทุนทรัพย์ส่วนตัว และการร่วมบริจาคของญาติพี่น้องคนสนิท มาซื้อของให้น้องๆ ซึ่งเป็นอนาคตของชาติ เพราะการให้ทำให้มีความสุขยิ่งกว่าการรับ .มีดีกว่าหน้าตา TeamRoyal,neutral
นานละนะ,neutral
ล้อเล่นครับผม มีความสุขปีใหม่นะครับ ชอบทานเอ็มเคสุดๆ,positive
สักเหยือกไหมเมิง,positive
ในรูปกับความเป็นจริง,negative
พูดไรวะๆ,neutral
เอาไว้ก้อนจะจัดโปรโมชั่นเด็ดๆมาให้อีกน้า :),neutral
เสียดายไม่มีจุก,negative
โรงงานในเมกาเคยหยุดผลิตซีรี่ยส์นี้ไป7ปีครับ เห็นทางฟอร์ดประกาศว่าปี2019 จะมาเปิดสายการผลิตอีก(หมายถึงเรนเจอร์),neutral
อยากทราบว่าซื้อเบียร์ช้างแบบกระป๋องเข้างานได้ไหมครับ,neutral
สู้ ๆ ครับ,positive
ซ้ำยังทัน,positive
เรฟลอน โฟโต้เรดดี้ แอร์ บลัช เอฟเฟ็ค เมคอัพ ทุกเฉด ได้รับคูปองส่วนลดทันที 100 บาท ในโปรโมชั่น Watsons Beauty in Summer (29 มี.ค. - 25 เม.ย. 61),positive
ถ้าจะเผด็จการก็เอาให้เต็มที่เลย ควรยึดทรัพย์ 3ตระกูลใหญ่มาแจกคนจจะดีกว่า 5ตระกูลรวยคือ 1.ช้าง CP Central กระทิงแดง เบียร์สิงห์,neutral
โอ้ยยยลั่น 😂,neutral
เป็นเด็กดีนะอีหนู,neutral
แม่บอก ไม่!,negative
...,neutral
"คู่หน้าอัลเมร่า 1,800บ.คับ",neutral
ใครเก่งไม่เก่งผมไม่รู้ แต่ผมคอหงส์ทองไม่เปลี่ยนแปลง 555,neutral
ฝากถึงพวกที่ขับรถเก๋งหรือขับรถเตี้ยเตี้ยไม่พอโหลดอีกแล้วมาโลกสวยโทษรถกระบะ เอ้า ก้อรถเขาสูง ไฟซีนอล ไฟหน้าที่เขาผลิตออกจากศูนย์มามันเป็นแบบนั้น จะให้เขาทำไงล่ะ นี่ขับรีโว้ โฟวิว ยกสูงออกจากศูนย์ เวลาขับตามรถเก๋งหรือรถเตี้ย จะโทษเราหรอ เห้ออ นี่ล่ะนะ สังคม มีแต่พวกตรรกะเห็นแก่ตัว ไม่เคยมองในแง่มุมความเป็นจริง ไปบอกศูนย์สิ ให้ทำโคมไฟหน้าให้ต่ำลง เราไม่ผิดที่เราขับรถกระบะยกสูง เพราะรถมันเดิมๆ ไม่ได้แต่ง เด๋วนี้รถรุ่นใหม่เป็นไฟซีนอลแอลอีดีหมด ส่วนคุณก้อไม่ผิดที่ขับรถเก๋ง เพราะเราก้อไม่ได้ไปขอเงินใครมาซื้อ นี่เคยเจอรถเก๋งเปิดกระจกมาด่า เคยมีเรื่องกันกลางถนนมาก่อน เพราะเรื่องไฟรถนี่แหละ พอจอดเคียร์ หน้าหงายกันไปเป็นแถบ เราไม่ได้เปิดไฟสูงเลย แต่รถคุณมันเตี้ย เข้าใจหน่อยค่ะ,neutral
95 ลูกทุ่งมหานครคับ ผมก็ฟังยู่,neutral
ซื้อมาไม่ใช้ ซื้อมาเก็บเพื่อ สะสมอย่างอื่นดีกว่ามั้ย เมื่อก่อนเคยซื้อมาบ้ามากไปห้างซื้อทุกครั้ง แล้วพอมาดูอีกทีเยอะมากๆๆใช้ปีนึงไม่หมดเลย จนแถบกาวมันไม่ติดกับกางเกงเลย ทิ้งไปหลายห่อเลยเซ็งเสียดายเงินที่บ้าซื้อผ้าอนามัย บ้าซื้อมาตุน ตอนนี้เลยซื้อเฉพาะเวลาใกล้จะมา สะสมอย่างอื่นดีกว่า,negative
กินกันไหมวันพน,positive
กับ Honda hr v คันไหนขับแล้วให้ความมั่นใจกว่ากันในเครื่อง1.8 และระยะยาวคันไหนซ่อมง่ายกว่าครับ,neutral
มืออื่น อิอิ,neutral
อยากให้น้องๆ นักเขียนรุ่นใหม่ได้อ่านหนังสือ ฟิค นิยาย และอื่นๆ อีกมากมายให้เยอะๆ แล้วจำสำนวน ภาษา และการสะกดคำมาใช้ให้มากๆ 55 เป็นผลดีต่อภาพลักษณ์นักเขียนและมู้ดโดยรวมของนิยายทั้งสิ้น 🤦🏻‍♀️ เจอคำผิดมากๆ นิยายมันก็ดูไม่น่าอ่าน แล้วก็ดูไม่แพงเอาเสียเลย 😭,negative
อร่อยนะคะ ทานมาแล้ว,positive
ถึงไหนแล้ววตัววตอบไลนเค้าหน่อยย,positive
ลิ้นหน้าyaris2009มีไหมคับ,neutral
ไม่มี555,neutral
ทริปเปิ้ลชีสลด90% อะไรงี้55,neutral
ไอ้เเก๊กอ่ะ55,neutral
โรงละคร ULRA ARENA ชั้น 6 SHOW DC,neutral
ผ้าอนามัยลอรีเอะ คูลลิ่งเฟรช จะเย็นอะไรเบอร์นี้ 🙄 ฉี่แล้วฉีดที แสบสันเหมือนมีใครเอายาหม่องมาป้ายฮี ฮือออทรมาน55,negative
โหวตเอ็นชาบูเว้ย,positive
รถสวย ดูทันสมัย น่าลองขับมากๆ ToyotaBuzz เติ้ลธนพล,neutral
ทดสอบ โตโยต้า C-HR ไฮบริด ผลผลิตจาก TNGA ผลงานชิ้นแรกสุด .. กทม-ตราด สุดเส้นทางตะวันออก!,neutral
สาขาไชยแสงสิงห์บุรีเปิดกี่โมงค่ะ ไปประมาณเที่ยงร้านก็ยังไม่เปิดเลย,negative
ลำปาง,neutral
เปิดรายละเอียด New ISUZU X-Series ใหม่...มีอะไรเปลี่ยนไปบ้างมาชมกันค่ะ 😮😮😮,neutral
ลองกันแดดของ KA เพิ่มอีกอีกตัวหนึ่งค่ะ 😍,neutral
เอาคืนเลยไม่ต้องกิน,neutral
ฮอนด้า ซีวิค แฮทช์แบ็ก ใหม่คือคันที่นับจากซ้ายมือคอลัมน์ที่4 แถวที่ 5 ค่ะ,neutral
ไม่ร่วมรายการค่ะ สาขาที่ร่วมรายการจะเป็น United Center (สีลม) นะคะ ^^,neutral
เหมือนกันเลยค่ะ สั่งครีมสเนลไวท์ ส่งกางเกงในมาเฉยเลย คนละราคา คนละประเภทของเลย,neutral
แล้วพี่แท็กซี่ก็เปิดเพลงบิ้วไปอีก เออดี,positive
บุฟเฟ่ทะเลเผา ราคาพอกัน,neutral
สีปัญหากับฟอร์ดเรนเจอร์ที่นี่ตลอดเลยอ่ะ ทำไมชอบคิดว่ารถตัวเองแรงเว่อจนไม่เห็นว่าคนอื่นเค้าเสียจังหวะ คิดจะพุ่งก็พุ่…,negative
ช่วงนี้ SHOW DC ห้างน้องใหม่แถว RCA เค้าออกโปรฯจัดหนัก ทานร้านที่ร่วมรายการครบ 500 บาท เอาใบเสร็จไปแลก Voucher มูลค่า 500 บาท ไว้ใช้ทานอาหารครั้งต่อไป ที่นี่เค้ามีร้านน่าสนใจหลายร้านอยู่นะ มีร้านเกาหลีอยู่หลายร้านเลย ลุงว่าสาวกเกาหลีนี่ฟินแน่นวลลล 55 นี่รายชื่อร้านอาหารเพิ่มเติมเน้ออ,neutral
คุณลูกค้าสามารถสอบถามเกี่ยวกับผลิตภัณฑ์ได้ที่เคาน์เตอร์ BSC Cosmetology ทุกสาขา หรือโทรสอบถามเพิ่มเติม 02-222-22 ได้เลยนะคะ,neutral
โอ้ววโนวว,neutral
เหลือสาขาไหนมั่งนิไดโดเรม่อน,positive
พี่ก้อนน่ารักมาก ยิ้มตลอดทาง กำลังใจและคู่คิดของกันและกันแท้ๆ,positive
ถ้าหากสวยได้เพียงข้ามคืน อยากสวยเหมือน เนย โชติกา สวยจร้า มาส์กโชสวยข้ามคืน Cho_cosmetics daradaily ดาราเดลี่,positive
ขอเป็นคนที่4ได้ไหม55,neutral
ไม่ได้เข้ามาเพื่อกดดันMasuree Antaketก้อแค่หิว🤟❤️,neutral
Honda crv,neutral
เจอกัน,neutral
U BEER ถือเป็นปรากฏการณ์ทางการตลาดที่พบเห็นไม่บ่อยนัก ทั้งในส่วนของตัวสินค้า และแผนการตลาดที่ผสมผสานกันได้อย่างลงตัว และนี่เป็นการเปิดทุกวิธีคิดของ U BEER จากผู้บริหารแบบหมดเปลือก ทุกความลับ ทุกยุทธวิธี อยู่ที่นี่ บอกเลยว่า ต้องอ่าน!! มันก็จะยาวหน่อย ๆ แต่รับรองว่าจะได้อะไรไปมากมายจากคอนเทนต์ชิ้นนี้ BrandAgeOnline UBEER เบียร์กู เบียร์ยู ยูเบียร์ ยูเบียร์กระป๋อง ยูเบียร์แคน มีGU มีU beerku beeru ubeer ubeercan ucan อย่าลืมติดดาวเพจ เพื่อไม่พลาดเรื่องราวและกิจกรรม,neutral
ใครที่กำลังมองหาปิกอัพ อยู่นิสสันรุ่นี้สุดยอดมา รูปทรงสวย เครื่องยนต์แข็งแกร่ง แรงดีไม่มีตก ภายในสุดหรู ก้าวล้ำด้วยเทคโนโลยี ทำให้การขับขี่ของคุณง่าย สะดวกสบายมาก ปลอดภัยทุกเส้นทาง ราคาถูกมาก รีบเป็นเจ้าของกันเลย,positive
"คอนเสิร์ต ป้าง นครินทร์ กิ่งศักดิ์ 🥃โต๊ะละ 2,000 บาท รับเรดลิตร 1 ขวด เข้าได้ 5 🥃โต๊ะละ 1,000 บาทเหล้าเบลล์ เข้าได้ 4 หรืออีกทางเลือกบัตรราคา 150 บาท นะครับ ติดต่อสอบถามได้ที่ 088-88 คุณโกวิท",neutral
นานๆจะเจอ Matcha Latte ที่ถูกใจ เราเป็นคนที่ชอบรสมัทฉะเข้มๆ กินแล้วได้สัมผัสที่เป็นผงๆ สากๆ อันนี้ของร้าน Union Coffee อารีย์ ลงรถไฟฟ้าเดินเข้ามาในซอกตึกปิยวรรณ แก้วละ 50 เท่านั้น 🤟🏻 ปฑรชวนชิม,positive
ใช่ ๆๆ หมุแผ่นบางจริงๆๆด้วย ว่าจะไม่ไปกินอีกแล้ว,negative
จะขี่คอเพื่อนรักเต้น 😂 เพราะเราจะเติมเต็มคำว่าเพื่อนไปด้วยกัน มันไปด้วยกัน🙌 ช้างเติมเต็มคำว่าเพื่อน,neutral
55 พึ่งเคยเหน “แดก” งู้ยย 🤪🤪,positive
พุ่งนี้ไหม,positive
ชอบโซฟีหรือลอริเอะของเกาอะ ไม้รู้คิดไปเองมั้ย แต่เหมือนจะซึมซับดีกว่า คิดว่านะ 55 มีแบบถุงซิปล็อคด้วย อันนี้ชอบบ ที่ไทยมีมั้ยอะ ไม่แน่ใจ,negative
โซนพัทยามีให้บริการดังนี้ค่ะ - โลตัส พัทยา - โลตัส พัทยาเหนือ ค่ะ ^^,neutral
"รีวิวแป้งเจ้านาง""Chao Nang Perfect bright UV 2 way powder foundation SPF 20 PA+++ "" แป้งเจ้านาง แป้งพัฟเจ้านาง Chaonangthailand Chaonangthailandofficial แป้งพัฟ แป้ง แป้งพัพถูกและดี แป้งผสมกันแดดที่ดีที่สุดในยุค แป้งผสมรองพื้น แป้งพัฟคุมมัน ลิปเจ้านาง ลิปแมทเจ้านาง ลิปแมท สอบถาม-สั่งซื้อ-สมัครตัวแทน โทร. 088-888-88 📲Line : 📩Inbox : m.me/chaonangthailandofficial",neutral
พยาธิในหมูบาบีก้อนน่ากลัวมากกก,negative
นะะ,neutral
เห็นบอกว่านั่งวีออสขาวแรงมาก ชอบ! ปกติใครขึ้นรถคันนี้ นั่งเกร็งเยี่ยวเหนียวทุกคน55+,positive
รู้ว่าทุกคนหิว555,neutral
คิดถึงแสงโสมไหม55,neutral
ครั้งโน้นใช้วิสเปอ มาหลังๆโซฟี แรงกว่าเดิมอีก เป้นผื่นคันมากต้องใข้แป้งทา,negative
โดยส่วนตัวชอบดีไซน์มาสด้าสุด (แล้วก็ใช้มาสด้า3อยู่) แต่พอเห็น c-hr ขับผ่าน แล้วรู้สึกมันเรียกชื่อฉ้านนน มันมีสไตล์,positive
โอ้ยยสรุปไม่พบพยาธิ แต่!! พบหนองฝีของเนื้อสัตว์ อหห. กูจะอ้วกกว่าเดิมอีก มันน่าดีใจมั้ย???,negative
ถ้าใช้พื้นร่วมกับพรีอุส อัลติส ก็ถือว่าถูก รุ่นใกล้กัน เห็นมีบางยี่ห้อที่ขายอยู่ เอารถเล็ก 1.5 มาขยายตัวถัง ใส่เครื่อง 1.8 เพิ่มราคา จากสามแสน เป็นล้าน ยังหลอกขายคนไทยได้สบาย,negative
ขอรายละเอียด โน๊ตกับอัลเมร่า ได้ไหมคะ,neutral
เครื่องปั่นเท่าไหร่,neutral
สุดยอดเลยครับ Nissan รุ่นนี้อเนกประสงค์ภายในก็สวยงามหรูหราครับลองขับมาแล้ว,positive
Ubeer Djparty 🍺 อย่าลืมติดดาวเพจ เพื่อไม่พลาดเรื่องราวและกิจกรรม,neutral
อี๋ Almera 1.2 S ขับตัวโลวไม่คุยอะค่ะ ต่รรม,negative
สัส ทีเซอร์อินทูอิทออกวันนี้เหรอ 55,negative
Toyota Yaris YES phithanbkk,neutral
ควยเลยครับ,negative
เรื่องที่ยืนไปถึงไหนแล้วครับ,neutral
สเมอร์นอฟ มิดไนท์ ฮันเดรด (Smirnoff Midnight 100) ไปให้สุดอย่าหยุดแค่เฟสติวัล เด็กสตรีทเตรียมตัวกันให้พร้อม กับสงกรานต์ที่บอกเลยว่าโคตรมันส์แน่นอน ไม่ต้องกลัวว่าเปียกแล้วจะไม่เท่ ไม่ต้องอัดออฟชั่นแล้วไปยืนร้อนอยู่ข้างนอก เพราะเราจะขนความมันส์ไปไว้ที่หน้าบ้านคุณ ให้ปาร์ตี้สนุกสุดเหวี่ยงแบบไม่ต้องยั้ง โดยดีเจชั้นนำ โดมปกรณ์ ลัม ดีเจฟ้าใส และ Roxy June ดีเจสาวสวยชั้นนำของไทย ที่จะมาเปิดเพลงให้คุณได้สั่นสะเทือน เตรียมเสื้อผ้าชุดโปรด รองเท้าคู่เก่ง และอัปเดทความมันส์ได้เลยที่ Smirnoff ขอบอกเลยงานนี้เด็กสตรีทห้ามพลาด Smirnoff NonFestival ไปให้สุดอย่าหยุดแค่เฟสติวัล ที่ไหนก็สุดได้,neutral
มีประจำเดือนทีไร ไม่อยากจะคิด แพ้ผื่นขึ้นทุกที ต้องลองเปลี่ยนมาใช้ลอรีเอะดูแล้ว,negative
ฮุนได H1 ขนผักในตลาดไทก็มีครับ ไม่เชื่อไปดูได้ มันไม่เกี่ยวหรอกครับว่ารุ่นนี้จะเอามาตีครอกขนผักไม่ได้,neutral
อ่อย...น่ากินน,positive
หูยยตัวเองดูสิ้😵,positive
อ่อ!ที่นี้รุ้แหละ😃😃เคยถามพนักงานอยุ่น่ะ แต่พนักงานบอกไม่รุ้ค่ะ555,neutral
ืี่ที่มันผิดกฏหมายเพราะ..บุหรี่มวนจะขายไม่ได้,neutral
อย่าปิดหุปิดตาพวกเราอีกเลย. เหนข่าวแล้วอย่างกะเราถือปืนเถื่อนออกจากบ้าน,neutral
หมูจะสไลด์บางไปไหนอะก้อน ย่างทีติดกะทะยังกะเศษหมู ราคาไม่ใช่ถูกๆนะ ข้าวผัดกระเทียม จากที่เป็นตัวขึ้นชื่อ เดี๋ยวนี้หรอ จืดชืดไม่หอมไม่นัว ทำไมพรีเมี่ยมแต่ราคาคุณภาพหมูกะทะอะ,negative
เด่นสะดุดตา แต่คงต้องรีบเพราะมีแค่ 250 คัน เท่านั้น !! Thaicarlover รถแต่ง Mitsubishi,neutral
ไปป่าวละ,positive
จะดีนะ55,positive
ลีโอไม่กิน กินแต่ เหล้า,negative
ล้ออัลเมร่าสวยกว่าอีก555,positive
เหตุผลเดียวประเทศฝั่งขวา เก็บภาษีไม่ได้เลยตีความว่าอันตราย,neutral
ถึงจะร็อดม่มากแค่ก้ออยากปัยร่วมสนุกความมันส์กับเบียร์ช้างแบบมันส์ๆฟินนอีกครั้ง,positive
หลุด Toyota Yaris TRD Sportivo 2018 ใหม่ พร้อมชุดแต่งเท่ก่อนเปิดตัวที่อินโดนีเซีย,neutral
"มาสด้าโตไม่หยุด ยอดขายกว่า52,000คัน เพิ่มขึ้น21% เผยปี 61 เตรียมใส่เทคโนโลยีใหม่ในทุกรุ่น",neutral
ถ้าเป็นเจ้าของบริษัท suzuki. จะขอชื้อรถคืนจากมัน และทุกค่ายรถอย่าไปขายให้มัน,neutral
มอบความสุขผ่านเสียงเพลง 🎤🎧🎼 ลานเบียร์สิงห์ NANN boxxmusic nann_fc,negative
วันนี้ปาร์ตี้ dj by u beer ที่สปีดสุรินทร์นะคับมีแขกรับเชิญ น้องเอิร์ท จากภาพยนต์ suck seedมาสร้างความสนุกให้กับพวกเราคืนนี้นะคับสปีด สุรินทร์ พร้อมกันรึยัง 😉😉😉,negative
รัชโยรถติดไง เลยไปเทอมินัล,neutral
เอ้า อยากกินน,neutral
ให้หนูเถอะนะ หนูจะไปกินblend285 ที่งานวอเตอร์ 🥃😎😘🙌🏻,neutral
เหตุผลที่ชอบ 12 plus cool powder พอทาแล้วรู้สึกเย็นสดชื่น เนื้อละเอียดเนียนมาก หอมนาน กลิ่นหอมด้วยเวลาทา คนรอบข้างยังทักว่าใช้ น้ำหอมยี่ห้ออะไร ที่จริงแล้ว 12 plus cool powder นี้เอง ของเค้าดีจริง หอมจนคนรอบข้างต้องทัก เป็นผลิตภัณฑ์ที่ใช้มาตลอดหลายปี,positive
"ความสนุกที่ SNOPบร้า เริ่มแล้ว!!! แต่งตัวหล่อๆ สวยๆ ออกมาสนุกกันได้เลยจ้าา 😍😍😍 👉 ก่อน 5 ทุ่ม 🖐️ เชิญมาใช้สิทธิ์ ""5 บาทรักษาทุกโรค"" 🖐️ ที่สถานบำบัดบ้า SNOPบร้า 🤡👿🤖👹👾💩🎃 ลูกค้าแค่เปิดเบลนด์ 1 ขวด ได้สิทธิ์ ซื้อมิกเซอร์ โค้ก โซดา น้ำ ✨ ทุกรายการขายในราคา 5 บาท อีก 10 ขวดน๊าา 👍👍👍 👉 พิเศษสุดๆๆๆ ^ ^ มาใช้สิทธิ์คุ้มๆ ก่อน 5 ทุ่มนะจ๊ะ 🖐️ (ร้านปิดทุกวันจันทร์จ้า) ใครที่อยากจองโต๊ะโทรเบอร์นี้เลยจ้า 08 88 88 88 88 / 088 888 88 snopสถานบำบัดบ้า",neutral
เมื่อก่อนหน้าแห้งมากคะตั้งแต่มาใช้คู่นี้ Hada Labo หน้ามีความแววมากแต่ยังคงมีกระจางๆอยู่คะ,neutral
ไหมอะ,neutral
ถือว่าดี,positive
อยากสวยเหมือนเนย โชติกา ค่ะ เพราะไปตามส่องไอจีเป็นประจำ หน้าใสมากกก ขนาดหน้าสดยังขาวกระจ่างใส เป๊ะมากๆค่ะ❤❣ มาส์กโชสวยข้ามคืน cho_cosmetics daradaily ดาราเดลี่,neutral
🌖🌖 มีวันนึง พาน้องสาวที่ป่วยมีอาการปวดหัว เจ็บคอ มีไข้สูงไปหาหมอ ค่ะ ซึ่งตอนที่พาน้องไปหาหมอก็ช่วงเวลา 4-5 ทุ่มได้ ด้วยความที่เราอาบน้ำจะเข้านอน 😴 ก็เลยไม่ได้เตรียมตัวอะไร ด้วยความรีบ จึงพาน้องสาวไปหาหมอที่โรงพยาบาล 🏥 เมื่อไปถึงที่โรงพยาบาล เราต้องไปเค้าเตอร์เพื่อบอกชื่อซักประวัติก่อน อยู่ๆ คุณพยาบาล ก็ถามเราว่า “คุณเป็นอะไร ? มาหรือคะ มีอาการอย่างไรบ้าง?” ?? งง จ้า .. ช้านไม่ได้ป่วย น้องช้านป่วย (หรือหน้าเราดูป่วยจิงๆ หลังจากไม่ได้แต่งหน้า และเราเป็นคนผิวขาวดวยเวลาไม่แต่งหน้าเลยดูหน้าซีดๆ ไปอีกก )😷🤒 กลายเป็นคนป่วยซะงั้น 😩😩 นี่แหละค่ะ จึงอยากมีตัวช่วยให้หน้าไม่โทรม ไม่ป่วย เวลาหน้าสด ก็ดูสดใส จึงอยากได้ AQUASOURCE มาช่วยดูแล 😘😘 BeautyGalerie CentralDepartmentStore BIOTHERMTHAILAND AQUASOURCEAURA หน้าสดแต่ไม่เศร้า,neutral
ฟอร์ด เอคโคสปร์ด คันเร่งตอบสนองช้ามากก ช่วงออกตัวและกดคิกดาว กดคันเร่งไปราวๆ 1 วินาที มันถึงจะตอบสนองครับ รถอายุ 4 ปี เป็นตั้งแต่ซื้อมาใหม่ๆ หรือปกติของรถ เพราะช่างบอกว่ารถปกติ หรือเพราะผมไม่ชินครับ เพราะปกติขับกระบะ วีโก้และฟรอนเทียร ขอบคุณครับ,neutral
วีออสนี่นั่งไม่สบายอย่างแรง,negative
สู้ๆครับ ผมเป็นคนหนึ่ง ที่สูบไฟฟ้า เป็นอีกที่เสียง ครับ,positive
แม่ตามเซฟไว้แร้วค่ะฮือ คิดถึง เพลงติดหูทุกเพลงแม่รักน้อง,positive
ไม่ได้เกี่ยวกับหล่อ คือเค้ามีอันจะแดกแล้วไง ให้เจ้าสัว cp เบียร์ช้าง เบียร์สิงห์ มานั่งเล่นก็ไม่ด่าเหมือนกัน,neutral
ไม่มีอะไรยิ่งใหญ่ไปกว่าหัวใจประชาชน -สุดารัตน์ เกยุราพันธุ์- ประธานยุทธศาสตร์พรรคเพื่อไทย เลือกตั้ง62 ไทยรัฐเลือกตั้ง62 ไทยรัฐดีเบต ไทยรัฐ thairath,neutral
วันๆ ไม่มีไรทำ บุฟเฟ่ๆๆๆ 55,neutral
อห คงไม่ซื้อทุกอัน แต่ใจคิดว่าจะไปลองแต่งหน้าที่ sephora ก่อนตัดสินใจซื้อ 55,negative
รับบริการได้แล้วทุกสาขา - ฮอนด้า รัตนาธิเบศร์ - ฮอนด้า ติวานนท์ - ฮอนด้า พระราม5 - ฮอนด้า บางบัวทอง - ซูซูกิ บางบัวทอง - นิสสัน S K Sure - นิสสัน Emperor - สยามนิสสัน บางบัวทอง ศูนย์ฮอนด้ารับเฉพาะ รถ Honda เท่านั้น PNCExpress carcare PNCultimatcarcare 3M HYPERSHIELD เคลือบแก้ว เคลือบแก้ว3M เคลือบสี เคลือบสีรถ glasscoating honda ฮอนด้า civic ซีวิค benz เบนซ์ gla250 nissan นิสสัน teana เทียน่า ขัดไฟหน้า ขัดโคมไฟ ไฟหน้าเหลือง restoreheadlights follow:,neutral
ก่อนหน้านั้นกินแสงละกินเบียต่อยังไม่ขนาดนี้ พอแดกเรดเท่านั้นแหละ อีสัส ชีวิต,negative
คือวันนี้เป็นห่าไรวะ เป็นเมนส์รอบนี้ประหนึ่งสาวแรกเริ่มที่เพิ่งมีเมนส์ หงุดหงิดไปหมด ไหนจะใส่ผ้าอนามัยแล้วเมนส์ไหลย้อนอีก ควยยมากก,negative
แดกหงษ์ทอง กันไหมกูเลี้ยง,neutral
รีวิวเบียร์ที่ฝรั่งเศส ให้เพื่อนแนะนำเบียร์หน่อย ตอนแรกหยิบโฮมา เพื่อนบอกไม่อร่อยนะ มันเป็นเบียร์แมส เทียบได้กับไฮเนเก้นงี้ อห! ละหยิบขวดนี้ให้ /อยู่ไทยแดกโฮคือโอมากแล้วไง 😂,negative
เชืีอมันในฝีมือระดับเทพ..รถราคาเทพๆAccord..ยังดีทึ่ไม่ตาย..รับไปธุระกิจ100ล้านสำคัญกว่าชีวิต..มีเงินจ่ายค่าปรับ...ความเร้วเกินกำหนด..พวกเขาไม่แคร่...แต่เกือบจะได้ไปเฝ้า..ยมภบาล..แทน...คันต่อไป.ขอให้เร้วกว่านี้อีกน่ะ...ยมทูต.รออยู่,neutral
โลตัสอุบลราชธานีค่ะ,neutral
กูจะไปเพราะไฮเนเก้นนี่แหละ,neutral
ปัญญาอ่อน แค่นี้ติดคุก งง ไอควายกับคดีฆ่าหั่นศพต่างกันชั่วโคตร หน้าส้นตีน คำพูดปัญญาอ่อนคิดบ้างป่ะวะ รถแม่งคงดูดบุหรี่ไฟฟ้าอ่ะเลยยึด หน้าหนังควย,negative
พอเถอะพี่ท่าน ถึงขั้นต้องเช่าชุดไปอีก,negative
ฟอลมาฟอลกลับไม่โกง kristao คริสเทา,neutral
การฝึกสมองให้เรียนรู้สิ่งใหม่ๆ เป็น 1 ในเคล็ดลับการชะลอวัยอย่างมีคุณภาพนะคะชาว HadaLabo (ภาพจาก: weheartit.com),neutral
แอดมินขอสอบถามข้อมูลเพิ่มเติมนะคะ คุณลูกค้าได้เก็บใบเสร็จที่เมื่อรับประทานอาหารไว้หรือไม่คะ,neutral
ลุยครับ,positive
ความสนุก ตื๊ดๆ ที่ SNOP เริ่มแล้วจ้า ใครอยากเต้นเพลงสนุกๆ เชิญที่ SNOP ตอนนี้ได้เลยจ้า โปร SNOP สุดคุ้ม เสี่ยสั่งลุย เปิดเหล้าอะไรก็ได้ รับเบลนด์ซิกเพิ่มอีก 6 ขวด วันเกิดรับเบลนด์ซิกฟรี 2 ขวด ส่วนใครที่อยากจองโต๊ะโทรเบอร์นี้เลยจ้า 08 88 88 88 88 / 088 888 88,neutral
นี้ๆชวนบ่อยสะ,neutral
วันหัสส,neutral
Share ว่าวันนี้ห้ามพลาดอย่างแรง!!! หล่อบาดตา เพลงบาดใจ 🎶 คอนเสิร์ตที่คุณรอคอย LIZM ร่วมกับ Chivas Regal Thailand เสนอคอนเสิร์ต POTATO 🎸️🥁️🎤 วันนี้ ที่ร้าน Lizm ประชาชื่น เพลงช้าก็จี๊ด เพลงเร็วก็เต้นมันส์ มาเซลฟี่กันหน้าเวที 📸 โทรจองโต๊ะ หรือถามโปรพิเศษเฉพาะงานนี้ ‼️ 022 / 088-888-88 LizmBangkok Potato ChivasX ShareChivas,neutral
เปลืองชิบหายเลย,negative
Heineken® Presents Star Venture โดยเนรมิตไปรษณีย์กลางให้กลายเป็นโรงละคร! และมีการแสดงในรูปแบบโชว์ Immersive หรือการแสดงที่จะดึงให้ผู้ชมได้เป็นเป็นส่วนหนึ่งในเรื่องราวความสำเร็จในยุคต่างๆ ของ Heineken® Heineken StarVenture OpenYourWorld,neutral
เดี๋ยวเจอกัน,neutral
ผัวแก่กินเอ็มเคผัวหนุ่มกินมาม่า,neutral
ที่บ้านไม่ไหว้555,neutral
😘😘Fortuner TRD Sportivo หลังคา BLACK TOP เผยเอกลักษณ์แห่งความสปอร์ต 👉สอบถามรายละเอียดเพิ่มเติม ได้ที่ โตโยต้าแพร่หล่อตระกูล หรือ แพร่หล่อตระกูลขายโตโยต้า ซื้อโตโยต้าต้องมาที่ โตโยต้าแพร่หล่อตระกูล,neutral
นิสสันจู๊กรุ่นใหม่หรา,neutral
นิสสัน,neutral
เชิญแม่นาง กะละมัง เถิดข้าจ่ายต็มราคาแล้วกัน,negative
ดีคับพี่,positive
เฮียคร้า เด่วนี้กินช้างเหรอคร้า. ลืมว้อนก้าหรือยัง,neutral
เวลาไปกินบาบิก้อนกะหมูกะทะ...ออกมาละจะไปช๊อปต่อก็ชิวชิวละทีนี้...ชอบๆ,positive
เฮ้อ!...คิดถึงนะเตง😉 แต่..เงินเดือนยังไม่ออกเรย😆,neutral
อยากได้ loreal สีเขียวอะ เพราะไม่มีตังซื้อเอง 555 หน้ามันมากๆๆไม่รู้จะลองตัวไหน แล้ว,neutral
งื้มมรู้แล้วว,neutral
นี่ก็กินเนสเล่ย์ สิงห์นี่ไม่ชอบ แต่ที่ไม่ชอบสุดคือช้าง 😂,negative
แพนด้า สวยกล้าท้าทุกแสง คู่หูท้าแดด kmacosmetices,neutral
กาวผ้าอนามัยมีพลังสามารถดึงขนได้แต่ไม่สามารถติดเกงในได้เเน่น55,negative
ไม่ใช่อะไรหรอกครับ ตอนแรกเข้าใจว่าจะเอา d-max มาเปลี่ยนหน้าตางานออกแบบภายนอกภายในตามแนว mazda ไม่ได้ยุ่งเกี่ยวกับการเซ็ตช่วงล่าง แต่ก็กลัวว่า bt-50 จะเป็นเหมือนลูกเมียน้อยเหมือนตอนที่อยู่กับ ford เช่นว่า d-max ได้เครื่อง 1.9 163 hp ขับสี่ สเปคตัวนอก แต่ bt-50 ยังเป็นเวอร์ชั่น 150 hp มีแต่ขับสอง กับออปชั่นบางอย่างที่อาจได้ไม่เท่า d-max รุ่นต่อไป,neutral
สาขาชีคอนศรีนครินทร์มีรึป่าวครับ,neutral
มีแพ็กเกจจิ้งทั้งหมด 64 รูปทรงEssentialEnergy ShiseidoThailand,neutral
ธ.ค. มีโปรอะไรมั่งคะ,neutral
หิวแล้ว เพลานี้😂😂,neutral
เบียร์ช้างได้กำไลบานตะไท ดีกรีลด ภาษีลด แต่ราคาไม่ลด แดกเข้าไปซิครับ 6-7 ขวดก็ไม่เมา,negative
อ่ะเฮีย งานลดราคามาแล้ว,positive
แอดมินขออภัยในเหตุการณ์ที่เกิดขึ้นจากใจจริงมา ณ ที่นี้และขอทราบช่วงเวลาที่คุณลูกค้าเข้าใช้บริการหากคุณลูกค้ายังเก็บใบเสร็จไว้แอดมินขอทราบหมายเลขใบเสร็จเพื่อให้ทางหัวหน้างานตรวจสอบการทำงานของพนักงานที่สาขาด้วยนะคะ,neutral
"อยากสวยเหมือน ""เก้า สุภัสสรา"" (สไปรท์ ฮอร์โมนส์ วัยว้าวุ่น) ช่วงนั้นหนังกำลังดัง ทุกคนต่างแย่งชิงเป็นสไปรท์กันหมดเรยค่ะแถมประกบคู่ กับ สุดหล่อ ล้ำบึก ต่อ ธนภพ กรี๊ดหนักมากก ค่ะ !! เพราะนางสวย หน้าคม หวานผสมเปรี้ยวนี่เอง จะลุคใหน สไตล์ใหนก็ดูดี เริศ สแมนแตนมากค่ะ ได้สักครึ่งของนางจะดีมาก แค่ถ้าได้มาส์กCho เป็นของรางวัลจะดีใจมากๆๆค้า ร่วมลุ้นด้วยคนน้า มาส์กโชสวยข้ามคืน cho_cosmetics daradaily ดาราเดลี่",positive
"โชว์ ""หิมพานต์ อวตาร"" (Himmapan Avatar) จัดที่ชั้น 4 ShowDC พระราม9",neutral
กุหิวแล้วว55,positive
สูบบุหรี่ทำเป็นหมันมากกว่า,negative
พร้อมสาดมาก พร้อมสาดตั้งแต่ตื่นนอนเลยครับ แต่เอ๊ะ ยังไม่ถึงวันนิ อิอิ สงสัยร้อนและตื่นเต้นมากไปหน่อย เรียกได้ว่าตื่นเต้นเหลือเกินกับเทศกาลแห่งคงามสุข ตื่นเต้นที่จะได้เติมความสุขให้กับชีวิต สาดความสุขให้กับคนไทยให้ชุ่มฉ่ำ สาดความทุกข์ทิ้งไป พร้อมกับสวัสดีปีใหม่ไทยให้กับทุกๆท่าน และขอให้ได้รางวัลเสื้อจากลีโอด้วยนะครับจะใส่ไปในวันสงกรานต์ทุกๆวันเลย จนกว่าจะผ่านพ้นเทศกาลไป ขอบพระคุณLEOที่จัดกิจกรรมให้ได้ร่วมลุ้นของรางวัลร่วมสนุกกันครับ LEOรวมพลคนมันส์สาด LEOรวมกันมันส์กว่า,neutral
ชวนกินจัง,neutral
เจอกี่โมงกูยังไม่อยากตื่น,neutral
กับจากเที่ยวเดี๋ยวพี่พาไป,neutral
เปิดสาขาใหม่ที่สระบุรีค่ะ,neutral
ขอดูยาริสหน่อยได้ไหมคับ,neutral
การผ่าตัดจะไม่ใช่เรื่องที่น่ากลัวอีกต่อไป ด้วยนวัตกรรมใหม่ เทคนิคการผ่าตัดกระดูกสันหลังเคลื่อนใส่สกรูยึดกระดูกสันหลังแบบเปิดแผลเล็ก ประมาณ 2.5 เซนติเมตรเท่านั้น โดย นพ.ธีรชัย ผาณิตพงศ์ จะมาให้คำตอบว่าการผ่าตัดวิธีนี้นั้นเป็นอย่างไร 📞 ศูนย์สมองและกระดูกสันหลัง รพ. พญาไท 3 โทร 0-2467-11 ต่อ 3262 📞 Hotline : 088-888-88 SuperSenior รุ่นใหญ่ยังไหวหัวใจยังเก๋า,neutral
ต้องมีบัตรสมาชิกไหมค่ะ,neutral
อิดอก เช้านี้เลยแมะ,neutral
ทันมั้ยคะ Cf form Sulwhasoo 920,neutral
หาดใหญไม่มีแล้ว..เสียใจจัง,negative
ในห้าง,neutral
รักป๋าครับเยี่ยมครับ,positive
แล้วถ้าตำรวจมีในครอบครองล่ะครับจับมั้ย..ผมนิอยากรู้จริมๆ,neutral
เป็นไงบ้างนิ,neutral
ยอดขายรถกลุ่ม SubCompact Crossover (B-SUV) เดือน มกราคม 61 : อันดับ 1 ยังคงเป็น HR-V ที่เตรียมจะ Minorchange ในไทย พ.ค.นี้ ตามติดด้วย MG ZS น้องใหม่ ส่วน C-HR และ XV ใหม่ เริ่มส่งมอบเดือน ก.พ.,neutral
นั่นแหล่ว,neutral
รพ พระปกเกล้าฝากประชาสัมพันธ์จ้า ตอนนี้ รพ พระปกเกล้าที่จันทบุรี เขากำลังพัฒนาศูนย์มะเร็ง และกำลังจัดซื้อเครื่องมือแพทย์มารักษาผู้ป่วยที่เป็นมะเร็ง ล่าสุดสร้างตึกสำหรับทำศูนย์นี่เสร็จละ แต่ยังขาดอุปกรณ์อีกเพียบ เช่น เครื่องฉายแสง เครื่องสวนเส้นเลือดเพื่อหยุดเลือดออกจากมะเร็งหรือว่าให้ยาออกฤทธิ์เฉพาะจุดเช่น มะเร็งตับ เครื่องรักษาด้วยนิวเคลียร์ อะไรประมาณนี้ เขาเลยขอเรี่ยไรจากพ่อแม่พี่น้องที่สนใจ ช่วยกันบริจาคคนละนิดคนละหน่อย ตั้งเป้าไว้ที่ 399 ล้าน ใครสนใจบริจาคได้ตามรายละเอียดในภาพนี้เลยนะ,neutral
ก้อนขอขอบพระคุณแทนน้องอุ้มด้วยนะคร้าบผม,neutral
ขอขอบคุณ🙏กิจกรรมดีๆของเพจ TOYOTA BUZZ มากๆนะค่ะ และได้รับตุ๊กตา Buzzy พร้อมลายเซ็นคุณเมย์ พิชญ์นาฏ เรียบร้อยแล้วค่ะ💓,positive
พาไปกินหน่อยเส้,positive
ไม่กินอีกแล้วววยี้ห้อนี้555,negative
ขอนายละเอียดnissan noteหน่อยครับ,neutral
อยากได้ anessa 🎉,positive
ในภาพมีจุดที่แตกต่างกันทั้งหมด 5 จุด 1. ภาพขวาป้ายทะเบียน ไม่มี CR-V 2. เงาพระจันทร์ ไม่เหมือนกัน 3. ภาพขวา ตึกสูงหายไปบางส่วน 4. ตึกตรงกลาง ภาพซ้ายมีขีดสีชมพู ภาพขวาตึกไม่มีขีด 5. ภาพซ้าย มีเครื่องบินบินอยู่ ภาพขวาไม่มี Rama3honda,neutral
ผักมีประโยชน์ใช่มั้ย,neutral
ใช้แป้งโชพี่เนยชอบมาก ...สุดๆ,positive
กานิเย่สอนให้รู้ว่า อย่าริอาจใช้ตอนที่หน้ามึงไหม้แดดมาก ไม่งั้นกูจะกัดจนแสบ อีควย โคตรพ่อโคตรแม่แสบ 55,negative
เอออีฟ้ามึงอ่ะ,neutral
เค้าลองป๋องดำกับเบียร์แล้วไม่อร่อย แต่กินกับเหล้าแล่มเลย,negative
อย่าขายบัตรเหมือนงานแสงโสมเลย คนหนีไปเที่ยวผับหมด บัตรตั้ง 199฿ แล้วต้องเข้าไปซื้อเหล้าแดรกอีก จอบอ,neutral
อิเดาะะ,neutral
ฮอตพอส เป้นสายพานเหมืินชาบูไหมค่ะ,neutral
เดี่ยวจัดให้ คราวนี้เอาเป็นฮอตพอตมะ,neutral
ตอบๆๆ,neutral
ไปนะวันหยุด 😊😊,neutral
ครีมกันแดด คะ. ผิวแห้งฝ้าใช้ตัวใหนดีคะ,neutral
"รีวิวและสวอช Long-Wear Sparkle Stick โดยคุณทราย FEONALITA อายแชโดว์รุ่นใหม่ล่าสุดที่ผสานผลึกมุกเนียนละเอียดแวววาว Shop now คุณทรายเลือก Long-Wear Sparkle Stick สี... 1. Molten Bronze ทาทั่วเปลือกตา 2. Aurora Pink ทากึ่งกลางตา 3. Prosecco ลงใต้ตาและหัวตา สามารถติดตามรีวิวและสวอช Long-Wear Sparkle Stick แบบเต็มได้ที่เพจคุณทราย FEONALITA นะคะ ราคา 1,300 บาท วางจำหน่ายแล้วที่เคาน์เตอร์ Bobbi Brown ทุกสาขา, Eveandboy และ",neutral
คาดเข็มขัด ไป-กลับ ปลอดภัย ด้วยความปรารถนาดี จาก โรงพยาบาลกรุงเทพระยอง,neutral
วันไหนเหอะะะ,positive
ไปจัดค่า,positive
",บ่ฮู้คือกัน",neutral
ไม่ข้องสิ 😏,neutral
ใข่ครับ,positive
กูไม่ดื่มสุรา มึงจะมาคิดเบียร์ลีโอ100กว่าบาทให้กูได้ไง อีเวนอีเซเว่นแถวบ้าน รอกูซื้อได้กูจะมั่ยด่ามึงค่า,negative
“เพื่อไทย” พร้อมแก้เกม ! ดัน “ชัชชาติ” ขึ้นบัญชีอันดับ 1 นายกฯ แทน “หญิงหน่อย” หลังโพลชี้กวาดเก้าอี้ 220 ที่นั่ง แย้มจับมือทุกพรรค สกัด “บิ๊กตู่” สืบทอดอำนาจ เพื่อไทย ชัชชาติ,neutral
ไปๆกันพี่ติ๊ก ป๋าแบงค์เค้าจะเลี้ยง,positive
น้ำลายไหล.ีสส,positive
กุอ่านข่าวเพจแหม่มโพธิ์ดำ ที่ไอเหี้ยตัวนึงแบบมีไรกะเด็กม.ปลาย ถ่ายคลิป แบล็คเมล แถมมันติดเชื้ออีก เลว,negative
เลือกสีคิ้วให้ที ลอรีอัลเค้ามีผลิตภัณฑ์ใหม่ ดินสอเขียนคิ้วเนื้อนิ่ม ปลายหัวตัดเขียนง่าย มีให้เลือกตั้ง5สี มาลองกันน yourperfectbrowcolor parisianchic LorealParisTH BrowArtistXPert,neutral
บ้านเราต่อไปก็ไม่แน่นะ เห็นข่าวเจ้าสัวเบียร์ช้างเทคเคเอฟซีไปหยกๆ ต่อไปแกเอาเบียร์มาขายพ่วงด้วยละคอเบียร์ยิ้มเลย 555,neutral
นาวาร่าแดงวิ่งไหมครับ,neutral
17. ของเข้าละเน้อ 🌸 etude my lash serum บำรุงขนตา คือดีงาม ขนตายาวขึ้น แข็งแรงขึ้นทป้องกันการหลุดร่วงของขนตา 140.-,neutral
ที่สาขาไม่มีให้บริการค่ะ เฉพาะบริการเดลิเวอรี่เท่านั้นค่ะ ^^,neutral
กินมาแล้วค่ะเมนูใหม่ได้รูปด้วย พนักงานบิ๊กซีสะพานควายบริการดีที่สุดชอบไม่หยิ่งละเอาใจฝากชมแต่สาขาบิ๊กซีวงสว่างปรับปรุงด่วนนะคะไปกี่ครั้งก็บริการด้อยไปค่ะ,negative
มันก็เป็นสิทธิของเจ้าของรถครับ ฮอนด้าไม่มีสิทธิครับ บางคนบอกโดนฟ้องบางคนบอกปลดป้ายผมล่ะงง พรีอุส นิวฟอร์จูนเนอร์แพงกว่ากันเห็นๆยังไม่เห็นเป็นไรเลย,negative
ทำไมไม่ไปเล่นพวกซื้อขายบุหรี่เถื่อน,negative
คุณลูกค้าสามารถสั่งจองที่สาขามใกล้บ้านได้เลยนะคะ ^^,neutral
หลังจากไม่อร่อย เราไม่สั่งมากินเลยค่ะ มีแต่แฟนสั่งข้าวเปล่าแทน,negative
สวัสดีค่ะ หากลูกค้าสนใจรถยนต์เชฟโรเลต เทรลเบลเซอร์ ขออนุญาตแนะนำให้ลูกค้าเข้าไปสัมผัสตัวจริงและทดลองขับ พร้อมรับเงื่อนไขสุดพิเศษได้ที่งานมอเตอร์โชว์ บูทเชฟโรเลต A12 ที่อิมแพค เมืองทองธานี ตั้งแต่วันที่ 28 มี.ค. – 8 เม.ย. 61 ค่ะ แล้วมาเป็นพบกันในงานนะคะ <3,neutral
ลดนน.ยุ,negative
ฮันนี่มันมาอีกเเล้ว,neutral
ตอบข้อ(D)รถHiluxรุ่นRoccoเป็นรุ่นที่หายไปครับ. HiluxRevoThailand,neutral
ได้รับค่ะ คุณลูกค้าแจ้งรับสิทธิ์วันเกิดแสดงบัตรประชาชนกับพนักงานจะได้รับไอศกรีมวันเกิดและถ่าบภาพใส่กรอบค่ะ ^^,neutral
พูดง่ายง่ายคือมันคือฟอร์ดเรนเจอร์ที่อัพเกรดขึ้นใหม่นั่นเองง แบบนี้มีหรอจะไม่ยั่วว,neutral
เปลือง,neutral
โจรในเครื่องแบบสมัยนี้น่ากลัวกว่าโจร,negative
ของมันต้องมี สายแซ่บ Makeup junkies ต้องปาด ลิป Soft matte metallic lip cream ของ NYX ความซอฟท์แบบเดิม เพิ่มเติมคือเมทัลลิค!! แซ่บลืมม,neutral
ทำเองกินเอง ซิหายล่ะ คุณยุทธผลิตเบียร์ลีโอ้..,neutral
มี 2 สาขา สาขาแรกเอเชียทีคโกดัง 6 สาขา 2 ห้าง show Dc ชั้น 5,neutral
ใช่ศูนย์ฮอนด้าในตำนานเจ้าเดิมป่ะครับ รังสิตคลองสอง เจ้านี้อย่าเข้าเชียว,negative
กวนส้นตีนนน นะอิกุ้ง 555,negative
นอนตุนไว้รอรอบดึกมะ 😆,neutral
"ผมว่าต้องลดราคาลงหน่อยนะ ผมกับเมียกับลูกไป ชาบูชิ พันนึง อิ่มแปร้ แต่เอมเคต้อง 1,400-1,500 ถึงจะอิ่ม 🤪🤪",negative
อ้าวเห้ย,neutral
ลดพิการโรคหลอดเลือดหัวใจ ที่มา: ไทยรัฐ แฟ้มภาพ ผลการดูแลผู้ป่วยโรคหลอดเลือดหัวใจของเขตสุขภาพที่ 8 ที่ได้พัฒนาระบบบริการตามแผนพัฒนาการพัฒนาระบบบริการ จัดหาเครื่องมือแพทย์ที่จำเป็นในการรักษา สามารถตรวจเอกซเรย์คอมพิวเตอร์ ช่วยเพิ่มการเข้าถึงบริการ ที่สำคัญคือการมีคู่มือแนวทางการดูแลผู้ป่วยที่ชัดเจน สามารถให้ยาละลายลิ่มเลือดให้แก่ผู้ป่วยได้ทันเวลาก่อนจะส่งต่อไปยังโรงพยาบาลใหญ่ โดยผลการดำเนินงานปีงบประมาณ 2560 สามารถช่วยลดอัตราการพิการ และช่วยชีวิตผู้ป่วยโรคหลอดเลือดหัวใจได้ 947 คน นพ.กิตติศักดิ์ กลับดี ที่ปรึกษา รมว.สาธารณสุข (สธ.) กล่าวภายหลัง ตรวจเยี่ยมติดตามผลการขับเคลื่อนแผนยุทธศาสตร์ชาติ 20 ปี ด้านสาธารณสุขและความคืบหน้าของการดำเนินงานดูแลสุขภาพประชาชนในพื้นที่เขตสุขภาพที่ 8 ตามนโยบาย รมว.สาธารณสุข ที่โรงพยาบาลนครพนม จ.นครพนม ว่า ขอชื่นชมผลการดูแลผู้ป่วยโรคหลอดเลือดหัวใจของเขตสุขภาพที่ 8 ที่ได้พัฒนาระบบบริการตามแผนพัฒนาการพัฒนาระบบบริการ จัดหาเครื่องมือแพทย์ที่จำเป็นในการรักษา สามารถตรวจเอกซเรย์คอมพิวเตอร์ ช่วยเพิ่มการเข้าถึงบริการ ที่สำคัญคือการมีคู่มือแนวทางการดูแลผู้ป่วยที่ชัดเจน สามารถให้ยาละลายลิ่มเลือดให้แก่ผู้ป่วยได้ทันเวลาก่อนจะส่งต่อไปยังโรงพยาบาลใหญ่ โดยผลการดำเนินงานปีงบประมาณ 2560 สามารถช่วยลดอัตราการพิการ และช่วยชีวิตผู้ป่วยโรคหลอดเลือดหัวใจได้ 947 คน โดยอัตราการตายของผู้ป่วยเขตสุขภาพที่ 8 ต่ำที่สุดในประเทศอยู่ที่ 13.22 ต่อประชากรแสนคน สำหรับในปี 2561 จะเร่งรัดและพัฒนาระบบบริการโรคหลอดเลือดหัวใจอย่างต่อเนื่อง โดยเพิ่มการให้ยาละลายลิ่มเลือดที่ครอบคลุมทุกโรงพยาบาล. อ้างอิงจาก สสส.,neutral
ชุมปอน(ซึ) ชุมพร มั้งครับ,neutral
มันเป็นเพราะกรุ๊ปเลือดนะ,neutral
สมน้ำหน้ารัฐบาลไทย บอกว่าประเทศไทยเป็นเมืองพุทธ ชนทำบริษัทเบียร์ช้างไปจดทะเบียนที่สิงคาโปร เก็บภาษีสบายเลยส่วนประเทศไทยได้แต่นั่งดู,negative
สรุปพกบุหรี่ไฟฟ้าผิดมั้ย,neutral
"คัดจาก ""เมนูฮิตที่ทุกคนชอบ"" โดยส่วนตัว ชอบหมูหมักมิโสะ จิ้มกับซอสที่ปรุงด้วยพริก กระเทียม มะนาว ทานคู่กับกะหล่ำปีต้ม แค่นี้ก็ทานได้ไม่เคยเบื่อ (เป็นสมาชิกอยู่ แต่อยากให้แจกคูปองส่วนลดบ้าง) วันนี้ไปกิน จะใช้เบริดเดย์ส่วนลด 50 บาท แต่ดันต้องใช้คูปองด้วย สุดท้ายคืออด เพราะไม่ได้พกคูปองไป คิดว่าใช้จากบัตรได้เลย น่าจะรวมสิทธิประโยชน์ไว้ในบัตรได้ แอฟมือถือก็มี แต่ก็ใช้ไม่ได้",neutral
เช็คดิเพชรมีไหม,neutral
2นาที หมดแล้วค่ะ,neutral
ขอรายละเอียดตารางดาวน์cx3กับmazda3หน่อยครับ,neutral
เเดกปกติเถอะ ใส่ชุดไทยเเน่นเกินเเดกทีปริเลย55,neutral
เห็นข่าวบาบีก้อนแล้วจะอ้วก /ของดปิ้งย่างไปอีกนาน,negative
หื้มม,positive
มี ประยุทธ์ จันทร์โอชา เป็นประธานกิตติมศักดิ์ และมีเจ้าสัวเจริญ แห่งเบียร์ช้าง เป็นที่ปรึกษากิตติมศักดิ์ . เรียกว่ามูลนิธิมีแต่คนบิ๊กๆ ที่มาอยู่รวมกันโดยมี ประวิตร วงษ์สุวรรณ เป็นเจ้าบ้าน . อ่านบทความฉบับเต็มได้ที่ WorkpointSHORTs,neutral
นิสสันคูปแป๊ะ,neutral
แม้วันที่แดดมันเเรงส์ที่สุด เราก็ไม่อยากให้ความสวยต้องสะดุดหรอกชิมิ !!! ก็เลยมาบอกต่อสิ่งดีๆ กันแดดหน้าเด็ก KA UV Protection BabyFac นี่ไงใช่เลย ทาแล้วกันทั้งแดด กินทั้งเด็ก!! เย้ยยย ! ม่ายช่ายยย กันแดด และหน้าเด็ก ด้วยนะเอออ เพราะด้วยความเบาบาง เนียน ใส ได้ฟิวที่สบายๆ ไม่หนักหน้า แต่สามารถเพิ่มความเนียน เด้ง ได้ เลยดูเด็กลง ใสๆ ไม่มีใครกล้าทักว่าป้าแล้วนาจาาา ไม่อุดตัน ไม่มีแอลกอฮอล์ ใครกลัวแพ้ รับรองว่า ไม่แพ้เเน่นวล ใช้ดีในราคาแค่ซองละ 29 บาท แพคเกจดีงาม ใช้ง่าย พกสะดวก ใช้คุ้มมาก รีบๆ เลย ถ้าไม่อยากดูแก่เพราะแพ้ให้แดด KAx7Eleven KAUVBabyFace,positive
ท่านกำลังประสบปัญหากับการเลือกเชียร์หนังเข้าชิงออสการ์ไม่ทันใช่หรือไม่!? บางเรื่องที่อยากดูก็ดันออกไปก่อนเสียนี่ พบกับนวัตกรรมใหม่ของเรา Oscar Week! หนังออสการ์ที่คัมแบ็คมาในโค้งสุดท้ายก่อนประกาศจันทร์หน้า พบกันทั้งอาทิตย์ 21-28 กพ. นี้ ที่ house RCA,neutral
โปร จ.-ศ.,neutral
เพื่อป้องกันมะเร็งเต้านมค่ะเราต้องไปตรวจคัดกรองค่ะ ตรวจคัดกรองมะเร็งเต้านมที่โรงพยาบาลพญาไท2,neutral
Mazda กำลังเจอ Crisis หนัก เมื่อมีกระแสออกมาว่าบริษัทมีการฟ้องร้องกลับผู้ใช้งานรถยนต์รุ่น CX-5 ที่ไปประท้วงถึงปัญหาเครื่องยนต์ภายในงาน Motor Expo 2017 Mazda MazdaCX5 Crisis Brandinside,neutral
ด้วย,neutral
😩☹️ ทำไมวันนั้นกินแล้วรู้สึกแดกไม่อร่อย หรือคอกูไม่ถึงหรือยังไง,negative
เพราะขนของเยอะ ต้อฃเสริมแหนบหน่อย ช่วงล่างจะได้ดีขึ้น รถ nissan เค้าเยี่ยมจริงๆ,neutral
หมุนมือถือไปรอบๆ แล้วค้นหาสเปรย์ฉีดผิวที่ดีที่สุด! หาให้เจอว่ามีทั้งหมดกี่ขวด แล้วแคปเจอร์มาตอบเราใต้คอมเม้นนี้ พร้อมบอกว่าทำไมสเปรย์นี้ถึงดีที่สุด ลุ้นรับฟรี! HYALURON MIST SPRAY 150ml จำนวน 3 รางวัล (1 ท่าน/ 1 รางวัล) ร่วมสนุกได้ตั้งแต่วันนี้ – 22 เมษายน 2561 ประกาศรางวัลวันที่ 24 เมษายน 2561 สเปรย์ไฮยาลูรอนเข้มข้น เพิ่มความชุ่มชื้นได้มากกว่า ผิวอิ่มน้ำได้ยาวนานกว่า คลิก -- พบความรู้เกี่ยวกับผิว และกิจกรรมดีๆจาก Eucerin ได้ที่,neutral
BeautyClub💒25สาขา กรุงเทพและปริมณฑล 💒ห้างฟิวเจอร์พาร์ค รังสิต (ชั้น3 หน้าโรงหนัง) 💒เมเจอร์ รัชโยธิน (อยู่ ชั้น 1 หลังร้านอาหาร สีฟ้า) 💒เมเจอร์ รังสิต (ชั้น 2 ข้างโรงหนัง) 💒เมเจอร์ ปิ่นเกล้า ( หน้าห้าง ติด we fitness) 💝เซ็นทรัล บางนา (ชั้น 2 หน้าร้าน ซีเอ็ด) 💝เซ็นทรัล แจ้งวัฒนะ (ชั้น 3 หน้าร้านแดรี่ควีน) 💝เดอะมอลล์ บางแค (ชั้น 1 หน้าร้านคาเฟ่ อเมซอน) 💝เซ็นทรัล พระราม 2 (ชั้น 3 หน้าร้านแอนด์ตี้ แอนด์) . ภาคกลาง 💒โรบินสัน สระบุรี (ชั้น G หน้าเคาน์เตอร์ Clinique) 💒โรบินสัน เพชรบุรี ชั้น1 (โซน hello beauty) ทางเข้าประตู2 . ภาคตะวันออก 💒ห้าง Passion (แหลมทองระยอง)(ชั้น1 หน้าร้าน แมคโดนัล) 💝โรบินสัน ฉะเชิงเทรา (ชั้น 2 หน้าโรงหนัง) 💝เซ็นทรัล ชลบุรี (ชั้น 2 ทางเข้าดีพาร์ทเม้นสโตร) . ภาคเหนือ 💝เดอะวอล์ค นครสวรรค์ (ชั้น 1 หน้าร้านฟูจิ) 💝เซ็นทรัล พิษณุโลก (ชั้น 3 หน้าร้านเอ็มเค) 💝เซ็นทรัล แอร์พอร์ต เชียงใหม่ (ชั้น2 ตรงข้ามสลิมอัพ) 💝เซ็นทรัล เชียงราย (ชั้น 2 หน้าร้าน Sizzler) . ภาคอีสาน 💒เซ็นทรัล โคราช (ชั้น 3 โซนออทรัม ) 💒เดอะมอลล์ โคราช (ชั้น 2 ตรงข้าม สโมสรสวาทแคท) 💝คลังพลาซ่า โคราช (ชั้นจี คลังใหม่) 💝เซ็นทรัล ขอนแก่น (ชั้น 4 หน้าร้านpizza Company ) 💝เซ็นทรัล อุดรธานี (ชั้น 2 หน้าโซนแฟชั่นพลัส) 💝เซ็นทรัล อุบลราชธานี (ชั้น 1 หน้าร้านKFC) 💝โรบินสัน สุรินทร์ (ชั้น 2 หน้าธนาคารกรุงเทพฯ),neutral
285 มันขม เหล้าขาวสักกลมพอ..,neutral
มันปิดกั้นพวกเราเกินไปแล้ว,negative
มึงอะเลี้ยง,positive
เดี๋ยว มึงหิวไรตอนนี้,neutral
23/12🎄🍑💛 - ไปทำผมมา ย้อมให้สีผมอ่อนลงมานิดนึง กลัวผมเสีย55 ตัดหน้าม้ามาด้วย แต่มัน .. - ได้กินเอ็มเคแล้ววว แต่ไม่ประทับใจหมูชาบูมากๆ🤦🏻‍♀️ - คิดถึงบะหมี่ชายสี่หน้าโรงเรียน🍜,negative
เผยรถต้นแบบ Small Rs Concept ที่คาดว่าจะเป็น All New Honda Brio รุ่น RS,neutral
อั่นก่า,neutral
ธนกร เผย พลังประชารัฐ จ่อแถลงเปิดนโยบายพรรค 6 ม.ค.นี้,neutral
"เธอเป็นคนเดียวที่ไม่ควรเสียใจ ขอไลน์ (alright) แล้วมาแลกไลน์กันวันพุธที่ 10 มกราคมนี้ !! faah x polycat ticket : 300฿ : จำกัดจำนวน 4-6 คนต่อโต๊ะ หรือ ***package จองโต๊ะ 2,500 ได้ 1 โต๊ะ บัตรเข้างาน 4 ใบ + jameson 1 ขวด ซื้อบัตรเพิ่มคนละ 300 บาท ได้ไม่เกิน 2 คน ต่อโต๊ะ ซื้อ package หรือจองโต๊ะผ่าน 2 ไลน์นี้เท่านั้น line id : nseek , faahxpolycat faah faahbkk",negative
บอกไร,positive
เค้าได้บัตรเอ็มเค มาด้วยยย,neutral
วันก่อนน้องมายืมคลีนซิ่งของนี่ไปใช้ การ์นิเย่สีฟ้า สรุปแม่งแพ้แน่นอน แสบหน้ามากแล้วผื่นขึ้นเต็ม.. กุไม่เกี่ยวนะ กุใช้มาสามขวดแร้ว!,negative
นี่แหละที่บอกเมื่อคืนอะ,neutral
คันที่ 5 แถวที่ 4 นับจากซ้ายมือ วงกลมสีแดงไว้ ฮอนด้า ซีวิค แฮทแบ็ก ใหม่ครับ EnjonHondaThailand,neutral
โห่แพง หมูทะเหอะ,negative
ถ้าถูกจะเลี้ยงเอ็มเค แคบเลย,positive
เฉพาะสาขาที่ร่วมรายการที่นี่ร่วมรึป่าวว่ะ,neutral
ดื่มจอนบาร์ ค่ะ สุราต้านนายทุนที่ผูกขาด นำเข้าจากสวิตฯ เสียภาษีถูกต้อง จากแว็บนักดื่มทั่วโลก ให้จอนบาร์ เทียบเท่า ดับเบิ้ลแบล็ค,negative
"นักข่าวถาม : ผบ.ทบ.ให้พรรคการเมืองหนึ่งไปฟังเพลง หนักแผ่นดิน เสรีพิศุทธ์ : ""ผบ.ทบ.ไปฟังเสียเองก็หมดเรื่อง""",neutral
สั่งกลับบ้านได้ไหมก้อน,positive
ความโง่คือปกติก็ใช้แป้งเจ้านางเบอร์02อยู่ละแล้ววันนี้ไปซื้อเสือกซื้อ03มาคือไรรห้ะะง่าวว,negative
ถ้าไปบ้านตาแก่ ก็ซีคอนแล้วก็เซนทรัลบางนา,neutral
โดนจับบุหรี่ไฟฟ้าในรถยึดรถ ถ้าโดนจับในบ้านคงยึดบ้าน,negative
กินเพียว อ้วกแตกเลยเมื่อคืน,negative
ปีใหม่ๆๆ,neutral
ก้อีกอาทิตย์นึงไง,neutral
อาทิตมั้ย,positive
งาแถลงข่าวนโยบายปี 2561 ของค่ายมาสด้า,neutral
อะไรเอ่ยยย,positive
บอกลุงนี้แหละ !!,neutral
ละดูเพื่อ🤤🤤,neutral
ขอบกินมากเลยค่ะหงส์ทองกับแสงโสม อ่ะแสงโสมเป็งของแถม,positive
งื้ออเค้าเซงจุง,negative
ทำไมสาขาเซนทรัลระยองไม่มีกุ้ง มีของน้อย เสียใจ,negative
อยากได้แค่เงินไม่พอ ตอนนี้เลยใช้ X-Trail ไปพลางๆก่อน,neutral
"สวัสดีครับ สำหรับรถยนต์มิตซูบิชิ ปาเจโร สปอร์ต ราคาเริ่มต้นอยู่ที่ 1,289,000 บาทครับ คุณลูกค้าสามารถดูรายละเอียดเพิ่มเติมได้ที่นี่ครับ :",neutral
ยังมัปวดท้องอยุ่นิดๆ ทัองเสียอยุ่บ้าง,negative
55 จุ้บๆ,neutral
แบบนี้ต้องจัด ชอบชีสส,positive
จะมาเล่าปสก ถูกบีเอ innisfree สาขาสยามเหวี่ยงจนร้องไห้กลางร้าน ไว้รีวิวห้ามขายของของโว้ยย,negative
ยังไม่ครบทุกตัวค่ะ อย่างไรสามารถดูรายละเอียดข้อมูลของผลิตภัณฑ์ Hada Labo ตัวอื่นๆ เพิ่มเติมได้ที่เว็บไซต์นี้นะคะ,neutral
เขียดเขียว เบอร์เจ็ด,neutral
จบละ สาขาไกลๆ ทั้งนั้น,negative
รู้สึกผิวตรงที่เช็ดโทนเนอร์นุ่มน่าสัมผัสขึ้นค่ะ,positive
จอมโจรปล้นใจ ขั้นเทพ,neutral
อยากให้เเมคโดนัลด์มาเปิดสาขาใหม่ที่สิงห์บุรีบ้าง รอจนรอไม่ไหวเเล้ว,neutral
ตู้วหู้วว,positive
"เราห่วงใยในสุขภาพคุณ มหกรรมรักสุขภาพ60 ดูแลสุขภาพของคุณด้วยการตรวจสุขภาพเป็นประจำทุกปี โปรแกรมตรวจสุขภาพ 18 รายการ ราคา 2,500 บาท 23 รายการ ราคา 4,700 บาท 21 รายการ ราคา 6,200 บาท ดูรายละเอียดโปรแกรมตรวจสุขภาพทั้งหมดที่ลิงก์ สอบถามข้อมูลเพิ่มเติม โทร.039-319888 , 1719 Add line: โรงพยาบาลกรุงเทพจันทบุรี BCH BangkokHospitalChanthaburi",neutral
เปลี่ยนเป็นอย่างอื่นได้เปล่า ที่ไม่ใช่แสงโสมม55,negative
สาขาที่ร่วมรายการมีดังนี้ค่ะ ตึกคอม ขอนแก่น เซ็นทรัล ขอนแก่น โลตัส ชุมแพ ขอนแก่น โลตัส ขอนแก่น 2 บิ๊กซี ขอนแก่น (Relocate M50 เดิม) บิ๊กซี อ.บ้านไผ่ ขอนแก่น ^^,neutral
มีบริการภ่ายภาพใส่กรอบเป็นที่ระลึกค่ะ ^^,neutral
ไม่ อารมณ์ไม่ดี เหมือนหน้าตา,negative
แล้วแบบนี้ผลแลปน่าเชื่อถือไหมอ่ะ,negative
สนใจกรองแอร์ ของ ALLnew Dmax ครับ,neutral
เสาร์นี้นะ...โรบินสันบางรัก,positive
เผยเทคนิค! แต่งหน้าผิวเนียนสวยเป็นธรรมชาติเสมือนผิวจริงใน 5 ขั้นตอน Step1: True Match Blur Cream เตรียมพื้นผิวด้วยไพร์เมอร์ครีมที่เบลอริ้วรอยและอำพรางรูขุมขนทันที ช้อปออนไลน์: Step2: True Match Liquid Foundation SPF 16 PA++ ปรับผิวหน้าให้เนียนสวยดุจซาตินด้วยรองพื้นรุ่นที่ขายดีที่สุดของลอรีอัล เนื้อซาตินเบาสบายไม่หนักหน้า บำรุงผิวชุ่มชื่น 24 ชม. ช้อปออนไลน์: Step3: True Match Super-Blendable Concealer เพิ่มความเพอร์เฟ็คท์ขั้นสุดด้วยคอนซีลเลอร์หัวพู่กันเนื้อครีม ปกปิดร่องรองด่างดำต่างๆ บนใบหน้าได้เนียนกริบ สีผิวสม่ำเสมอ ช้อปออนไลน์: Step4: True Match Even Perfecting Powder Foundation SPF32/PA+++ เพิ่มความเนียนสวยไร้ที่ติด้วยแป้งผสมรองพื้นเนื้ออณูละเอียดพร้อมนวัตกรรมพัฟฟ์สองด้าน ช่วยอำพรางรูขุมขนให้เนียนเรียบได้ตลอดวัน ช้อปออนไลน์: Step5: True Match Le Blush บลัชออนเนื้อฝุ่นสีสดใส กลมกลืนกับสีผิวอย่างเป็นธรรมชาติ ช้อปออนไลน์: ลองแต่งตามดูสิคะ รับรองว่าจะต้องปลื้มกับฟินิชลุคที่ได้แน่นอนค่า LOrealParisTH TrueMatch TrueToMyShade ลอรีอัลปารีสเมคอัพ,neutral
อันนี้ไม่บุฟเฟ่ต์หนิ,neutral
เหตุเกิดจากกรณีที่ลูกค้ามาสด้า ซีเอ็กซ์-5 และมาสด้า 2 รุ่นเครื่องยนต์ดีเซล รวมตัวกันร้องเรียนจากเหตุรถยนต์มีปัญหาน้ำดันและน้ำมันเชื้อเพลิงเข้ามาปะปนกับน้ำมันเครื่องทำให้รถได้รับความเสียหาย กรณีเราเป็นลูกค้าเลยนะ..ปัญหาแบบนี้บอกเลยเรียกร้อง 10 เนี่ยบุญแค่ไหนแล้วที่ไม่ขอรถคันใหม่,negative
หึย,neutral
55ถือว่ากินฉลองสอบเสร็จ,neutral
ขวดนึงใช้ไปนิดหน่อย อีกขวดยังไม่ได้ใช้เลย ขนาด400มิล Eucerin Dermato Clean ทำความสะอาดเครื่องสำอาง ขวดยังไม่ใช้ ขาย400 ขวดใช้แล้ว300 ทักมาเลยจ้า ขวดใข้แล้วเหลือเกินครึ่งนะตัวเอง,neutral
สนใจ Nissan March ต้องมีฐานเงินเดือนเท่าไหร่ถึงจะดาวได้,positive
Chr ออกรถได้แล้วหรอครับ,neutral
วันสุดท้ายพอดี,neutral
ดูด iqos อย่างเดียว.. จะโดนจับมั้ยนะ,neutral
เด่วเอาไปมอมอิเตี้ย 555,positive
รำคาญโฆษณาเบียร์ช้าง เวียร์ จ้อจี้เกินไป เลี่ยนจะอ้วก,negative
ดื่มอร่อย อ่อยไม่เบื่อ กินดี ปี้กันทั้งคืน ยืนยังเซ แถมโดนเป เยสเข้ ถึงบ้านได้ไง,positive
เมอนอฟป๋องม่วงที่สีเหมือนแอลกอฮอลล้างแผล ใช่ค่ะนอกจากสีแล้วรสชาติก็เช่นกัน ก็ไม่เคยกินแอลกอฮอลล้างแผลหรอก แต่สัมผัสรสชาติจากกลิ่นอะ ซึ่งเหมือนเดะเลยแค่เมอนอฟไม่ฉุนเท่า ยังไงเมอนอฟแบบขวดแก้วพวกรสเลม่อน เมล่อน แอปเปิ้ลงี้ก็ดีสุดสำหรับเราเชอร์รี่ผีมากไม่ขอลองอีก,negative
"แดง = 16 , ขาว = 13 , ดำ = 6 แถวบน : 13 + 6 = 19 แถวกลาง : 16+13 =29 แถวล่าง : 6+16 = 22 ฮอนด้า ซีวิค สีแดงเรลลี่ ใหม่ = 16 EnjoyHondaThailand",neutral
เห็นเพื่อนใช้ผ้าอนามัยสามสิบสี่สิบเซนต์แล้วก็โหย ลำบากอ่ะ,negative
ไทยต้องเปลี่ยนเป็น สิงห์ เพราะเบียร์สิงห์ ขายดีกว่า เบียร์ช้าง,neutral
อยากให้มีโปร ดอกเบี้ย0% อีกจังเลยค่ะ เพราะเคยซื้อรถฮอนด้าซีวิค 0%(สำหรับข้าราชการ)มา1คัน อยากเปลี่ยนเป็นซีอาราวีมากแต่สู้ราคาไม่ไหว555😂😂,neutral
"คอนเสิร์ตรับลมหนาว!!! ""POP ปองกูล "" จองก่อน >>> เลือกที่นั่งก่อน! 1,200 บาท / 4 คน รับเบียร์สิงห์ 6 ขวด + ออเดิร์ฟ 3 อย่าง หรือคนละ 300 บาท รับเบียร์สิงห์ 1 ขวด สำรองที่นั่งโทร.088-888-88, 088-888-88",neutral
เลิกกินเถอะ เอาเนื้อเป็นหนองมาขายเนี่ย,negative
ปีเข้าได้ไหมคะ,neutral
ดูละ ต้องไปแดกบางแค,neutral
หงส์ทองสเตเดี้ยม,neutral
เหล้าไม่กินคับ กินแต่แสง เรดแพงไป,negative
ไม่ปกติตั้งแต่แดก Smirnoff เข้าไปแล้วอ้วกออกไม่หมด มันเลยส่งผลให้รู้สึกอยากอาเจียนหลายครั้งตั้งแต่วันนั้นเป็นต้นมา 😖,negative
นานไปไหม ปี 2020 All New Mazda BT-50 Pro รุ่นใหม่ที่ผลิตโรงงาน Isuzu จะขายในไทย,neutral
พี่ท่าน จงเร่งหาชุดไทยใส่ไปเสีย 😉😉,negative
อิสัส เมาฟูลมูนแบบสุด 55,neutral
อยากได้อ่ะ แต่ต้องไปกินที่พะเยา,neutral
ที่สมุย ฟอร์จูนเนอร์ Mu X และรถ PPV ต่างๆเป็น Taxi เพียบเลย,neutral
เดี๋ยวนี้ทำไมรู้สึกว่าโมเดสกลางคืน(ห่อม่วง)หาซื้อยาก แถวบ้านคือหาซื้อไม่ได้ ต้องซื้อห้างใหญ่อ่ะ,negative
ใครเลี่ยง,neutral
1.ส้มอิฐ 2.สีพีช 3.แดงburgundy 4.น้ำตาลอมชมพู 4u2cosmetics 4u2 4u2thailand,neutral
ขับ120 ตลอด วีออสติดแก๊ส อายุ11ปี ไม่เห็นน้ำมันจะดันอะไร ตรรกะอะไรขับเร็วน้ำจะดัน ...เคยเจอแต่น้ำหม้อน้ำดันออกตรงที่เติมหล่อเย็น เพราะฝาหม้อน้ำมันเสีย,negative
หล่อบาดตา เพลงบาดใจ 🎶 คอนเสิร์ตที่คุณรอคอย LIZM ร่วมกับ Chivas Regal Thailand เสนอคอนเสิร์ต POTATO 🎸️🥁️🎤 ศุกร์ที่ 6 ตุลาคม ที่ร้าน Lizm ประชาชื่น เพลงช้าก็จี๊ด เพลงเร็วก็เต้นมันส์ มาเซลฟี่กันหน้าเวที 📸 โทรจองโต๊ะ หรือถามโปรพิเศษเฉพาะงานนี้ ‼️ 022 / 088-888-88 LizmBangkok Potato ChivasX ShareChivas,neutral
ทำมาขายเมื่อไหร่คะ รอๆ ทีมต่างจังหวัด ทีมดื่มน้ำสิงห์,positive
ข้าวผัดกระเทียมข้าวแฉะ ไม่เหมือนแต่ก่อนเบย,negative
กูเจอมาเยอะแล้วอีพวกขายครีม ครีมกากๆ ติดยี่ห้อที่มันคิดขึ้นมาเอง แต่ตัวมันใช้ ลาแม เอสเคทู อันนี้กูเคยเหนกับตานะ เผลอถ่ายรูปติดโต๊ะเครื่องแป้งแม่งเอสเคทูกระปุกละ4-5000 วางเรียงกันอยุ่ แต่มาบอกคนอื่นว่าใช้ครีมยี่ห้อกิกก๊อกของมึงราคาไม่กี่บาท,negative
ไม่ต้องแดกเลยทีนี้,negative
อีกอันขำๆคือ เวลาอ่านฟิค พล๊อตคลาสสิคเลยคือ นายเอกชอบลงไปเซเว่นโดยไม่พกมือถือ!! แล้วมันก็จะชอบมีเหตุการณ์ระทึก เช่นโดนจับตัวไป มีอุบัติเหตุ ถ้าเป็นกูเนี่ยไม่มีเหตุการณ์นี้แน่นอน ขนาดเดินไปห้องน้ำกูยังต้องถือมือเข้าไปเล่นเลย แต่อาจจะกลายเป็นพระเอกติดต่อไม่ได้เพราะมือถือตกส้วมแทน,neutral
คิวเดือนธันวาคม ครับ 2 โกดัง4/พุทธมณทลสาย4 4 โชว์รูมToyota/เพชรบุรี 7 ลานเบียร์สิงห์/CTW 9 The Gib/พระราม2 13 บ้านชอนตะวัน/นครสวรรค์ 15 ESSO thank you party/เซ็นทารา แกรนด์ มิราจ ชลบุรี 16 Lake Heaven Resort/กาญจนบุรี 19 The View/พระราม3 22 เลี้ยงปีใหม่การท่าอากาศยานไทย/สำนักงานใหญ่การท่าฯดอนเมือง 27 ก่อนนอน/ระยอง 29 เลี้ยงปีใหม่ทิฟฟี่/บ.ไทยนครพัฒนา ซ.งามวงศ์วาน8 31 Countdown เอเชียทีค,neutral
กูไปแก้โครงการที่ รร ตั้งแต่เมื่อวานละ ยังไม่ได้นอนเลย วันนี้ก็ไปอีก,neutral
ปัจจุบันนี้เครื่องฮอนด้าหลายรุ่นติดแก๊สทนกว่าโตโยต้าแล้วครับ หมดยุคเครื่องถึกๆ 4afe ไปนานแล้ว,negative
เหล็กบางเหล็กหนา รองดูเชกเม้นเดียวกัน ราคาไกล้เคียงกัน อย่างโตโยต้ากับฟอดมันก็ต่างกันเยอะเเล้วนะคับ ถุงจะถุงลมเยอะเเต่ถ้าเหล็กโครงสร้างห้องโดยสารมันยุบใส่กันมันก็ตายนะคับ ยอมรับความจริงบ้างนะคับ ไม่ใช่ดื้อกันดันทุรังอย่างเดียว มารวมตัวกันดีกว่าคับ เพื่อเป็นข้อต่อรองให้บริษัทมันผลิตออกมาเพื่อให้มีคุณภาพมากที่สุด เพื่อให้เป็นประโยชน์ต่อผู้บริโภคมากที่สุด เเต่ตอนนี้โตโยต้าใช้วัสดุไม่สมกับราคา กั๊กออฟชั่นดีๆ เอาเปรียบผู้บริโภคเป็นอย่างมากคับ,negative
เริ่มก่อนสุดก่อน วิธีของผมไอเดียของผมก็อย่างเช่นไปงานคอนเสิร์ตก็ต้องไปตั้งแต่หัววันและก็ประคองร่างกายให้อยู่ถึงงานเลิกก็แค่นี้ล่ะ เริ่มก่อนสุดก่อน 🙌🙌 สตาร์ทให้ไว ไปให้สุด เต็มMax Smirnoff MidnightMax DrinkResponsibly,neutral
ฝ้า เป็นเรื่องที่ใกล้ตัวสาวๆ มาก สาเหตุที่เป็นกันมากขึ้นเพราะรังสี UV ในแสงแดดเป็นตัวการสำคัญที่กระตุ้นให้เซลล์เม็ดสีผลิตเมลานินมากขึ้น ทำให้เห็นเป็นวงสีน้ำตาลชัดเจน ซึ่งมักเกิดขึ้นที่บริเวณโหนกแก้ม ส้นจมูก หน้าผาก แต่ถึงแม้ว่าฝ้าจะเป็นปัญหาที่กวนใจสาวๆ ก็ตาม แต่ใช่ว่าจะรักษาไม่ได้ ในปัจจุบันมีวิธีการรักษาฝ้าได้หลายวิธี หมดยุคโบ๊ะหน้าใช้คอนซีลเลอร์กันแล้ว แก้ปัญหาตั้งแต่ต้นเหตุได้ด้วยอะไรบ้าง คลิกที่นี่เลยค่ะ 📍📍สอบถามข้อมูลเพิ่มเติม : 📞 Samitivej Call Center 020-222-222 SamitivejHospital โรงพยาบาลสมิติเวช,neutral
ทีมงานหงส์ทอง,neutral
ลาก่อนเบียร์ช้าง...สวัสดีลีโอ,negative
น่ากิน 555,positive
เดอะมอลล์ท่าพระค่ะ,negative
ราดหน้าในตำนาน... @ ร้านนำรสราดหน้าเปิปพิสดาร ราดหน้าปักษ์ใต้ หอม อร่อย นุ่มลิ้น ปัตตานี,positive
เหมือนไม่ได้ยินอะไรซักอย่าง นอกจากเสียงหัวใจ ☺️ | 24th | Federbrau Beer Park 🍺 เป๊กผลิตโชค peckpalitchoke,positive
เคยเจอตอนไปนั่งกินในร้านแม็ค แมร่งปล่อยลูกร้อง จนกุคิดว่าไม่ใช่ลูกเขา เห็นเด็กนั่งกันสองคน คนนึงร้อง มี แม่กับพ่อมันนั่งเฉย ตอนนั้นคิดว่าเด็กหลงมากันเอง ร้องไปประมาณ 10-15 นาที พ่อมันพาไปนั่งอีกโต๊ะแล้วปลอบ คือไอสัสมืงไม่ปลอบตั้งแต่แรกวะปล่อยให้ลุูกมืงแหกปากอยู่ได้ตั้งนาน,negative
มะหมี่น่ากิน😄😄,neutral
ใช้CX3รุ่นSPมาจะสองปีละที่พบปัญหาคือน้ำเข้าไปที่โคมไฟหน้าแต่ก็อยู่ในระยะรับประกันของมาสด้าเลยเคลม,neutral
ใครบอกมิตซูอะไหล่แพง อือหือออ เจอฝาหม้อน้ำมาสด้าไป นี่ยืนไม่ขึ้นเลยครัช,negative
70 30 โอเคเลย555,neutral
ค้าบบบ แท้กมารัวเชียว 55,neutral
กานิเย่เอจ ซุปเปอร์เอสเซ้น,neutral
SangSom 6 Red Open 2017 รอบ 16 คน แข่งในระบบ 4 ใน 7 เฟรม เวลา 11.30 น. บุญชัย เต๋ทิ (ตูมตาม ตาก)'พบ' สยม ตันเซียน (ตัวจี๊ด โกมล) วันที่ 24 พฤศจิกายน 2560 New Lampang Snooker Club ลำปาง,neutral
แพ้ mk ครับ ไม่มีเป็ดกินไม่ได้,negative
โอ้ยย โคตรดีอ่ะคุณจิตติ รักในความกากของพี่อาร์คความเกรียนและโง่ของน้องอาร์ม ชอบตอนอิน้องงอแงสุดๆ บ่นทุกอย่างที่มีออกมาหมดไม่มีกั๊ก อิพี่คนกาก ใช้โควต้าความกากเต็มแม๊กมาก จีบน้องมานานน้องยังไม่รู้ตัวกากแค่ไหนถามใจดู,positive
เหล้าขาว แพงกว่าไฮเนเก้น,negative
สเมอร์นอฟ3ป๋องทำพิษไอสัส,negative
ผมก้อลงนะครับ,positive
เลือกไม่ได้ว่าจะดื่ม Jameson นุ่มๆแบบไหน ก็ดื่มมันหมดทุกแบบละกัน! JamesonThailand TwiceAsSmooth,neutral
ก็ดีน555,neutral
ป่ะๆๆ อิอิหิวๆๆๆ,neutral
มียี่ห้อแนะนำไหมคะ ตอนนี้ใช้ของโซฟี แบบมี applicator น่ะค่ะ เคยเห็นของ boots ราคาถูกกว่าแต่ไม่รู้ดีไหม,neutral
เส้นทางสู่รอบสุดท้าย ของ 2 ทีมยักษ์ ผู้ไม่เคยแพ้ในศึกฟุตบอลน็อคเอาต์ชิงถ้วยเกียรติยศ ช้าง เอฟเอ คัพ 2017 ศึกแห่งศักดิ์ศรี! ระหว่าง เชียงราย ยูไนเต็ด พบ แบงค็อก ยูไนเต็ด เสาร์ที่ 25 พฤศจิกายนนี้ สนามศุภชลาศัย ซื้อบัตรได้ที่ ไทยทิคเก็ตเมเจอร์ ChangFACup TheFinal,neutral
รัฐบาลนี้มีแต่ควายบริหารประเทศ โง่ทุกตัว,negative
โรงงานยาสูบมันจ่ายมึงเท่าไหร่วะ ?,negative
ฮอนด้าซีวิตราคาเท่าไหร่ครับ,neutral
พะแนง/ขี้เมา. อร่อย,positive
บางทีชีวิตแม่งก็แค่ต้องการใครซักคนที่มาอินเรื่องโง่ๆกับเรา,neutral
55ใช่ๆ,neutral
ลาเนจจ,neutral
"กรณีหมอแสง คือการใช้ไม้บรรทัดคนละสเกล ""เอากฎเกณฑ์ของฝรั่งมาวัดมาตรฐานทางภูมิปัญญา - เอามูลค่ามาวัดคุณค่า"" . กฎเกณฑ์ของฝรั่งคือกฎหมายที่อ้างว่าเป็นสากล เพื่อเอื้ออำนวยธุรกิจยาให้ฝรั่ง ถามว่า...หมอแสงเป็นหมอพื้นบ้านคนเดียวหรือ ที่ค้นพบสมุนไพรรักษามะเร็งหรือรักษาโรคต่างๆ . มีมากมายครับ ! แต่หมอแสงเขาทำแจกฟรี คนรับก็มารับด้วยความสมัครใจ ""เลยไม่มีความผิด"" . หากทำขายแม้แต่ขายบาทเดียว ติดคุกไปนานแล้ว! . แปลกมั้ย ถ้าทำแจกอ้างสรรพคุณได้ แต่ทำขายอ้างสรรพคุณไม่ได้ทั้งๆที่มีคุณสมบัตินั้นๆ . เช่น ชมรมผู้สูงอายุทำขมิ้นชันแคปซูลแจกชาวบ้าน หมออนามัย หมอโรงบาลก็จะช่วยโฆษณาให้ ว่ารักษากระเพาะได้ดี แต่ถ้าทำขาย ห้ามโฆษณาว่ารักษากระเพาะได้ จะผิดกฎหมายทันที . แปลกแต่จริงหากมีผลประโยชน์ขึ้นมาผิดเลย . ผลก็คือ ประเทศไทยเสียโอกาสทางธุรกิจสมุนไพร ปีละ 300,000 กว่าล้าน แต่เราต้องเสียเงินซื้อยาแผนปัจจุบัน และเทคโนโลยีทางการแพทย์ ปีละกว่า 500,000 ล้านบาท . ไม่มีงานวิจัยฉบับไหนบอกว่าสมุนไพรทำให้ไตวาย แต่ยาแผนปัจจุบันมีงานวิจัยหรือข้อบ่งชี้ชัดเจน ว่ามีผลทำให้ไตวาย ตับเสื่อมได้ . แต่หมอมักจะห้ามใช้สมุนไพร บอกว่าอันตรายต่อไตต่อตับ . โรคมะเร็ง หลังจากรักษาทางการแพทย์ ปัจจุบันเฉลี่ย 5 ปีตาย 80 % แต่ผู้ที่ปฏิเสธรักษาหรือรักษาควบกับสมุนไพร กลับอยู่ได้นานกว่าหรือบางคนรอด ""ไม่ตาย"" . แปลกนะ! มีของดีกลับไม่ส่งเสริม เสียทั้งเงินและโอกาส ทั้งๆที่ผลการใช้ดี , หาย อาจไม่ 100 % แต่รอดเยอะ กลับไม่ส่งเสริม . แต่กับของฝรั่ง ดันชื่นชม ยินดี ใช้นานๆไตวาย แพงไม่ว่า เพียงแต่อ้างว่าวิจัยถูกต้องตามหลักวิทยาศาสตร์ ซึ่งจริงๆแล้ว หลายๆอย่าง วิทยาศาสตร์เข้าถึงธรรมชาติได้เพียงนิดเดียวเท่านั้น . ผมไม่ปฏิเสธแผนปัจจุบัน โรคที่ใช้หมอต้องใช้หมอ โรคที่ใช้มีดต้องใช้มีด แต่โรคที่ไม่หายทางการแพทย์แผนปัจจุบันต้องยอมรับ กับภูมิปัญญาคนที่เขาได้ทดลองใช้มานาน และได้ผลเป็นรูปธรรม มัวแต่จะอ้างกฎเกณฑ์ที่ตั้งไว้ เอื้อผลประโยชน์ให้ต่างชาติ...น่าเศร้าครับ",neutral
1. สีชมพูสดใส 2. สีน้ำตาลตุ่นๆ 3. สีส้มสดใส 4. สีชมพูตุ่นๆ ค่ะเพราะว่าแมทช์กับบลัชที่ 4U2 แจกค่ะ 😻❤️😂👄 4u2 4u2cosmetics 4u2thailand,positive
16.เหล้าบุหรี่ไม่ยุ่ง กินได้แค่สปายกับฟูลมูน ที่มันน้อยๆเพราะไม่ชอบ,negative
ต้องให้เปลียนรัฐบาลก่อนคาบถึงจะได้เชื่อผม,neutral
ในเพจครับ,neutral
ท่าจะดีเหมือนกัน งั้นข้าไปดื่มน้ำแร่ช้างก่อนนะ,neutral
อันนี้ก็ดี ดีเกินคาดไปมาก,positive
ต้องไปฉลองที่ฮอตพอต,positive
นึกว่าย้าย เสียดายเลยจะกินที่ไหนล่ะทีนี้,negative
พานางแย้มขับYARIS ไปเที่ยวทะเล,neutral
เดอะมอลล์ท่าพระ ร่วมรายการไหมคะ,neutral
เปลี่ยนน้ำมันเครื่อง นิสสันนาวาร่า เท่าไหร่ค่ะ,neutral
ส่งข้อมูลทาง Inbox แล้วค่ะ,neutral
"เรื่องโดนฟ้อง ใครตามข่าวๆดีจะรู้ว่าเป็นไงครับ คนไม่ตามข่าวตลอดตามช่วงแรกก็จะคิดว่าฟ้องคนซื้อครับ ที่นี้พอมีข่าวรถมาสด้า ก็จะเกิดคำพูดนี้ขึ้นมา"" ไม่เอาไม่ซื้อกลัวโดนฟ้อง""",negative
สู้คับผม,positive
Honda รุ่นCR-V เพราะว่า นั่งได้สบายทั้งครอบครัว ไม่อึดอัดห้องโดยสารกว้างขวางมาก ขับทุกครั้งก็รู้สึกปลอดภัยทุกครั้ง เพราะว่ามีระบบรักษาความปลอดภัยมากมาย อีกทั้งสวยหรูมีระดับและสามารถลุยไปกับเราได้ค่ะ,positive
กินไหวมั้ยล้ะ,neutral
พี่แป้งแนะนำ ไม่ต้องไปตามหากันที่ดองกี้นะจ้ะ! : กันแดดจาก MizuMi เป็นกันแดดแบบ Physical Sunscreen (Non-Chemical) ที่เนื้อดี ไม่เหนียว ไม่มันเยิ้ม ไม่อุดตัน ใครเป็นสิวง่าย แพ้ง่าย แนะนำกันแดดชนิดนี้ค่ะ . รีวิวทางนี้ >> . ชื่ออาจจะดูญี่ปุ่นแต่ไม่มีขายที่ญี่ปุ่นนะจ้ะ เห็นถามกันมาบ่อย เป็นแบรนด์ไทยจ้า ทุกอย่างทั้งแพคเกจ คุณภาพต่างๆ ไม่แพ้ญี่ปุ่นหรือแบรนด์ดังๆเลย ตอนนี้ซื้อ1แถม 1 รีบไปสอยด่วน เข้าสู่หน้าร้อนแล้ว ต้องมี! MizuMi_Official,neutral
Foam Innisfree จากรอบ 1+1 ชิ้นละ 250฿ ค่า Bija : ช่วยเรื่องสิว - 7 หลอด Jeju Cleansing : ทำความสะอาดสิ่งสกปรก สิ่งต…,negative
ชุมพรมั้ยอ้ะ?!😂,positive
แต่ไม่เอาซีวิคได้ม้ะ,negative
หมอคนเดียวไอ่ห่าปกป่ะครับ,negative
กินหม่าล่าไม่เป็นๆ,negative
ซุปกระดูกหมูแซ่บ ต้องขอเครื่องพวงมาปรุงเพิ่ม,neutral
"แท้100%พิเศษ1,370 จาก 1,950 บาท The History Of WhooHWANYU LinePremium(3 ชิ้น)Line ที่แพงที่สุด…",negative
เรื่องทีเป็นข่าวหะ,neutral
กู ไม่ กิน ช้าง,negative
อัพ อายุ 25 อยากได้อินนิสฟรี อ่าพี่ออฟ น้องเป็นเเฟนอินนิสฟรี innisfree,neutral
สมควรเลี้ยง?,neutral
ขอให้ทุกอย่างผ่านไปด้วย..สู้ๆครับ vape !!!,neutral
แท็กซี่สีเขียวเหลือง ทะเบียน 1 มก 11 กทม. ทิ้งผู้โดยสาร และหลอกเงินค่าโดยสาร ทำให้ผู้โดยสารพลัดหลง ในคืนวันที่ 31 ธค. แทนที่เค้าจะได้กลับบ้าน มึงทำให้เค้าหลง ไม่มีที่นอน แถมยังเอาตังเค้าไปอีก แท็กซี่ คนเลว2019 คนหาย ThaiPBS,negative
โอเชช,positive
ไม่ได้ป่วน อยากกินจริงๆเป็ดย่างแห่ง แคว้นกาตาลัน แชมป์ไต้หวัน ก็ได้นะ,positive
ไปๆๆๆฉลองวันเกิด,positive
น่าดื่มไหม ราคานี้ ! 🍺🍻🍺 ร้านอาหารจัดเต็ม ยู 2 ขวด 100 บาท สิงห์ไลท์ 2 ขวด 100 บาท ลีโอ 3 ขวด 200 บาท สิงห์ 3 ขวด 220 บาท มาทานอาหารไทย อาหารตามสั่ง อาหารทุกประเภท 🍻🍺 อย่าลืมสั่งเครื่องดื่มนะครับ 🍻🍺 เปิดบริการ 17.00-24.00 ทุกวัน สั่งอาหาร จองโต๊ะ ☎️ 088-888-88,neutral
ไปค่ะ ข้าวแกง 555,neutral
รถฮุนไดที่CBXโฆษณายอดจองเกิน! โอ้โหอิเหี้ย!! นั่นรถนะไม่ใช่คันถูกๆ ยอม!!,negative
1+1 Innisfree Vivid Cotton Ink🐰🌈 รับเพิ่มด่วนจ้า กดให้เรื่อยๆจนกว่าของจะหมด(ตอนนี้เหลือน้อยมากแล้วว) ใครสนใจโอนแล้ว…,negative
สามารถสั่งจองที่สาขาใกล้บ้านได้เลยนะคะ,neutral
55ได้ๆ แต่มึงพากูไปเลี้ยงhotpotก่อนนะ,neutral
อย่าา,negative
สเมอร์นอฟกระป๋องเดียวทำกุปวดหัวไม่หยุดอิเวฬเอ้ยย นอนน้อยหรือว่าไรวะ นอนก็นอนไม่ได้ปวดหัว ฮืออ,negative
เอาผิด บริษัท เบียร์สิงห์ด้วยที่เป็นเจ้าของ เบียร์ลีโอ ฐานสนับสนุน เซว่น ยินยอมให้เอาเบียร์สด ที่เป็นสินค้าของบริษัทมาวางขายในเซ่เว่น ..ต้องสอบให้ชัดเจนด้วย ระหว่างเซเว่น กับบริษัทเบียร์สิงห์ ใครเป็นคนเสนอขายเบียร์สดในร้านสะดวกซื้อ...อย่าปล่อยให้พวกอีแอบทำตัวเป็นคนคุณธรรม แต่แอบค้าขายผิดจริยธรรม ศีลธรรม,negative
บิ๊กซี อ่างทอง ร่วมรายการค่ะ ^^,neutral
ทีบุหรี่ไฟฟ้านิลากเอาลากเอา,negative
อิเห้เอ้ย แพ้ผ้าอนามัยขนาดใส่แบบบอบบางไม่ระคายเคืองแล้วนะ ยังแพ้อ่ะเมิ่ง นอนเกาตูดวนไป ผื่นขึ้น เกาจนแสบ555,negative
รถผมIsuzu all new ใช้แบบไหนคับแนะนำหน่อยคับ วิ่งมาแสนกว่าโลแล้วคับ,neutral
อยากเป็นเมรีขี้เมาขึ้นมาเลย โห้วว ริมนาฬิกาบิ๊กเบน ^^,positive
อีกคนใครวะะ,neutral
⛴🚢🛥🚤🛳🛶🚀🛬 โอ้ทะเลแสนงาม แสนงาม แสนงาม ฟ้าสีครามสดใส เต้น EDM บนเรือใบ สุขใจจริงๆ GetMusicMotion SinghaLight LifeIsMotion GET1025,neutral
เห็นมั้ยป๊า กรุงศรีมันสำคัญ,positive
สุดคุ้ม! โปรมา 4 จ่าย 3 เฉพาะวันจันทร์-ศุกร์ ถึงเวลา 17.00 น. เท่านั้น!! เพื่อความชัวร์อย่าลืมโชว์ภาพนี้ก่อนเข้าร้านและตอนเช็คบิลนะคะ (1 ภาพ / สิทธิ์) ถึง 29 ธันวาคมนี้เท่านั้น * หมายเหตุ * - สามารถใช้สิทธิ์ได้ 1 ครั้งต่อ1 ใบเสร็จ (ทุกๆ 4 ท่าน) เท่านั้น โดยคิด จากราคาปกติท่านละ 379 หรือ 399 บาท ( ราคาอาจแตกต่างกันไปแต่ละสาขา) - ไม่สามารถใช้ในวันหยุด นักขัตฤกษ์และวันหยุดชดเชย - ไม่จำเป็นต้องใช้บัตรสมาชิกในการรับสิทธิ์ - โปรนี้ไม่สามารถใช้ร่วมกับโปรโมชั่นหรือส่วนลดอื่นๆ ได้,neutral
รายละเอียดมาสด้า 2 ดีเซลหน่อย ครับ,neutral
คันขับอยู่ในปัจจุบันคือ อีซุซุ ดีแมค เอ็กซ์ซีรีส์ ท็อปยกสูง ครับผมอยากได้อีกคันอยู่ครับผม,positive
มีกล้องรอบทิศทางเลย..สุดยอดจริง..นิสสันนาวารา,positive
อยากทำบัตรสมาชิก ขอรายระเอียด ด้วยนะ ไปกินทุกครั้งไม่เคยทำเลย,neutral
ความสวยกินกันไม่ลงจริงๆ..เทียบสเป็ค Toyota C-HR และ Honda HR-V 2018 รุ่นท็อปทั้งคู่ อ็อพชั่นใครแน่นกว่า?,neutral
นึกว่าไม่มา,neutral
เป็นเครื่องดื่ม แอลกอฮอ มีรูปช้าง แปะข้างขวด :),neutral
แต่ที่สยามเหมือนไม่มี,neutral
แพงไป ซื้อ 3ce ได้เลยอ่ะ,negative
กลับมาก่อน,neutral
คำตอบ เพราะพี่แป้งเห็นน้องๆใช้กันเลยเอามาลองใช้บ้างแล้วมีกลุ่มเซลล์ขายติดต่อมาให้พี่แป้งเป็นพรีเซ้นเตอร์Snailwhite Gold เพราะพี่แป้งเหมาะมากที่จะเป็นพรีเซ้นเตอร์เนื่องจากพี่เขาอายุเยอะแล้วแต่หน้ายังดูเด็กมาก ไม่มีริ้วรอย,neutral
เอากลมนึง349฿,neutral
เน็ตกระโปรกกรากกูโง่มากเลยที่ใช่เน็ตเเบบนี้กูคิดผิดรู้งี้ไปใช้3BBลาก่อยไแเน็ตกระโปรก,negative
กรี๊ดด,positive
ด้วยข้อเท็จจริงที่แสดงออกผ่านโพลว่าพรรคพลังประชารัฐไม่มีกระแสในประชาชน สมาชิกประชาธิปัตย์ซึ่งขยันลงพื้นที่ย่อมรู้ดีว่าสังคมเบื่อคนกักขฬะที่ทำเศรษฐกิจเสียหาย พรรคจึงวางระยะห่างกับพลังประชารัฐและ...,negative
ล่วงหน้ากี่วันคะ,neutral
เอ้าาา. คิดว่า299 จบ55,neutral
กบในกะลาครับ บุคคลเช่นนี้,negative
เครค่ะ,neutral
อยากเด่,positive
คุณแม่ขา..รับการรักษาเถอะค่ะ หนู่ก็เป็นมะเร็งเต้านมมา 4. ปีแล้วค่ะ ก็อยู่ได้มาเรื่อยๆค่ะ,neutral
บอกไปว่าฉันรักเขา . บุพเพสันนิวาส ขุนเรือง ปั้นจั่นปรมะ ToyotaBuzz ❤️❤️❤️,neutral
33//อินนิสฟรี,neutral
ซูซูกิ สวิฟท์,neutral
น่ากินไหมค่ะ,neutral
"!!! . Hurry up to book at Line : .donotdisturb . 12/4/2018 : Available 13/4/2018 : Sold Out 14/4/2018 : Sold Out 15/4/2018 : Sold Out . DND X Chivas X Present “DND WATER CIRCUS”, April 12-15, 2018 @ DND Outdoor Space! . ชวนคุณมาสนุกกับเทศกาลสงกรานต์ที่จะพาคุณหลุดเข้าไปในโลกของคณะละครสัตว์และสวนสนุกน้ำ “DND WATER CIRCUS” 4 วัน 4 คืน ร่วมกับทีมดีเจ TEAMDND และเหล่าศิลปินที่จะมาร่วมสร้างความสนุกและสาดน้ำไปด้วยกัน . •12/4/2018 : ""Season Five"" x ""Cocktail"" . •13/4/2018 : ""Tattoo Color"" x ""Mild"" . •14/4/2018 : ""The Toys"" x ""Two Poptorn"" . •15/4/2018 : ""UrboyTJ"" x ""Thaitanium"" . จำหน่ายบัตรแล้ววันนี้ที่ • Early Bird - 4 Days Pass : 1,200 บาท สามารถเข้างานได้ทั้ง 4 วัน มีจำนวนจำกัด . - 1 Days Pass : 500 บาท + 1 drink มีจำนวนจำกัด . More info : 094.414.9266 / Line : .donotdisturb . AGE : 20+ . A GOOD TIME IS NOT TO BE DISTURBED . DNDDoNotDisturb DNDBoutiquePlayhouse ChivasExtra AbsolutThailand Singhalight RipCurl CocaCola Uber Zaapparty DNDWaterCircus",neutral
ไม่รุ,neutral
เค้ามีปูมั้ย,neutral
สวย แกร่ง ทันสมัย ต้องนิสสัน นาวาร่า คันนี้เลยครับทั้งซิงเก้ลแค๊บ และดับเบิ้ลแค๊บ มีโปรโม่ชั่นเพียบครับ,neutral
ตังอยู่ในกระเป๋า555,neutral
"ยื่นจองพื้นที่ขายสินค้างาน ""เพื่อนพึ่ง(ภาฯ) เกษตรแฟร์"" ปี57 ที่สำนักงานทรัพย์สิน 0 2561 4749 ก่อนวันที่ 6 มิ.ย.57 (งานมีระหว่าง 20-29 มิ.ย.)",neutral
เปลี่ยนจากบาบีก้อนมากินนี่จิ,neutral
กำลังจัยคับป๋า,positive
ชอบมากๆนิสสัน แข็งแรงทนทาน ประหยัดน้ำมัน กว้างใหญ่ ปลอดภัย ครบทุกความต้องการเลย,positive
เดินทางมาจากเกาะสมุย กะว่าจะมากินไข่หวานที่ hot pot central หาดใหญ่ให้เต็มอิ่ม ดันไม่มีให้กิน เศร้าใจ,negative
เทอๆ,positive
วันเกิดเดือนนี้ต้องจัด,neutral
ยาบ้าโทษประหารนะครับ,neutral
เชี่ย อ่านบาร์บิก้อนแล้วกุจะอ้วก🤢🤮,negative
เจอใบปลิวหาเสียงตรงอนุสาวรีย์ชัย นโยบายดูดีอะ งดซื้อรถถัง เอาเงินมาซื้อรถเมล์ ปรับลดค่าโดยสาร บลาๆ ชื่อพรรคประชานิยม (ชื่อพรรคสิ้นคิดมากๆ) แต่พอเสิร์ชชื่อพรรคในกูเกิ้ลพบว่า..,negative
คำว่าเพือ่นแท้เปนมิตรภาพที่ยั่งยืนช้างก้อชวยเติมเต็มคำว่าเพื่อนดั้ยเฮฮาปาร์ตี้อย่างสนุกเหมือนกัน555,neutral
รอก้อนตอบก้อนไม่มาตอบอ่ะ,negative
ไม่ได้ต้องการ ผ้าอนามัยอะไรมากเลย นอกจากกาว ของกาวแน่นๆ กว่าทีค่ะ,negative
กิน 99 ข้างแฮปปี้ไปก่อนล่ะกัน,negative
หมูกะทะนะ,neutral
พอไหวครับ แต่น่าจะต้องปรับปรุงอีกหลายจุด,negative
"คนป่วยมะเร็งมีเฮ!!! สาธารณสุข เตรียมจับมือ ""หมอแสง"" ขึ้นทะเบียน ""ยารักษามะเร็ง"" อีกหนึ่งทางเลือกต่อชีวิตผู้ป่วย!!!",neutral
อิ่มมากเลยก้อน ท่าจะให้ดีเปลี่ยนเกี๊ยวซ่าเป็นอาหารอย่างอื่นน่าจะได้นะ เบื่อแล้ว,negative
ป๊ะป๊าจ๋าา แม่หมูอยากกินอีกแย้วว.,positive
กินง่ายกว่าสูตรเก่าเยอะ ตอนนี้ลืมไปแล้วว่าลีโอรสชาตยังไง,neutral
ควยวันนั้นจะพาใปแดก ใม่ใป,negative
กุคนฟรีนะ,neutral
เพราะชอบแสงโสม ไม่ชอบเหล้าหงส์,negative
อันนี้ไดโดม่อน..ม่ะเอาแล้วhotที่สำโรง ห่วยมาก 😠😠😠,negative
ผ้าอนามัยเอลิสที่เป็นลายริลัคคุมะคือกาวเหนียมาก ติดแน่นมาก แน่นจนกุแกะไม่ออก โว้ยย,negative
สนใจบริโอคับ 066,neutral
อยู่จุดพักรถหรอ ฝากซื้อแมคฟิซ อันนึงจิ่,neutral
ไม่เกี่ยวกะดัดดาน เพราะคนไม่ได้เดือดร้อนอะไร ถ้าแกไม่สูบตั้งแต่แรกจนติดก้ไม่ต้องมานังเดือดร้อนงี้ป้ะโก้,negative
ขอโทษ ค่ะ ทำไมพึ่งคิดได้ หลายๆคนเลิก แดกไปนานแล้ว รวมทั้ง สิงห์ ช้าง เลิกแดกนานแล้ว,neutral
เราแพ้ครีม snail whiteอ่ะค่ะ,negative
ฝาก,neutral
สุขใดเล่าจะเท่า..เนื้อบางๆติดกระทะ😂,negative
ก่อน 29 ทันมะ,neutral
สงสัยเหมือนกัน ลงครบ 5000 มันก็บอกให้ลงเพิ่มเป็น 15000 งี้ ลงครบเป็น 15000 ไม่เพิ่มเป็น 500 เลยหรอครับ,neutral
แต่ผมชอบกินช้างนะ เพราะลีโอมันออกเปรี้ยวๆ,negative
ได้ยินแคมเปญยาริสแล้วแบบฮือออ ไค่ได้ แต่แบบพนง.ใหม่อะ อาจจะซื้อไม่ได้ กริ๊ดด เสียจายย,negative
ไม่พอ 555,neutral
M chkไปก่อนเด้อ,neutral
นิสสันเอ็กเทล ราคาพิเศษ ภายในกว้าง เหมาะเดินทางไปเที่ยวกันทั้งครอบครัว ชอบมากๆ,positive
ประชาธิปัตย์' เปิดตัวผู้สมัคร 350 เขต แขวนบางส่วนชี้ขาด 5 ม.ค.62,neutral
มีซีวิคไหมครับ,neutral
ปิดเทอมใหญ่นี้มีที่ฝึกงานรึยัง? เอ็นเทอร์ด็อคพร้อมเปิดบ้านต้อนรับน้องๆ นิสิตนักศึกษามาฝึกงานหาประสบการณ์ดีๆ ในตำแหน่งต่างๆ จำนวนมาก ศึกษารายละเอียดในนี้ได้เลยจ้า,neutral
ช้าง..สิง..รสชาดจะออก..หวานๆติดตรงปลายลิ้น.เหนียวคอหอยยังไงไม่รู้.กระผมกินมาแล้วเลิกเลย..ใช่จะโจมตีใดๆ..ขวดสีอะไรก็ไม่ว่ากัน...รสชาดมากกว่า..จุดมุ่งหมายคือเมา..แต่จะเมาทั้งทีต้องมีอรรถรส,negative
ชุดงบน้อยแต่หิว 55,neutral
Jo malone กลินแจฮยอนใช้คือ ทุกครั้งที่ฉีดจะปวดหัวแรงมาก ละน้ำหอมติดทนเหลือเกิน กุจะตาย,negative
หืมมม พร้อมมั้ยคะ,neutral
ไคแน่กินแต่หงส์ทอง,neutral
อยากกินค่ะ,positive
ใจเยนน กูชักอ้วนใหญ่แล้ว,positive
สวัสดีวันพุธ แนน อะไรนะ,neutral
ลอรีเอะ ถูกหวย หุ่นดี 🤣🤣,neutral
"อยากใช้เพราะเป็นคนที่ผิวมัน เป็นสิวง่าย ทั้งสิวผด สิวอุดตันขึ้นบ่อยมาก บวกกับเราชอบแต่งหน้ามากๆ แต่งแบบจัดเต็มทุกวันด้วย คราบเครื่องสำอาง ความมัน สิ่งสกปรกต่างๆ ตกค้างอยู่บนผิว ตัวนี้เลยตอบโจทย์กับเรามากค่ะ เพราะช่วยทำความสะอาดผิวและเตรียมผิวก่อนบำรุง (ใช้แทนโทนเนอร์) ใน 1 ขั้นตอนเลย และมีสารบำรุงจากธรรมชาติ 14 ชนิด ป้องกันการสูญเสียความชุ่มชื้นจากการทำความสะอาดค่ะ ทั้งยังปราศจาก 5 สารระคายเคือง อาทิ Alcohol,Paraben,Mineral Oil,Fragrance,Color และผ่านการทดสอบ ""Hypoallergenic"" และ ""Dermatologically Tested"" แล้วด้วย คือดีมากเว่อร์ อยากเป็นผู้โชคดีได้ลองใช้พิสูจน์ผลลัพธ์ที่ดีด้วยตัวเองค่ะ",positive
นี่เหรอ ที่บอกอยากกิน,positive
สวยเนียนเย้ายวนชวนหน้าสัมผัส 😘ด้วย SHEENe BB Mineral Base Glowing Skin มีจำหน่ายแล้วที่เคาน์เตอร์ชีนเน่ในห้างสรรพสินค้าชั้นนำทั่วประเทศ 📞 SHEENe Call center: 02-222-22 SHEENeThailand,neutral
บาร์บีก้อนมีโปร แบบบุฟเฟ่ต์นะคะ หมด 31 มกราคม 2561 มีแค่2 สาขานะคะ และต้องจองผ่านเว็ปเท่านั้นค่ะ 😂 ดูรายละเอียดและทางไปจอง สาขาเทอร์มินัล 21 : สาขาวงเวียนใหญ่ : รีบๆจองนะคะ จองล่วงหน้าได้ 1 เดือนค่ะ,neutral
ขอขอบพระคุณค่ะที่คอยติดตามข่าวสารทางโรงพยาบาลพญาไท :),neutral
Altis + Mazda 3 HB โฉมเก่าชัดๆ,neutral
จอดรถตรงทางเท้าแบบนี้ผิดกฎหมายมั้ย ต้องเสียค่าปรับป่ะ,negative
ว่าง28 29 555,neutral
“สิงห์” ระดม 2 แบรนด์ใหม่เจาะตลาดพรีเมี่ยม เขย่าตลาดเบียร์ 1.8 แสนล้านเดือด รับหน้าขาย ส่งเบียร์ “สโนวี่ฯ” พร้อมนำเข้า “โครเนนเบิร์ก” เจาะไลฟ์สไตล์คนรุ่นใหม่ คาดเปิดตัวราคาเบา ๆ 60 บาท ชนไฮเนเก้น/เบียร์นำเข้า,neutral
ถ้ากูบอกว่ากูอยากกินบาบีก้อนอะจะผิดปะ,positive
เดี๋ยวก็ออกลิโมแบบอัลติส ทำเองขายเองไง,neutral
อากาศแบบนี้ต้องนั่งจิบเบียร์ เเล้วเปิดเพลงเบาๆ,positive
อะไรว้ะ,neutral
เอมเค 370 บาท 55+ แม่งมื้อเดียวอยู่ได้กี่วัน,negative
"บาร์บีคิว พลาซ่า ยืนยันไม่ใช่พยาธิ โชว์ผลตรวจ ""ตุ่มขาวที่เนื้อ""",neutral
ข้ารู้สึกว่าชุดมันอาจจะแพงกว่าค่าข้าวอีกนะเจ้าคะ😅,negative
โอรีโอ้ ซาซ่า มาใหม่,neutral
"*บริการจัดส่งถึงบ้านเฉพาะเขตกรุงเทพฯ และปริมณฑล, นครปฐม, อยุธยา, พัทยา, โคราช, ขอนแก่น, เชียงใหม่ และภูเก็ต ในพื้นที่ที่ให้บริการ*",neutral
"Live สัมภาษณ์ ""แต้ว-ณฐพร"" หลังโดนกระแสโซเชียลลั่นละคร 'นาคี' รับรางวัลนาฏราชครั้งที่ 8 เยอะเกินเหตุ! ในงานเปิดตัวผ้าอนามัย 'เอลิส' ที่ โรงแรมดิโอกุระ เพรสทีจ ข่าวสดบันเทิง",neutral
"รูปภาพบรรยากาศงาน “DND Water Circus” กับ “The Toys"" x ""Two Poptorn"" ในวันที่ 14 เม.ย. 61 ที่ผ่านมา . See you next year!!! . A GOOD TIME IS NOT TO BE DISTURBED . DNDDoNotDisturb DNDBoutiquePlayhouse ChivasExtra AbsolutThailand Singhalight RipCurl CocaCola Uber Zaapparty DNDWaterCircus",neutral
เปิดสาขาที่ยโสธร,neutral
เคยสั่งละ ไม่เยอะเท่าในจานนี้เลย น้อยมากจริงๆ,negative
เค้าก้อไม่อยากกินเลยย,neutral
มึงกุอยากกินต้มยำ,neutral
นิสสัน เตรียมเปิดตัว จีที-อาร์ เจ้าของตำนานซูเปอร์สปอร์ตคาร์ อย่างเป็นทางการ ครั้งแรกสำหรับประเทศไทย ในงานมอเตอร์โชว์ ครั้งที่ 39,neutral
ผมสนใจ mazda 2 ดีเซล มือสอง ที่มีปัญหา จะพอแก้ไขได้ไหม,positive
มันคนละอุดมการณ์กันค่ะ ดูรายขื่อเห็นมีแต่เศรษฐี ซีพีงี้ เบียร์ช้างงี้,neutral
เห็นๆๆแล้วพี่ ทุกวันนี้จะไม่มีกินกันอยู่ พี่บ้านเมืองเรา😥😥,neutral
อร่อยอ่ะ,positive
ไมาเหมือนที่ไปกินเลย บางเบา,negative
สรุปวันนั้นมันสีส้มหรือสีแดงว้ะไม่เมานะแค่สปายไม่กี่ขวดเองอห.มืดเกินไปรึเปล่า,negative
Nissan ยังกล้านำเข้า GTR มาแล้ว...แล้วมิตซูจะไม่กล้าลองนำรถในตำนานอย่างอีโวลูชั่น10 เข้ามาบ้างเหรอครับ..ไม่ต้องเอาเข้ามาเยอะก้อได้ ลองตลาดดูก่อน สาวกอีโวรออยู่เพียบครับ,neutral
"ชะลอวัยง่าย ๆ เริ่มได้ที่ตัวเราเอง... ""เริ่มจากการปรับเปลี่ยนการใช้ชีวิตประจำวันของเราอย่างละนิดอย่างละหน่อยกันนะครับ สุขภาพที่ดี บางอย่างเงินก็ซื้อไม่ได้ อยู่ที่ความรู้ ความเข้าใจ และวินัยในตัวเราเอง"" หมอหล่อคอเล่า",neutral
ติดต่อแกร๊บคอลเซนเตอร์เลยค่ะ ปกติถ้าขอให้ยกเลิกจะโดนหยุดวิ่ง7-15วัน แต่ทำแบบนี้ไม่รู้จะได้ขับอีกไหม,neutral
ระหว่างรอ คนนี้กัปตัน,neutral
ผมเป็นติ่ง honda แต่เหนรุ่นนี้บอกคำเดียวว่า ใครซื้อ HRVตัวท๊อปมา ถือว่า พลาด !!!,negative
เคยลงไปแล้วรอบนี้ต้องลงไหมครับ,positive
เที่ยงพรุ่งนี้ว่าจะไปกินสักหน่อย แต่พออ่านคอมเม้นแล้วเปลี่ยนใจไม่ไปกินดีกว่า,neutral
แม่หญิงจันทร์วาด ขับ FORTUNER ไปโรงแรมหรู,neutral
ตัดชุดรอเลยค่ะ,neutral
เลิกงานเจอกัน,neutral
ดีแม็กออนิวไปรีแมพสเต็ปแรกมาอย่ากให้ดีกว่านี้ช้วยแนะนำหน่อยคะ,neutral
๕๕ เราแค่ไปกินบาบีก้อนก็คีบอุด้งหล่น น้ำกระเซ็น โอ๊ยยย /มองคนนั่งตรงข้าม กระดาษรองเขายังสะอาดอยู่เลบ,negative
ข่าวบาร์บีก้อนทำนี่จะอ้วกทุกรอบ,negative
"ไม่แปลกหรอกคับ ไม่ได้เป็นเจ้าตลาดแล้วราคาสูงซะนั้น ก็ไม่มีใครกล้าเล่น เจ้าตลาดอย่าง toyota , honda ก็หวานปากสิคับ",positive
อยากให้ Singha Music พา Maroon 5 มาจัดตอนเสิร์ตที่เมืองไทยค่ะ อยากดูวงนี้แสดงสดสักครั้งนึงในชีวิต อยากได้ร่วมร้อง โดด เต้น และมันส์ไปกับเพลงฮิตมากมายของ Maroon 5 หวังว่า Singha Music จะช่วยให้สมหวังนะคะ 🙏🏻🙏🏻🙏🏻singhamusic,neutral
หงส์ทอง10กว่ากลม เตกิล่า5ขวด รีเจนซี่อีก4กลม โอ้โห 😂 ต้องหนีกลับ กูโดนไป4ช๊อตกะ3แก้ว ยอมจ้า😂 เจ้าของงานแม่งจะล้มละ…,negative
รวมตัวกันไปถามนายกเลยดูว่ามันจะตอบยังไง,neutral
นอนเบิดมื้อ,neutral
เมื่อเจ้าภาพไปไม่ถึงแชมป์สักที ฟุตบอลไทย smmsport ไทยลีก T1 ชลบุรีเอฟซี สุโขทัยเอฟซี ช้างชลบุรีอินวิเตชั่น2018,neutral
แสงโสม. แบน1 แน้คับ,neutral
น่าโดนน,positive
เริ่มต้นไม่เคยชอบ spy เรามันสาย เหล้า เบียร์ทุกการดื่ม ผมจำเจกับรสชาติเดิมๆของเหล้าเบียร์ ก็อยากเปลี่ยนรถชาติลองหันมาดื่มไวน์บ้างในเวลาดูบอล เลยจัดspy มาแพ็คนึง แล้วนั่งชิวกับการดื่ม spy cooler ที่เข้ากันได้ดีกับ หมูย่าง ในบรรยกาศกลางคืนตอนดูบอล เป็นอ่ะไรที่ชิวมาก แล้วยิ่งมีเพื่อนมาดูบอลด้วย โอ๊วว(เหมาะ)ถ้าพวกคุณสายเหล้าเบียร์แบบผม คุณไม่จำเป็นต้องทิ้งสายคุณ แต่แค่เพิ่มspyเข้ามาในสายของคุณอีกเท่านั้นเอง ลองดู wow,positive
เห้ยน่าไปๆๆ จิบเบียร์ฟังดนตรี งานดีๆแบบนี้ต้องไม่พลาด chang,positive
ก็คือ Sold out 😭😭 เจ้าแม่โซลเอ้าท์ที่แท้ทรู LALISA,negative
สงกรานต์นี้เล่นน้ำท้าแดด ไม่กลัวดำเพราะ Biore UV Essence ครีมกันเเดดที่ปกป้องขั้นเทพ มีเนื้อครีมที่ไม่เหนียวเหนอะ เเถมมี SPF 50+ช่วยปกป้องเราจากแสงแดด กล้าลุยเเดดลุยน้ำ มีตัวช่วยดีๆ หายห่วงลุยเล่นน้ำสงกานต์เฟสติวัล BioreUVEssence BioreFunInTheSun SongkranFunFest กันแดดกันแก่ที่ดีที่สุด กันแดดอันดับ1จากญี่ปุ่น,neutral
ค่าเช่าชุดก็เกินแล้วค่าา,negative
ถ้าหายดีนะ,positive
พี่ก้อนเฮียล้ม,neutral
ขำไม่ออกจริงๆ,negative
ว้าวว ดีใจมาก ๆ เลยค่าา ^^,positive
แง้,neutral
HNY ก้อนมีของขวัญมาแลกกันมั๊ย,neutral
อยากก,positive
ไปตอนนี้,neutral
มีครับเห็นบ่อยด้วยรู้ฮอนด้าก็มีครับ แต่เป็นแท็กซี่ป้ายเขียวนะ,neutral
L'Oréal Paris ตัวนี้ใช้ตอนไหนคะ เอชเซ้น วอเทอร์,positive
ลด 25% ทั้งร้าน 9 วันเท่านั้น พิเศษเฉพาะสมาชิก ตั้งแต่วันที่ 28 เม.ย. - 6 พ.ค. 61 ที่ร้านโอเรียนทอล พริ้นเซส ทุกสาขา ORIENTALPRINCESS KEEPBEAUTIFUL ผู้หญิงอย่าหยุดสวย PROMOTION เงื่อนไข - ร่วมทุกรายการส่งเสริมการขาย ยกเว้น รายการสิทธิประโยชน์สมาชิก - สมาชิกสามารถสะสม OPS Rewards ได้จากยอดซื้อสุทธิ - สมาชิกไม่สามารถรับสิทธิ์ส่วนลดได้อีก - ร่วมรายการรับฟรี New Year Gift Set 2018 เมื่อซื้อสินค้าครบตามยอดซื้อสุทธิ - สินค้า True Wings Limited Edition ไม่ร่วมรายการโปรโมชั่นดังกล่าว,neutral
อยากได้ของขวัญ อ้วนน ป่ะ ไปทำสวยก่อนปีใหม่,neutral
ต้องยอมรับเลย Dmaxโฟกัสได้ตรงจุดผู้บริโภค ยอดเลยที่1,positive
ตปท ช่วยกันให้เลิกบุหรี่ หันมาใช้ ไฟฟ้า แต่ ประเทศกะลา กลัว เสียผลประโยชน์(และมึงไม่ทำให้ถูก ผลิตขายละ ง่ายๆ สึสส),negative
ขาดน้องหงษ์ทองนะ 55,neutral
สินค้าต้นกำเนิดของThe Balm คือบาล์ม ซึ่งหมายถึงขี้ผึ้ง ไขมันหอม ซึ่งคุณยายของมาริสสา ซิปแมนมีอายุมากแต่ยังมีดวงตาที่สดใสซึ่ง ได้ใช้บาล์มในการเช็คเครื่องสำอางค์รอบดวงตา จึงเป็นจุดเริ่มต้นของแบรนด์ The Blam Saranporn Onchan ในทุกวันนี้,neutral
ทำไมน่ากิน,neutral
"สามปีที่แล้วผมไม่ซื้อ teana ไปออกaccord แทนก็เพราะ interior นี่แหละ รับไม่ได้จริงๆ ปลายปีกะจะเปลี่ยนรถอีกคันเป็น SUV เพราะไปต่างจังหวัดทีไร6คนนั่งไม่หมด ต้องขับสองคัน ก็มอง pajero กับ terra ไว้นี่แหละ (ตัดEverest เบาะหลังโคตรชัน นั่งไม่ได้,ตัดfortuner นั่งแล้วจะอ้วก) ข้างนอกก็สวยดีนะ แต่เจอภาพinterior เข้าไปพูดตรงๆ โคตรเซ็ง อารมณ์ประมานเจอสาวสวย แต่เปิดกระโปรงมามี k_y อะไรแบบนั้นอะ",negative
แอ้นเลี้ยง,neutral
ครั้งที่สองที่แดกฟูลมูน แต่นี่แดกไปแค่แก้วเดียว คันปากยิบๆ,negative
มาไทยขายดีแน่ๆ เทียน่า ไฟท้ายดูไม่สมกับไซส์เลย,negative
รัฐบาลบริหารประเทศให้ล่มจม...ไม่ได้บริหารให้ดีขึ้น...เลยยอยากให้คนไทยย้ายสัญชาติไปอยู่นอกเลยย,negative
ชญานันทน์ ปัญญา เอาสเมอนอฟแช่ แล้ว ราดด้วยโซจู ดีม่ะ555,neutral
เบื่อน้ำแดง อยากกินลีโอ,positive
มีดีวยหรอ ออฟตรงกัน55,positive
ได้ !,positive
มุขชะนีห้าบาทสิบบาท ใครตอบได้โปรดเผยตัว ให้โลกรู้ว่าเราเล่นมุขเก่ง SangSomExperience,neutral
ปีใหม่กินกานนน,neutral
เก๋งหลับในพุ่งชนรถสิบล้อ..แต่ข้างหน้ารถเก๋งไม่เป็นไรเลยสักนิด...ฮอนด้าซิตี้..ของเค้าดีจริง..R.I.P.ผู้เสียชีวิตด้วยครับ,positive
SinghaPark SinghaParkChiangRai SocialEnterprise สิงห์ปาร์คเชียงราย SinghaParkInterNationalBalloonFiesta2018 สิงห์ปาร์ค เชียงราย จัดงานแสดงโขนกลางแปลง เรื่องรามเกียรติ์ ในชื่อตอน “พระรามราชา”,neutral
จะกินติม,neutral
ทดสอบโดยใช้นิค18 โหอะไรจะขนาดนั้น ไม่เกินนิค6 ก็มึนแล้ว ถ้านิค18 หาที่นอนเลยยาวๆ555,neutral
วันพุธ วันพุธ วันพุธ,neutral
อยากกินหมึกกระดอง 🤤,positive
ได้ถุงผ้าแถมมาด้วยค่ะ ขอบคุณค่ะ,positive
แสงโสมกลมหนึ่ง,neutral
ไฟ Revo ปวดตามากเลยครับโดนทีนึง,negative
แต่มันก็ต้องอยู่ในรถไงฮะ ขอละมุนตานิดนึง ผมจะมีปัญหากับรถที่Interiorไม่ไปทางใดทางนึง จริงๆNissanเค้าทำได้ดีในเรื่องนี้ไงฮะ เลยขัดๆนิดนึง,negative
แพงมากค่าถ่ายนำ้มันเครื่องที่ศูนย์มาสด้าแพงเพราะไรแอดมิน?,negative
เพราะใช้สินค้า Snailwhite Gold เป็นประจำอยู่แล้ว ทำให้หน้าดีขึ้น อ่อนกว่าวัย,neutral
ขอสักครั้งเถอะพี่กราบละ SmirnoffNonFestival ไปให้สุดอย่าหยุดแค่เฟสติวัล,negative
แบบนี้ทานที่ร้านได้ไหมค่ะ,neutral
ถ้ารุ่นเตี้ยเปลี่ยนกระจังหน้าเหมือนรุ่นยกสูงน่ะ คงได้มี รีโว่รุ่นแชมป์อีกแน่ ไม่รู้จะกั๊กทำไม,negative
ลีโอแดกละปวดหัวสัส,negative
รสดีไหมครับป๋า..555,neutral
แต่เดอะเฟสช็อปนี้เก่งนะเนี้ย เอากัซเปนพซต. เข้าไทยไหมคะ?.ยื่นไมค์55,negative
ไปดู...โรงงาน MAZDA ในไทย!!,neutral
อยากกินบาบีก้อนจัง,positive
หล่อเข้ม สไตล์ขาลุย ZEUS พร้อมยาง MONSTER Raiden Tires by Lenso,neutral
อร่อยมากค่ะ ชอบสตอเบอรรี่ครีมชีส,positive
เห็นแล้ววว,neutral
เนี่ยไงก้อนท์ 💖😍,neutral
มึงไปดู เสียวไส้มาก55 รีวิวผ้าอนามัยแบบสอด,negative
มาสด้า ซีเอ็กซ์-3 สนุกกันอีกสักดอก,neutral
ไม่กินช้าง ช้างไม่อร่ย..,negative
ต้นเหตุทั้งม่วนมิใช่อะไรอยากเก็บภาษีละสิมึง,negative
ปะๆกินให้ลืมตารางเรียนเล้ยย555,neutral
หนาวเนื้อต้องกินบาร์บีกอนจึงจะหายหนาว,positive
ส่วนตัว ม่ายหย่อย,negative
การแข่งขันกระชับมิตร SangSom 6 Red Asian Invitation 2017/2018,neutral
ซื้อในลาซาด้าได้คะแนนสมาชิกของ อินนิสฟรีด้วยไหมคะ,neutral
มิตซูบิชิ ปาเจโร สปอร์ต ใหม่ ให้ทัน ด้วยระบบ FCM ระบบเตือนการชนด้านหน้าตรง พร้อมช่วยชะลอความเร็ว ตอบสนองได้ทันท่วงที,neutral
ยังจำรสชาติได้ยุติดลิ้นยุเลยตอนนี้555,neutral
"“ไม่ว่าเวลาจะผ่านไปนานแค่ไหน ..เราก็ไม่มีวันลืม” . Lure Project Presents “Hats x Hoodies” Party with “Oat Pramote” on Thursday 8 Febuary 2018 @ DND . Ticket: •Early bird 400 •At door 500 . -no dress code required- . For Ticket & RSVP : Line: / Tel : 088-888-88, 088-888-88 . A GOOD TIME IS NOT TO BE DISTURBED DNDDoNotDisturb DNDBoutiquePlayhouse Lureparty ChivasExtra Singhalight siam2nite",neutral
วันนี้ก็ไปอิ่มมาค่ะ...อาหย่อยย,positive
เปรี้ยวหรือหวานคะ,neutral
จะไปพรุ่งนึ้จะไปมีส่วนลดและไปรไมชั่นอะไรมะจะ,neutral
ไม่กินนน,negative
กลิ่นคล้ายๆโฮกาเด้น แต่จืดกว่า,neutral
จัดๆๆๆ,positive
วันนี้มีนัดกับสาวๆ เธอคอลมาบอกว่าเธอก็มีนัดกับคุณแม่ ออกไปหาอะไรทานช่วงนี้คนเยอะแน่ๆ สู้นะเธอ สู้ๆนะตัวเรา อยากเสนอเอ็มเคให้สภาเพื่อนพิณา แต่ดูทรงแล้วไม่น่ารอด คิวต้องทะลัก,negative
พูดถึงลิปก็เศร้า ล่าสุด peripera airy ink เบอร์5น้องหมดอายุแล้ว ;_; กลิ่นเพี้ยนไปเลย ตอนนี้ไม่รู้จะทำยังไงดี จะทิ้ง…,negative
สงกรานต์ปีนี้ ไม่ได้กลับไปหาลูกเลย ไม่ได้พาลูกไปเที่ยวไปเล่นน้ำเลย แต่ก็ยังมีของไปฝากลูก เอาไว้วันหยุดหน้า เด่วกลับไปหาลูกชดเชยที่ไม่ได้พาไปเที่ยวนะ ดูแลสุขภาพด้วย ช่วงนี้อากาศเปลี่ยนบ่อยเดียวไม่สบายนะ นีเวียแคร์คุณ,neutral
ดูดส้วม,neutral
บาคาดี้เมื่อคืนติดลมมาก วันนี้แฮงค์ทั้งวันยังไม่หายเลยเนี่ย คุณหลอกดาวสั่ดๆ55,negative
โฟมล้างหน้า Shiseido White Lucent Brightening Cleansing Foam W 30ml ของแท้ โฟมล้างทำความสะอาดผิวหน้าเนื้อเนียนนุ่ม ขจัดสิ่งสกปรกให้หมดจดพร้อมผลัดเซลล์ผิวเก่าอย่างอ่อนโยน คงไว้ซึ่งความชุ่มชื้น **ราคา 350 บาท,negative
หยอดให้ลงกระปุก,neutral
😳นะๆๆ,positive
รู้สึกช่อง 3 เน้นโฆษณาขายครีม ขายเซรั่ม เยอะเกินอะ dr.jill ถี่มาก,negative
บทเรียนวันนี้คือเหล้าผสมสปายเป็นอะไรที่ไม่อร่อยที่สุดในโลก iHeartAwards BestBoyBand BTS เมนส์มาตอนมาเที่ยวว่าเซ็งแล้ว เอาผ้าอนามัยแบบเย็นมาใส่ตอนอากาศ4องศาคือสุด,negative
การประกอบคือ 1 เหตุผลที่มาอัลติส ทั้งที่ตอนแรกไปซีวิคแล้ว,neutral
แสนสิริโครตใส่ใจอ่ะ ตอนแรกนึกว่าจะไม่ได้แล้วแต่เขาก็หาทางให้เราจนได้ น่ารักมากเลย💖,positive
เค้าอยากได้ เตา อบ เค้าจะทำ มินิ เบเกอรี่,positive
รับมาเสานี้เสาน่าต้องหมดนะค่ะ,neutral
ไครว่าสี Honda บางมั้งคับโดนหินดีดนิดเดียวแม่งลอกเป็นแผ่นเทียบกัน nissan almera อีกคันที่บ้านใช้มา 5 ปีไม่มีแม้กระทั้งรอยหินดีด,positive
คัมรี่ของผม 7พันโล ก็เปลี่ยนแล้ว,neutral
ขับฟอร์ด โฟกัส แรกๆหาที่ปลดเกียร์ว่างไม่ได้...จึงไม่เคยจอดซ้อนคัน.. และก็ไปติดต่อศูนย์บอกการปลดเดียร์ว่างต้องเจ้าไปตั้งในระบบจึงจะทำได้ก็จัดการตั้ง เพื่อไม่ให้เดือดร้อนใคร และเกิดปัญหา..,negative
Lip dior 310/699,neutral
ในส่วนของอาการแพ้แอลกอฮอล์นั้นนไม่เคยเป็นและไม่คิดว่าจะหนักขนาดนี้เล๊ยย หงษ์ทอง รีเจนซี่,negative
มีปัญหาเรื่องที่จอดรถบิกไบค์ ที่คอนโด ซีล บายแสนสิริ ... อีกแล้ว,negative
วันนี้เลิกหกโมง,neutral
นี่คุณเกิดมาเพราะคุณแม่คุณอยากประหยัดค่าผ้าอนามัยหรอคะ,negative
พลังต้องการ เนื้อ 😆😆😆,neutral
สมัย รสช. เรืองอำนาจคลิปก็มีหลุด คนหน้าเหมือน รองหัวหน้า รสช. ซั่ม กับอดีตนางงามจักรวาล มีลูกผัวตัวเมียกันทั้งคู่ไม่หนักกว่านี้เหรอ นี่คู่นี้แต่ละคนโสด หญิงก็เกือบจะ 40 ชายก็ 60 กว่า สลิ่มมองเป็นเรื่องการเมือง เขาคือผู้เสียหาย คนแพร่คลิปมันควรติดคุก เอาตีนคิดก็พอสมองไว้ใส่หญ้า,negative
จงพาเค้าไปกินน,neutral
มีแอบดู😂,positive
ราคาสูสี แอคคอร์ดไฮบริดเลย,neutral
INTELLIGENT HYBRID การขับขี่ด้วยระบบไฮบริด หน้าจอใหญ่ขนาด 7 นิ้ว แสดงการทำงานระบบไฮบริด ที่คอยแจ้งสถานะการขับขี่ของตลอดการเดินทาง High Performance Hybrid ระบบส่งกำลังไฮบริดสมรรถนะสูงแรงเต็มสมรรถนะให้พลังที่เหนือกว่าในทุกการขับขี่ด้วยเครื่องยนต์ 2.0 ลิตร 179 แรงม้า เกียร์ XTRONIC CVT พร้อมโหมดแมนนวล 7 สปีด ขับเคลื่อนบนความเร้าใจ NissanTH XTRAIL HybridSUVIntelligent,neutral
ครอบครัวที่สมควรสมัครที่สุด,positive
กินมาม่าไปก่อน55,neutral
เห็นคุณองซัด smirnoff แอปเปิ้ล แล้วก็คิดถึงตอนตอนตัวเองซัดละตื่นมาแดงไปทั้งตัว,negative
ใครจะไปกับกรู ฮ่า,neutral
"เธออยากจะรักใคร.. รักไปแต่ต้องรักตัวเอง UTP presents the story that has yet been told 〰 CHAPTER 2 〰Loving urself with ""Room39 x Peach Panicha (the 38 years ago)"" Date : Wed 13 Dec Venue : DND Ekamai • Tickets : - Presale: 450 - Front Door :550 🍺First 250 people who come first will get FREE BEER (a bottle of Singha light each) ติดต่อซื้อบัตรได้ทาง Line: Call :088-888-88 IG & FB: .bkk DNDDoNotDisturb DNDBoutiquePlayhouse ChivasExtra Singhalight untoldproject",neutral
ซันรูฟแบบพาโนรามาเจ้าแรกในโลก !! Thaicarlover ข่าวรถยนต์ Hyundai,neutral
"เบียร์ภาษีขึ้น 2 บาทต่อขวด เหมือนน้อยนะ แต่แม่งขึ้นทุกปี นี้ไม่ได้ครั้งแรก ยังจำสมัยกินเบียร์ช้าง25บาท ลีโอ30บาท ได้อยู่เลย.. ปล.สมมุติปีหน้าเพิ่มภาษีขึ้นอีก2บาท คนก็มาบอก ""รู้ไหมมันขึ้นกี่บาท 2 บาท เท่านั้นล่ะ""",negative
คอนโดลุมพินีทาวน์รัตนาธิเบศร์ ห้อง 28.5 ตรม. อาคาร C1 ชั้น 6 ห้องติดฝั่งสวน เงียบสงบ อากาศดี ใกล้สถานีรถไฟฟ้าสายสีม่วง ห่างจากสถานีแยกนนทบุรี 1 เพียง 400 เมตร สนใจดีเทลจิ้มไปดูจ่ะ (ของเพื่อนจ่ะคุณ),neutral
"จะรีวิวเมเบอลีนรุ่นนี้ให้ฟัง ""ละลายง่ายชิบหายเลยค่ะ"" อันนี้คือปาดไปรอบเดียวท่ามกลางแดดประเทศไทย เป็นไปได้อย่าใช้กลา…",negative
พร้อมนานละค่ะ 😂😂,neutral
เว่าอิสานให้ฟังแหน่ ToyotaBuzz MOTORSHOWยกมาที่นี่,neutral
มันยังมีอยู่ๆๆ,neutral
ทำไมตำรวจไทยเก่งแบบนี้เก่งแบบนี้ไปทำภารกิจที่ ภาคใต้บ้างสิ อยากให้ตำรวจกลุ่มนี้ไปทำงานที่ภาคใต้เพราะเค้าสุดยอดจริงๆจับหมดถ้าพวกเขาได้ไปภาคใต้โจรใต้คงจะหมดสิ้นแน่แน่ ขนาดบุหรี่ไฟฟ้าเค้ายังเข้มงวดขนาดนี้ถ้าเป็นโจรใต้เค้าคงจะจับตายเลยขอสนับสนุนนะส่งเขาไปเถอะตำรวจดีดีเก่งเก่งแบบนี้ พวกเราต้องสนับสนุน👏🏼👏🏼👏🏼👏🏼👏🏼👏🏼👏🏼👏🏼👏🏼,negative
ไปสิ,neutral
กระติกไฮเนเก้น2ลิตรเท่าไหร่คับ,neutral
หนูๆ อยากจินอ่ะ,neutral
คุณยายอายุ 93 ไม่สบายไป รพ ตอนแรกอาการหนักมาก ตอนหลังอาการดีขึ้น หมอให้กลับบ้านได้ ตอนกลับมาอยู่บ้าน มีอาการแปลกๆตอนกลางคืน ชอบเดินออกนอกบ้าน จนชาวบ้านลูกหลานพาไปหพระเพราะเชื่อว่าถูกปอบสิง แล้วเอาแหมาปิดหน้าประตูบ้าน ป้องกันยายเขาออกจากบ้านตอนกลางคืน ล่าสุดยายเสียชีวิตแล้ว อันนี้อาจารยเจษอธิบายบางส่วนในรายการละ ขอเสริมประเด็นนี้หน่อย อาการของยายเขาอาจเข้ากับอาการ delirium หรืออาการเพ้อ ซึ่งเป็นอาการที่อาจพบได้ในผู้ป่วยสารพัดโรคมาก ตั้งแต่โรคสมองเสื่อม โรคเส้นเลือดทางสมอง ติดเชื้อ สารเคมี ยา บางชนิด บลาๆ อาการคือคนที่มีอาการนี้จะสับสน และมีอาการเป็นๆหายๆ ส่วนมาก มักมีอาการหนักช่วงกลางคืน หลังพระอาทิตย์ตกดิน แถว ตจว ชาวบ้านมักเข้าใจว่าคนที่มีอาการแบบนี้คือผีเข้า แล้วพาไปหาหมอผีบ่อยมาก ถ้าใครมีญาติที่มีอาการแบบนี้ รีบพาไป รพ เถอะครับ,neutral
และ TDERM x 455 เชิญคุณมาร่วมสร้างความสุข และความสนุกแบบ Extra! ในงานปาร์ตี้ซีรีย์ ''ChivasX THE JOURNEY'' กับเจ้าพ่อ Disco เมืองไทยอย่าง BURIN BOONVISUT 🎤 📍 วันพุธที่ 21 มี.ค.นี้ ที่ TDERM x 455 เพิ่มเติมคลิก 👉 แล้วค่ำคืนความสนุกของคุณ จะไม่เหมือนเดิมอีกต่อไป... Siam2nite CHIVASX TDERM TDERMx455 BurinBoonvisut BurinGrooveRiders,neutral
จัด อยากไปshow dc ไปด้วยกันไหม,neutral
พาไปด่วน น่าาพี่หมิว,positive
เทส,neutral
พึ่งดูข้าวบาบีก้อนมีพยาธิในเนื้อเมื่อเช้า ตะกี้พี่ทักมาบอกอยากกิน ไปกินกัน..,negative
บบ พธภยส อุ้วๆ,neutral
มาจิๆ สุกกี้,neutral
โดนัทมั้ยแฟน hotpot มั้ยแฟน KFCมั้ย เห้อมมม..🙄,positive
ชุดแฮปปี้มิล ตุ๊กตาอยากให้ทำเป็นแมคโดนัสและสหายไม่อยากให้ทำเป็นอย่างอื่น น่าเก็บสะสมกว่าเยอะ,positive
มือไวหยุด มิตซูบิชิ ปาเจโร สปอร์ต ใหม่ทัน ด้วยระบบ FCM ระบบเตือนการชนด้านหน้าตรง,neutral
ไม่เอาชาบู,negative
สินค้าแพคดีมาก ได้สินค้าถูกต้องตามที่สั่งค่ะ,positive
กล่องข้าวก็ไปกินแล้วสั่งชุดคุณหนูก็ได้กล่องอะป๊ะพรุ่งนี้ไปกินก้อนกัน,neutral
งวดหน้าเดี่ยวเจอสายเขียว,positive
สรุป เมื่อคืน กินไปสามอย่าง รีเจน หงษ์ แสงโสม เช้านี้ มึนหัวซัสๆ,negative
ตังละตังง,neutral
อยากก😍,positive
ขยับไปอีกขั้นกับการขับขี่สไตล์คุณ Ep.1 >> Ep.2 >> MazdaCX5 ฅคนรักรถ ทดลองขับ Seeme,neutral
ร่างกายต้องการของหวาน,neutral
น้องๆ,neutral
แอดมินถึงกับเงียบ,neutral
ภาพเนื้อหมูบาบิก้อนติดตามากเลยอะ แอบทำให้รู้สึกไม่ค่อยอยากกินปิ้งย่าง ชาบูใดๆไปเลยช่วงนี้ ขอทำใจ 🤢💔,negative
โตโยต้าอัลติสได้รวมรถแท็กซี่ด้วยหรือปล่าวครับ,neutral
เอาตรงๆ รสชาติสู้เหล้าแพงๆได้อยู่นะ งบน้อยก็จะจัด royal stag นี่แหละ,positive
ตรรกะ ปันยาอ่อน น่ะครับ เขารวยเพราะ ทำมาหากินฉลาดในการใช้เงินใช้ชีวิต แล้ว มึงไป รู้ได้ไง ว่า เขาไม่เคยบริจาค เงินให้ มูลนิธิ หรือ ช่วยเหลือ สังคม ทำไมครับ รวย แล้วไม่มี สิทธิ ใช้เงิน หรือไง จะต้องบริจาค ให้ คนอื่นช่วยเหลือคนอื่นตลอดชีวิตหรือไง ไอ้พวกขั้อิจฉา ครับ เพราะความคิดพวกมึงต่ำตม แบบนี้ ไง ค่อย กะแนกะแหน คนอื่น ชีวิตนี้ พวกมึงถึงไม่รวย ไอ้ฟายย แบบนี้ ใครมาออกรานการบอกกูจนๆๆๆ ต้องให้คนล่ะ 10ล้านหมด รึไง ไอ้ฟายย โดยเฉพาะเจ้าของเบียร์ช้าง เขาเป็นคนจน มาก่อน ไอ้โง่ๆๆ,neutral
ขอไอดีไลน์เซลล์ด้วยค่ะ ดอกเบี้ยถูกมากค่ะ เค้าคงได้แค่ 1.84 เพราะที่บ้านไม่มีรถยนต์ฮอนด้า สนใจที่ของได้เยอะมากค่ะ,positive
อร่อยมากค่ะ,positive
"อยากให้ ซีพี, เบียร์ช้าง,กระทิงแดง,เซนทรัล,ไทยประกัน เจียดเงินบริจาค บริษัทละ พันล้าน นะท่านกินรวบประเทศแล้วให้สังคบ้างน่าจะดี เพื่อพี่ตูนจะได้พักบ้าง",neutral
เป็ดย่างทั้งตัวเท่าไหร่ค่ะไม่รับเครื่องใน,neutral
ใด้เลยยจ้าาา🤩🤩,neutral
Cf ลาแม 7 มิล 920,neutral
รัฐต้องการแค่ภาษีครับ,neutral
ใช่ๆ มาตรฐานการหั่นหมูขึ้นอยุ่กับอะไร ... บางสาขา บางกะ บางคน หั่นสวย... แต่บางทีก็มาบางจนขาดรุ่งริ่ง บางทีก็เหลือครึ่งชิ้น ...เราซื้อทุกชิ้นนะคะ...คุณก็คิดตังค์ทุกชิ้น ส่วนใหญ่เราจะดูก่อนกิน ถ้าชิ้นเล็กชิ้นน่าเกลียดแจ้งพนงขอเปลี่ยนค่ะ,negative
เบียร์ ช้าง สามขวด ได้ 1 ใบ,neutral
กาวหนึบมากค่ะ ขอบอก กลับไปไทยทีไรใช่ผ้าอนามัยเมืองไทยหัวเสียทุกทีค่ะ,negative
พึ่งดู 55,neutral
กลัวตุ่มๆ ร้านบาร์บีก้อน 😭,neutral
เมนู​ฮิตที่ทุกคนชอบ ... ชอบสุดๆก็น้ำจิ้มนี่แหละ,positive
เค้ารู้กันทั้งประเทศพี่แต่เค้าพูดกันไม่ได้ เต่ามนกระลามันก็คิดแค่ว่าพวกเราโง่ไม่รู้เรื่อง 555,neutral
ว้อน,neutral
"สาวๆจากทาง Johnnie Walker พร้อมของขวัญพีเมียม ในวันลอยกระทง ที่ร้านอาหาร The Stories Korat 💕 The Stories Korat Restaurant &Bar. Tel : 044-251-181 Mobile: 088-88 Line : the_stories Facebook: 04 Address: 86 ,ถนน กุดั่น, ตำบลในเมือง,อ.เมืองนครรรชสีมา,จ.นครราชสีมา 300",neutral
ฝากหิ้วแร้วน้องไปเกาหลีฝากแต่อีทูดี้ ce,neutral
คือในหัวกูแบบ อิเหี้ยกูอยากกิน แต่ทำไมตอนนั้นกูพิมพ์อ่อนหวานจัง 55,negative
จำได้ๆ ดินเนอร์ที่ร้านแจ๋วฮ้อน ดื่มเบียร์สิงห์ริมบึง 555 ใช้เวลาในการกินนานมากด้วย555,neutral
จะกิงเนื้อสไลดด์,positive
"วัฒนา พร้อมทีมทนายเตรียมดำเนินคดีเจ้าของโรงแรม กรณีคลิปหลุดฐานละเลยความเป็นส่วนตัว เตรียมชง""กรมการปกครอง""ถอนใบอนุญาตโรงแรมที่เกิดเรื่อง ยัน ผู้เผยแพร่คลิปและมีส่วนแอบบันทึก""ไม่ใช่คนธรรมดา"" ข่าวช่อง5",neutral
ดูแล้วซึ้ง ขนาดคนแก่ยังขอแค่มีรุปไว้ดู เข้าใจรึยังว่าทำไมต้องถ่ายคุ่กัน ถ่ายคุ่กันมากๆหน่อย อย่างน้อยก้อจะได้มีดูในวันหน้า,neutral
กินติมม่ะ 555,neutral
จริงค่ะ แต่บารบีก้อนกลับอร่อยเนอะ,positive
อยากได้คอเป็ด ต้องให้ร้านขายเป็ดเป็นตัวให้ได้ก่อน ถึงจะมีคอมาขาย,neutral
ค่ะ,neutral
มีแป้งฝุ่นศรีจันทร์ป้ะค่ะ,neutral
นนทบุรี มีให้บริการดังนี้ค่ะ - บิ๊กซี รัตนาธิเบศร์ - บิ๊กซี แจ้งวัฒนะ (2) (5 แยกปากเกร็ด) - บิ๊กซี ติวานนท์ - โลตัส พงษ์เพชร - โฮมโปร ราชพฤกษ์ - เดอะมอลล์ งามวงศ์วาน - บิ๊กซี รัตนาธิเบศร์ (2) (แยกแคราย) - โลตัส รัตนาธิเบศร์ - Home Work ราชพฤกษ์ - Esplande รัตนาธิเบศร์ (แยกแคราย) - โลตัส บางบัวทอง - โลตัส นครอินทร์ - Bee Hive เมืองทองธานี - The Crystal ราชพฤกษ์ - บิ๊กซี บางใหญ่ - เดอะมอล์ล งามวงศ์วาน - โลตัส บางใหญ่ - Central Westgate (บางใหญ่) - โรบินสัน ศรีสมาน จ.นนทบุรี - เซ็นทรัล รัตนาธิเบศร์ (แยกแคราย) - เซ็นทรัล แจ้งวัฒนะ ^^,neutral
เงินออก28,neutral
ที่สาขา ซีค่อนบางแคอะ ดูใบเสร็จก็ได้นะคับผมยังเกบไว้อยุ่,negative
อยากกินเอมเคมากๆแต่พ่อก็แบบบ ไปก็กินแต่หมี่หยกกะเป็ดเงี้ยอย่าไปเรย พ่อไม่เข้าใจเลยอะพ่อไม่อิน55 สุกี้คือของหวาน,neutral
สนใจรีโว่4ประตูPrerunnerครับถ้าผ่อนประมาณเดือนละ8000ต้องดาวน์เท่าไหร่,neutral
สู้ๆ อย่ายอมแพ้ค่ะ เป็นกำลังใจให้ค่ะ ปันรอยยิ้มเพื่อผู้ป่วยมะเร็ง สานต่อที่พ่อให้ทำช่วยคนไทยพ้นภัยมะเร็ง ศูนย์การแพทย์มะเร็งวิทยาจุฬาภรณ์ โรงพยาบาลจุฬาภรณ์,positive
ฮารเบอร,neutral
วาร์ปมานอนห้องเพื่อนครับ ตั้งแต่นั้นมาเลิกกินแสงโสมเลย เหล้าอะไรไม่รู้ เมาแล้วเจ็บก้นชิบหาย,negative
น้อง285 น้องสเมอร์นอฟ น้องแสงโสม งี้หรอ 55,neutral
จัดหนักให้เลยย,neutral
อะเครค่ะ,neutral
จะไม่ซื้อ jaspal จะไม่กิน barbq plaza 55,negative
ได้สิค่ะ รออะไร555,neutral
ยังๆ ตัวจะแตกก็สันหาแดกอีก,neutral
ได้ค่ะ,neutral
กลิ่นแรงยิ่งกว่า285อีกกลมกล่อมตรงไหนเหอะๆ,negative
พอเลยคราวที่เเล้วก็หลอกให้กิน เมาอย่างหมาเลย ทิ้งเจ้กันหมด สภาพตอนนั้นน่าสงสารมาก,negative
!!! พรุ่งนี้สงกรานต์แล้ว อย่าลืมซื้อ Jameson ไปสาดความนุ่มช่วงหยุดยาวกันละ JamesonThailand TwiceAsSmooth,neutral
รักช้างรักเวียร์ดื่มเบียร์ช้างสิครัช ง่อวว,neutral
ศุกร์ที่ 9 มีนาคมนี้ ห้ามพลาด งานนี้เข้าฟรี,neutral
ดูเหมือนแฮชแบ้ค ดูไปดูมา เอาอีกแล้วพี่โต. เอา ยาริส มาเสียบชัดๆ,negative
เข้าไปกดทำตามขั้นตอน ได้บะหมี่ฟรี อิอิ,positive
ลีโอเข้ากันหรือครับ? ไทบ้านสารคาม-กาฬสินธุ์ กินกับเหล้าขาว 555 ปล.ผมคนระยอง มาเป็นเขย กาฬสินธุ์ 55,neutral
ไม่มี ก็กินชาบูหลังบ้าน ไปก่อน 55,neutral
สามีเป็นมะเร็งกระเพาะอาหารอยู่โรงพยาบาลศิริราช ปิยมหาราชการุณย์5เดือนกับอีก19 วันคุณหมอ และพยาบาลทุกคนดูแลและให้กำลังใจดีมากๆ เครื่องมือทางการแพทย์ทันสมัย คุณหมอและพยาบาลเอาใจใส่เสมอเหมือนญาตพี่น้องเลยคะ,neutral
ตั้งแต่ไม่ได้แต่งหน้าช่วงแพ้เซรั่มของโอเรนทอลก็ขี้เกียจละอ่ะ ออกไปข้างนอกก็ทาแค่บี…,negative
ทีมจักรยานกองทัพอากาศขอขอบคุณ บริษัท ราชา ไซเคิล จํากัด (Optima Bike) ที่มอบเต็นท์พับขนาดใหญ่ ให้ทีมไว้ใช้ในงานแข่งต่างๆในประจำปี 2561 นี้ครับ สโมสรจักรยานกองทัพอากาศ l ครอบครัวจักรยานทอ l royalthaiairforcecyclingteam l ราชาจักรยาน l sporttech l velogicfit l cyclolic l hutchinsontyres l ราชาไซเคิล l RoyalDthailand l วิทยุการบิน l singha l ‪volarejersey l triplesfactory l TAI l KAI,positive
ถ้าไปเวียดนามสั่งเบียร์ดื่ม น้ำเบียร์ก็คือเบียร์ช้าง เปลี่ยนแค่สลากข้างขวด,neutral
สู้ๆ 555,positive
แต่แค่จ-ศ,neutral
เเล้วนุชอบกินสปายไหม พรี่ชอบมั่กๆเลย55,positive
ไปกินก้อรอนานมากตั้ง7คิวไม่เห็นพนักงานสนใจอะไรเลยอุตส่าชวนเพื่อนไปเสียเวลามาก,negative
💥กลับมากันอีกแล้วจ้าา..กับกิจกรรม เล่น ลุ้น แจก😉 เพียงลูกค้าตอบคำถามว่า C-HR ย่อมาจากคำว่าอะไร ลุ้นรับรางวัล กระเป๋าสะพายข้าง Collora Altis 3 รางวัล >>> วิธีร่วมสนุก ดังนี้ <<< 1. เล่น..ตอบคำถามใต้โพสท์นี้ 2. ลุ้น..รอลุ้นรับรางวัล วันประกาศรายชื่อผู้โชคดี 3. แจก..ผู้โชคดีติดต่อรับรางวัลได้เลยจ้าาา... ตอบคำถามได้ตั้งแต่วันนี้ - 31 มีนาคม 2561 เวลา 17.00 น. ประกาศรายชื่อผู้โชคดี วันที่ 2 เมษายน 2561 มาร่วมสนุกกันเยอะๆนร้าา (^_^) toyota chr vios revo vigo altis camry yaris ativ fortuner sienta avanza innova commuter hiace alphard ventury vellfire phithanbkk trumq ❤️ลูกค้าคือหัวใจ...พิธานฯใส่ใจให้บริการ❤️,neutral
เห็นด้วยๆมากๆครับกับการที่เราต้องมีจิตสำนึกไม่สูบในที่สาธารณะ,neutral
เนอะๆๆ,neutral
โมเลกุลเล็กกว่าฝุ่นควัน PM 2.5 ก็เห็นจะเป็นข้านี้ล่ะ 🙄😔✌️ ไร้ตัวตน🍃🍂,negative
เคยเจอแบบนี้ตอนนั่งแท็กซี่กลับจากคอนเสิร์ตคนเดียว ตอนนั้นดึกแล้วด้วย แต่เราไม่ได้แต่งตัวโป้นะ กระโปรงยาวถึงเข่าด้วยซ้ำ แม่มถามเราซ้ำๆอยู่คอนโดไหน (ตอนขึ้นเราบอกเค้าแค่ไปตรงโลตัสอ่อนนุช) ทำไมกลับคนเดียว ไม่มีแฟนหรอ แล้ววนกลับมาถามอีกว่าอยู่คอนโดไหนแบบจะรู้ให้ได้อ่ะ เราเลยบอกว่ายังไม่เข้าบ้านจะแวะแมคหาอะไรกินก่อน ก็ยังจะถามซ้ำอีกว่าคอนโดไหน พอดีถึงแมคพอดีเลยบอกให้จอดแล้วจ่ายตังค์รีบวิ่งเข้าแมคไป โชคดีที่วันนั้นมีเงินพอดีค่ารถ ไม่ต้องทอน,neutral
จะพาเค้าไปญี่ปุ่นเหรอ ดีอ่ะ เก็บกระเป๋าเเพ็บ อยากไปเที่ยวโตเกียว ไปตระเวนกินทุกอย่างที่อยากไป ไปถ่ายรูปเก๋กับวิวภูเขาไฟฟูจิ คงเป็นช่วงเวลาดีๆของเราทั้ง 2 ถ้ามี SPY ด้วยคงดีมาก ฟินกับบรรยากาศเเละนั่งดื่มชิวๆ SPYCLASSIC,positive
อยากให้ Singha Music เอาวง Hozier มาจัดที่บ้านเราค่ะ เพราะว่าชอบความหล่อเซอร์ เพลงของเค้าค่อนข้างเป็นเอกลักษณ์มาก ไม่ว่าจะเป็นดนตรี สไตล์การร้อง เนื้อหาของเพลง อยากให้เพื่อนๆที่ชอบเหมือนกันได้ดูโชว์สดๆของเค้าด้วยกันค่ะ : John Legend นี่ก็ love เสียงร้องเค้ามากเหมือนกันค่ะ ^^ singhamusic 🎼🎤 ติดตามกิจกรรมนี้มาตั้งแต่ตอน live เลยค่ะ ^^,neutral
แม่หญิงเบลล่า ใช้อายไลเนอร์ มิสทีน รุ่น ซุปเปอร์แบล็ค ฟิคช์ อายไลน์เนอร์ กระนั้นเองข้าก็อยากมีดวงตาสวยเฉี่ยวเหมือนแม่หญิงยิ่งนัก ออเจ้าข้าขอสักแท่งเถิดหนา ข้าอยากลองใช้เพื่อมีชายใดจะมาแลข้าบ้างเพราะดวงตาคือหน้าต่างของดวงใจนะเจ้าค่ะ,neutral
คนพาล ใช้กฎหมายเป็นข้ออ้าง ? ยุคนี้ในปทท.มิใช่เรื่องนี้เป็นเรื่องแรกและจะเยอะขึ้นเรื่อยฯ ยุคโจรครองเมืองรู้ป่ะ ?,negative
บีทีเอสคือมีความพยยทำป้ายแบบที่เกา แต่คืองงมากเกือบขึ้นผิด..,negative
พิกัดๆ,neutral
งามอย่างมีคุณค่า นิสสันเอ็กซเทรลยนตรกรรมสำหรับอนาคตจริงๆ,positive
สำหรับ subaru xv มีให้เลือกตัวไหนบ้างครับ,neutral
No3 ใช้ดีสุดๆ ซองนี้นี้เอง ที่เราใช้อยู่ KA UV babyface SPF 42 PA+++ ครีมกันแดดหน้าเนียน ใช้แล้วไม่เป็นสิวอุดตัน ไม่เกิดสิว ไม่มีแอลกอฮอล์ ใช้แล้วทำให้หน้าเด็กลง แดดจะร้อนแค่ไหน กันแดด KA ก็เอาอยู่จร้า แท็กเพื่อน 5 คน👇 KAx7Eleven KAUVBabyFace,positive
ทานไป 1400 วันนี้ อดเลยต้องพรุ่งนี้ แถมลืมเอาบัตรสมาชิกไปด้วย ฮืออ,negative
แม่หญิง ท่านใช้อายไลเนอร์ มิสทีน รุ่น ซุปเบอร์ แบล็ค ฟิคซ์อายไลเนอร์ แต่งให้แป๊ะ ปัง ข้าอยาก ลองใช้ เจ้าค่ะ เพราะ ตามัน,neutral
ผ้าอนามัยแบบเย็นนี่เย็นจนหนาว,negative
ต่อมามีการจัดตั้งสำนักงานทรัพย์สิน จึงเป็นกรรมสิทธิ์ของสำนักงานทรัยพ์สิน ... เมื่อหลวงพิบูลเป็น อธิการ จึงได้มีการโอนที่ดินเป็นของจุฬา (จบ),neutral
ขอบคุนจร้าาา,neutral
ฮือออ เพื่อนเพิ่งพรี 3ce ไป,neutral
จิงครับ ผมก็ลงนะ แต่เหมือนลงไปก็เท่านั้นถ้าผู้ใหญ่ไม่แก้ ต่อให้ลงทั้ง70ล้านคนก็เถอะ,neutral
ฮัลโหลวๆ มาเจอกันที Show DC วันนี้ 4 โมงเป็นต้นไปนาจา 💥💥,neutral
เราหายใจไม่ออกแล้วค่าา 🤣,positive
เรื่องกินขอให้บอก 😂,positive
ส่วนตัวเครื่องสำอางค์ใช้แบรนด์เกาหลี ญี่ปุ่นไปเลย แพงหน่อยแต่ปลอดภัย ของไทยใช้แค่ครีมพอนด์,negative
ต้อนรับหน้าหนาว อากาศเย็นๆ กับปาร์ตี้สุดยิ่งใหญ่กันที่ WARM CAFÉ ในวันที่ 10.11.17 นี้เท่านั้น โดยเป็นการจับมือกันของ JOHNNIE WALKER x HOLD’EM x WARM UP ที่จะพาคุณเปิดประสบการณ์ใหม่ๆ และเปิดตัวแฟชั่นสุด limited edition ของ Johnnie Walker Style พร้อมมันส์ไปกับปาร์ตี้สุดเอ็กซ์คลูซีฟที่จุดประกายความคิดสร้างสรรค์ไปพร้อมกันทั่วเชียงใหม่ พบกัน! 10.11.17 ที่ WARM UP CAFÉ JOHNNIEWALKER KEEPWALKING,neutral
"ร่วมเฉลิมฉลองต้องรับปี 2018 ที่ Hard Rock Cafe Chiang Mai กับดีเจสุดฮอต Graham Gold ช่ำชองและอยู่ในวงการมากว่า 30 ปี!! Tickets are now available : Normal Ticket THB550 Free Singha Beer 1 drink. (Normal ticket- 250 tickets available) VIP Ticket THB650 Free Singha Beer 2 drinks. (Stay at VIP room- 30 tickets) Agenda : 8.00-9.30pm : Make Some Noise, 9.30-10.30pm : DJ April, 10.30-12.30pm : DJ Graham Gold, 12.30-close : DJ Limitless For more info please call 066-666-66",neutral
ว่างหรอออ,neutral
เข้าไป..หมดแล้ว😭😭😭,negative
สิ่ ง ดี ๆ ทำ ไ ด้ ทุ ก วั น เ พี ย ง 1 ร อ ย ยิ้ ม ช่ ว ย เ พิ่ ม พ ลั ง บ ว ก ใ ห้ ผู้ ป่ ว ย โ ร ค ม ะ เ ร็ ง ไ ด้ น ะ จ๊ ะ ช่ ว ย แ ช ร์ กั น เ ย อ ะ ๆ น ะ กิ จ ก ร ร ม ดี ๆเ พิ่ ม พ ลั ง ใ ห้ กั น แ ร ะ กั น จ้ า 🙏🏻🤟🏻✌🏻👍🏻👏🏻💪🏻 ปันรอยยิ้มเพื่อผู้ป่วยมะเร็ง สานต่อที่พ่อให้ทำช่วยคนไทยพ้นภัยมะเร็ง ศูนย์การแพทย์มะเร็งวิทยาจุฬาภรณ์ โรงพยาบาลจุฬาภรณ์,neutral
เป็ดย่างMK,neutral
แค่ก้าวขา ก้อนก็เหนื่อยแล้วค้าบ55,neutral
ที่สุดเลย..เหมือน มาสด้า ที่สุด,positive
กด love 💕เลยค่ะชอบความเรียบง่าย ดื่มง่าย แถมยังไม่แพงราคาสบายกระเป๋าเลยค่ะ กินกับเพื่อน กับพี่ ไปไหนไปกัน ก็ spy นี่เหละค่ะ,positive
จะสู้พี่ก้อนได้มะ,neutral
ไม่มีรสชาติอะไรเลย เสียใจ,negative
L'Oréal Paris ค่ะ,neutral
คืนหลังสิ้นเดือนได้ไหม T_T,negative
Nissan เริ่มทดสอบ All-New Teana / Altima ซีดานขนาดกลางเจเนอเรชั่นใหม่แล้ว,neutral
สามารถดูราคารถยนต์ New MG ZS ตามลิงค์นี้ได้เลยครับ:),neutral
ดีแล้วพี่แต่พยายามอย่าดูดดีกว่านะ เพราะกลัวมันจะติดทั้งคู่อะ,neutral
มันก็จะเหลืองๆหน่อยอะ พิกัดความเหลืองนี้อยู่ที่ 'ข้าวสาร หน้าโรงแรมบ้านชาติ' เจอ U motel สีเยลโล่สด งดงาม มามะมากัน กิจกรรมหนุกๆเพรียบ Umotel sleepwithU Ubeer,neutral
มึงๆๆมีโปรบุฟเฟ่ที่โลตัสบึงกาฬด้วย,neutral
ไก่ เบื่อเอ็มเค,negative
จัดไป...เลิกงานแล้วมาเลย555,neutral
อยากให้ตลอดปีนี้เหมือนปีที่แล้วอยู่อย่างนึงคือเรียกแท็กซี่คันไหนก็ไปหมด ไม่เคยโดนโกงและโรคจิตกราบบ,neutral
ลดอีกแล้วเทอ. แต่เทอก้อยังไม่มาอ่ะ 55,positive
ขนาดลอรีอัลที่กูใช้มาตั้งนานนมยังให้ผลกูเท่านี้ ไม่ต้องหวังพึ่งครีมอะไรก็ไม่รู้อะค่ะ เราจะไม่ด่าคนที่หลงเชื่อ แต่อย…,negative
ไหนบอกจะเลิก,negative
ไม่อร่อย ไม่หอม ไม่เหี้ยอะไรทั้งนั้น ไม่ได้ทำให้อาหารรสชาติดีขึ้นด้วย!!! เกิดมาทำไม!! ต้นหอมไม่สมควรมีอยู่บนโลกใบนี้เหม็นจะตายอยู่แล้ว ทีมไม่แดกต้นหอม,negative
เจ้า หิวว,neutral
18ค่ะ,neutral
กรดไหลย้อน กรดไหลย้อนเป็นโรคที่น้ำย่อยหรือกรดในกระเพาะอาหารไหลย้อนไปที่หลอดอาหารเนื่องจากความผิดปกติของหูรูดหลอดอาหารทำให้เกิดการอักเสบมักพบในคนทำงานที่อาศัยอยู่ในเมืองใหญ่สาเหตุจากการกินอาหารเย็นดึกแล้วเข้านอนทันทีหลังอาหาร ดื่มแอลกอฮอล์/น้ำอัดลม อาการที่พบคือ จุกแน่น ปวดแสบร้อนบริเวณหน้าอก เรอบ่อย รู้สึกขมในคอ อาจมีอาการเจ็บคอหรือไอเรื้อรัง การป้องกันหรือหลีกเลี่ยงภาวะดังกล่าว ควรกินอาหารให้ตรงเวลาไม่เข้านอนทันทีหลังกินอาหารเสร็จโดยควรทิ้งเวลาหลังอาหารเย็นอย่างน้อย4 ชั่วโมง ลดการกินอาหารทอดอมน้ำมันและอาหารรสจัดเช่น เผ็ดจัดเปรี้ยวจัดเค็มจัด ควรงดผลไม้ที่มีความเป็นกรด เช่น ส้ม มะนาว และผักบางชนิด เช่น มะเขือเทศ หอมหัวใหญ่ เครื่องเทศ พริกไทย หลีกเลี่ยงการดื่มกาแฟ น้ำอัดลม กินอาหารครั้งละน้อยๆ แต่บ่อยครั้ง ไม่ควรสวมเสื้อผ้าที่รัดเกินไป เพราะจะเพิ่มความดันในช่องท้อง หากอาการหนักแพทย์จะให้กินยาลดกรดในกระเพาะอาหาร การปรับระดับหัวเตียงสูงขึ้นก็สามารถช่วยบรรเทาการเกิดโรคกรดไหลย้อนได้ ที่มา: หนังสือ อยากสุขภาพดีต้องมี 3อ. สำหรับวัยทำงาน จัดทำโดย: มูลนิธิหมอชาวบ้าน เรื่องสุขภาพมั่นใจให้เราดูแล โรงพยาบาลกรุงเทพราชสีมา,neutral
4ม.ค.เวลา 20.15 น. สนง.กสทช. ประชุมร่วมกับ3ค่ายมือถือ เอไอเอส ทรู ดีแทค ให้ผู้ใช้บริการมือถือในจ.นครศรีธรรมราช โทรฟรี 50 นาที /ใช้งานเน็ตฟรี 1 กิกะไบต์ วันที่ 4-6 ม.ค. 62 พายุปาบึก ไทยรัฐทีวี,neutral
"💦 จะสงกรานต์แล้ว งานนี้ Canmake ขอรวบรวมไอเท็มเด็ดที่ช่วยให้เมคอัพของสาวๆ อยู่ครบจบวันกับเทศกาลสงกรานต์นี้ 🎀 Mermaid Skin Gel UV กันแดดเนื้อเจลเบาสบาย SPF 50+ PA++ ที่ช่วยบำรุงผิวด้วยส่วนผสมจามธรรมชาติ เหมาะกับสาวๆทุกสภาพผิว และยังมีคุณสมบัติเป็นไพร์มเมอร์ช่วยให้เครื่องสำอางของสาวๆติดแน่น ทนนานตลอดวัน ราคาเพียง 300 บาท 🎀 Smooth Skin Primer ไพร์มเมอร์เนื้อมูส ช่วยควบคุมความมัน อำพรางรูขุมขน ให้ผิวดูเรียบเนียน และปรับสีผิวให้สม่ำเสมอ makeupติดทนนานยิ่งขึ้น ราคาเพียง 350 บาท 🎀 Lasting Multi Eyebase WP เบสสูตรกันน้ำที่จบทุกปัญหา Eye makeup ช่วยให้อายแชโดว์สีติดชัดติดทน ใช้ได้ทั้งเปลือกตาและคิ้ว ราคาเพียง 250 บาท 🎀 Marshmallow Finish Powder แป้งอัดแข็งไม่ผสมรองพื้น เนื้อนุ่มเหมือนมาร์ชเมลโล่ พร้อมกันแดด SPF 26 PA+++ ช่วยให้ผิวสวยกระจ่างใสอย่างเป็นธรรมชาติ มีสี MO Matte Ochre , MB Matte Beige Ochre, ML Matte Light Ochre ราคาเพียง 450 บาท 🎀 Cream Cheek บรัชออนเนื้อเจล เกลี่ยง่าย สีชัดติดทน ไม่เป็นคราบระหว่างวัน มีหลากหลายสีให้สาวๆได้เลือกกัน 05 Sweet Apricot, 07 Coral Orange, 14 Apple Cream Red, 15 Antique Milk Rose, CL01 แบบใส, CL05 แบบใส, CL06 แบบใส, CL08 แบบใส ราคาเพียง 280 บาท 🎀 Eyebrow tint Jelly เจลเขียนคิ้ว สูตร 1 Day Tattoo เคล็ดลับคิ้วสวยดูเป็นธรรมชาติไม่ลบเลือนตลอดวัน มีสี Milk Espresso และ Cappuccino ราคาเพียง 290 บาท สาวๆคนไหนยังไม่มี Makeup กันน้ำไปลุย ต้องรีบไปสอยกันแล้วค่ะ 💖",neutral
งงอิต่ายมาก ถามว่ากลับยังไง มันบอกจะนั่งรถไปลงอนุฯละนั่งรถเมล์ที่ซื้อบัตรเหมากลับ ค่ดลงทุนอะอิสัด ทั้งที่จาก jj ก็กลับบ้านมันได้ มันบอก ประหยัดเงินเพราะซื้อบัตรเหมาแล้ว เลยถามว่าต้องเสียค่า bts กลับไปอนุฯอะนะ? มันบอกนั่งรถเมล์ฟรีกลับอนุฯ โอ้ย 55 ลงทุนสัดเพื่อขึ้นเมล์ฟรี,neutral
ศุกร์ที่ 1 ไม่รับจองโต๊ะ ไปก่อน 1 ทุ่มได้ Jameson คร้าาา,neutral
ห่ะ เนื้อเป็นฝี,negative
จ้าแม่นาง,positive
ฮืออ,neutral
ทำไมไทยเราถึงบุหรี่ไฟฟ้าไม่ถูกกดหมาย,neutral
จากกรณีการเสียชีวิตของเซนติเมตรที่ไม่ควรเกิด ต่อด้วยบล็อคเกอร์ชาวจีนรถชนแขนขาดที่ไทย คำถามคือทำไมสถิติคนตายบนถนนในไทยพุ่งเป็นอันดับ 2 ของโลก ถ้ามันเป็นอุบัติเหตุ “ปกติ” การตายก็ต้องอยู่ในค่าเฉลี่ยในโลกไม่ใช่เหรอ? แต่พอมาดูวินัยการขับขี่คนไทยในวันนี้ รวมถึงการไม่เคร่งครัดรักษากฏระเบียบจากตำรวจแล้ว ถ้าไม่ปรับปรุงตัวกัน เราจะขึ้นเป็นอันดับ 1 แน่ๆ,negative
เห็นน้องที่บริษัทใช้ ก็เลยให้ลองไปซื้อมาใช้ ใช้ไปสักพักทางSnailwhiteก็มาติดต่อให้เป็นพรีเซนเตอร์ก็เลยรับครับ,neutral
ชาแนลอย่าใช้เลยคุณ เราแบบเสียดายตังค์มากก แพงแต่ไม่โอเค น้ำหอมก็แรงเหลือเกิน อยากลอง Three จะรอกลับไปสอยที่ไทยค่ะ,negative
สาขาบ้านเราก้อไม่มีเหมือนกันกุ้งอ่ะ,negative
ตำรวจไทยแม่งยุในกะลา,negative
จัดค่ะ,neutral
คนขายคือตอบไวมากกก เหมือนตั้งแจ้งเตือนเป็นระฆังที่บ้าน ถูกมากและดีมาก คุยง่าย ใจดี โอ้ยยดี55 ไม่ต้องไปหาเพื่อนหารNetflix มาหารที่นี่เลยจ้า Yesรีวิว หารnetflix,positive
เบียร์ช้างจ่าย,positive
เดี๋ยวนี้ไม่เห็นดอยสุเทพเลย มัวไปหมด,negative
น้ำซุปต้มแซ่บ,neutral
โปร โฮการ์เด้นไหมอ่า...,neutral
โคตรได้ 55,positive
มึงอ่ะดิแคบ ยาแผนไทยน่ะกรูโคตรสนับสนุนเลย แต่นั่นคือของแท้ ที่เขามีการศึกษา วิจัย กันจริงๆจังๆ ไม่ใช่ทดลองกับมะเร็งจิ๋มหมาแล้วมาบอกว่ารักษาคนได้ แล้วก็ อย เขารู้นานละว่ามันมีไรในยามั่ง และมันไม่มีสรรพคุณในการรักษามะเร็งเว้ย,neutral
เบียร์ช้าง,neutral
3️⃣4️⃣3️⃣,neutral
รับนะค่ะ Cf lip dior 126 /680,neutral
รถ โอเคนะคะ แต่ศูนย์บริการ และบริษัท นิสสัน ลีสซิ่ง (ประเทศไทย) จำกัด บริการได้โคตรยอดแย่ ค่ะ,negative
ราคา 405000. สนใจจ้า,neutral
เป็นคนไม่กล้าใช้ของก๊อปแบรนด์แพงๆอย่าง Chanel Hermes ไรเทือกๆนั้นอะ กูไม่ได้ดูมีเงินพอที่จะหิ้วได้ ดูไงก็เออก๊อปแน่ เห็นขายกันเกลื่อนSOSไอจีแล้วแบบ เอ้ มันไม่เป็นการละเมิดลิขสิทธิ์หรอวะ ถึงแม้จะไม่ได้ตีตราโลโก้แบรนด์ แต่ถ้าทรงแบบนี้ก็คือดูออกปะ,neutral
โดยส่วนตัวเราชอบในการตอบสนองของฝ่ายบริหารที่ออกมาแถลงอย่างรวดเร็ว ก็รอฟังผลแล็บค่ะ ปล.เดี๋ยวนี้ข้าวผัดกระเทียมไม่อร่อยเลย ไม่หอมเนย ไม่หอมกระเทียม มีความแห้งๆ สู้สมัยก่อนไม่ได้ที่ข้าวผัดกระเทียมก้อนคือที่สุด อยากให้ปรับปรุงมากตรงจุดนี้,negative
เก็บเงินไปกินบาบีก้อนก่อน 555,positive
กาวผ้าอนามัยเป็นอะไรกับกูมากไหมหืม,negative
เหมือน,positive
สนามบอล เฮ้ยย!ไม่ใช่ สนาม ช้างอารีน่า บุรีรัมย์,neutral
วันสายๆของคุมแม่ พี่แท็กซี่ก็พาอ้อมให้สายไปอีก 😒,negative
อยากให้เปรียบเทียบสมรรถนะของรถรวมถึงความปลอดภัยของ Subaru XV กับ C-HR หน่อยครับว่ามีข้อดีข้อเสียอย่างไรบ้างครับ ตัวไหนน่าจะเหมาะครับ(ปกติผมขับรถไปต่างจังหวัดบ่อย มีขับขึ้นเขา อยากได้รถที่มีแรงดีหน่อย และช่วงล่างดี ขับเร็วประมาณ 80-140 กม/ชม ครับ),negative
อึหือ,neutral
จัดเบียร์ช้างมาชักเมาขอนิทราก่อนนะปักไว้อ่านพรุ่งนี้กุดไนท์ๆแอดบี,positive
เข้าพักเพื่อ พักผ่อนระหว่างทำธุระ สะอาด ปลอดภัย เงียบ ส่วนตัว,positive
ลวกสุกี้ กับบะหมี่เป็ดย่างนานขนาดนั้นเลย หรือกำลังไปจับเป็ดอยู่คะ,negative
ซาบซึ้งใจ อ่ะ สังคมนี้ยังมีคนที่ไม่ทอดทิ้งกัน กระดับชั้น เลิกกินสิงห์ มานาน เพราะทนเห็นการเป่านกหวีด ของสาวสวยไม่ไหว คงต้องกลับมาอุดหนุนสิงห์กันต่อ,neutral
แท๊กไปงั้นแหละไม่แต่งหรอก,negative
ไปรวมกันนี้ไม่เอา ตัว vape ไปเเน่นอน 55,positive
แอคที่นุสั่งของอินนิสฟรีเงียบเรยค่ะ ตอนเดมถามของอะตอบ พอเดมสั่งละเงียบเรย นุควรทำยังไงดีคะ🤔,negative
MG ออกแบบมาพร้อมสมรรถนะคุณภาพสูง รองรับความปลอดภัยในการใช้งาน มั่นใจในทุกเว้นทางเมื่อขับขี่ MG,neutral
ม่ายยย หมายถึงคนจีนภาคใต้บ้านเรากับทางมาเลย์​สิงคโปร์​ฮะ เนอะอยากกินนน อยากลองหาร้านอร่อยๆในกรุงเทพฯ​ดู เบื่อเอมเค,negative
...อย่าว่างันนี้ ผีตรงจัดที่โชว์ดีซีนี่แหละ เออะเหอะๆๆ,negative
ไม่อยากแต่ต้องลอง หุหุ,neutral
ลองเลยยย นุ่มลื่น,positive
ประเด็นอื่นก็ว่าอาจารย์ปิยบุตรได้นะ แต่ประเด็นที่อาจารย์ปิยบุตรบอกว่าไม่อยากอยู่ประเทศนี้ ไม่อยากให้ลูกเติบโตมาในประเทศนี้ คือแบบ ก็นี่ไง เขาเลยมาทำอะไรสักอย่างให้ประเทศมันน่าอยู่ขึ้น คนที่ด่าก็คือ พอบ่นก็หาว่าบ่นเป็นอย่างเดียวไม่ทำอะไร พอมีคนลุกขึ้นมาทำอะไรก็ขัด เป็นอะไรอะ,neutral
ทำเกินไปครับแค่บุหรี่ไฟฟ้า,negative
เป็นตาแซบ,positive
รีบจัดสิฮะ,positive
อเครๆ ไว้ไปกันนะคะ,neutral
ไปปะละ ๆ อยากอยู่,positive
จ่ะ,neutral
เดินไปกันไหม,neutral
เสียดายต้องชดใช้เงินแทนลูกค้าแทนมาระงับกันเฉยไม่ให้ใช้แบบโอนเงินเข้าบช./พพ.แล้วทำมาเพื่อไรขายของออนไลน์เงินมันก้อต้องมีเข้ามีออกมากน้อยแต่ระวันเมื่อก่อนว่าMpayของเอไอเอสแย่แล้วนะถึงมาใช้ทรูเพราะเหนเขาใช้กันเยอะ,negative
ยก leo หลายลังไปส่งให้พี่รัฐถึงโรงแรม แต่พี่ไม่ชวนจะกินซักคำ 🎵,neutral
ฟ้องเลยครับ ให้ขัอมูลอันเป็นเท็จ ว่าแต่ใครจะเป็นคนฟ้องล่ะ,negative
"พูดถึงรถยนต์ตัวท็อปที่อีซูซุผลิต หนึ่งในนั้นต้องมี Isuzu-Dmax อยู่ด้วยแน่นอน . Isuzu D-Max V-Cross 4x4 The Limited 3.0 Ddi Blue Power ภายในดีไซน์ใหม่ล้ำสมัย ต่อยอดความสะดวกสบายสูงสุดตามแบบฉบับอีซูซุ ภายใต้แนวคิดการออกแบบภายในตามหลัก Universal Design ของอีซูซุที่ได้รับการยอมรับว่า ใช้งานง่าย สะดวกสบาย พัฒนาไปอีกขึ้น . พร้อม ""Isuzu Connect World"" เทคโนโลยีเชื่อมต่อสมบูรณ์แบบที่จะทำให้ผู้โดยสาร รถ และทั้งโลก เป็นหนึ่งเดียวกัน เข้าถึงทุกข้อมูล และทุกความบันเทิงได้ง่ายดาย ด้วยการเชื่อมต่อกับ Smartphone รองรับทั้งระบบปฏิบัติการ iOS และ Android ด้วยฟังก์ชั่นมากมายเชื่อมต่อผ่าน Application ที่ออกแบบให้ตอบรับไลฟ์สไตล์ของผู้ใช้รถสูงสุด . โดยใช้งานผ่านหน้าจอใหม่! ระบบสัมผัส 8 นิ้ว ยังมีระบบนำทางใหม่ครอบคลุมทุกการค้นหา iSMART Navi Thailand แผนที่เวอร์ชั่นล่าสุด อัพเดทได้ง่าย และสามารถใช้งานแผนที่แบบไม่ต้องเชื่อมต่อสัญญาณอินเตอร์เน็ต เทคโนโลยี Mirroring (เฉพาะระบบปฏิบัติการ Android) เมนูแสดงหน้าจอเดียวกันกับ Smartphone ให้เข้าถึง Social Network และความบันเทิงต่างๆ ได้แบบสุดๆ",positive
นั่นนะสิ ลำบากมากเลยทีเดียว,negative
ชีสๆ,neutral
ไม่กินหมูกะทะะ,negative
ซื้อมาลองอีก ตอนแลงหนิ 😂😂,neutral
กากมาก แทนที่จะให้ฟรีๆ ค่ายอื่รเขาไปไหนแล้ว คันต่อไปขอไม่ฮอนด้า,negative
ไม่มีเฟส แท๊ก บ่ได้555,neutral
เด่วนี้แดกสปาย3ขวดก็เมาละ rip,negative
เอารถเข้าศูนย์ toyotaก็มีโขมยน้ำมัน จับมันไม่ได้ อืม 🙄,negative
จะดีเราะ,positive
จะเอายาริส จะเอายาริส จะเอายาริส ให้แม่,neutral
อ่ะได้หมดถ้าเตงเลี้ยง,neutral
นิสสันเปลี่ยนเกียร์ง่ายกว่าโตโยต้ามากเวอร์,negative
ออกมาเพิ่มรสชาติและสร้างความกลมกล่อมของความสุขให้กับชีวิตไป กับคอนเสิร์ต BIG ASS ได้ที่ร้าน SNOP รัชดา วันเสาร์ที่ 2 ธ.ค. 60 ชีวิตดีเรามีได้ งานนี้ไม่รับจองโต๊ะในเฟส หรือในเพจนะจ๊ะ เค๊ากลัวตกหล่น ตัวเองโทรจองอย่างเดียว 088 888 88 และ 08 88 88 88 88 ตั้งแต่บ่ายสามโมงยันตีสาม,neutral
ยาก,negative
ออล นิวนิว โตโยต้า อัลติส,neutral
หมดหล่ะ,neutral
ซีวิคออกแบบได้เหลือเชื่อสุดละ มีความกล้าในการออกแบบอย่างยิ่ง โตต้ามาออกแบบเช่นนี้ก็ดูธรรมดาๆเช่นเดิม,positive
วันนี้ไปทานที่โฮมโปรจันทบุรีไม่เห็นลดราคาเลย,negative
ใช้ของ Ter เป็นคูชชั่น ปกปิดดี แต่พอระหว่างวันแอบเยิ้ม แนะว่า ตบบางๆ พอ หน้าร้อนด้วย หน้าจะมันมาก แต่ถ้าไป ตปท. อากาศหนาวเอาอยู่แน่นอน ให้8/10 หักเพราะเยิ้มระหว่างวัน หน้าเรานะ คนอื่นไม่รู้ เราผิวผสมค่ะ ถึงขั้นต้องเอาแป้งloose ของ Bauté มากลบทับจะได้ไม่มัน,positive
"โอกาสสุดท้ายที่จะได้ร่วมเชียร์และร่วมโหวต “SOUL 4 STREET U-LEAGUE FASHION BATTLE” ร่วม Vote ให้กำลังใจ ""เบรฟ"" TU โดยการกด Like และ share จากรูปใดก็ได้ทั้ง 8 รูป ในอัลบั้มนี้เท่านั้น 1 like = 1 คะแนน, 1 share = 3 คะแนน ปิดโหวต 24 กันยายน 2560 เวลา 22.00 น. ผู้ที่ได้เป็น Top 3 จะได้รับรางวัลพิเศษ ได้แก่ - Soul4Street U are Culture : เงินสด 25,000.- จำนวน 2 รางวัล รวมมูลค่า 50,000.- (ชาย 1 รางวัล หญิง 1 รางวัล) - Soul4Street first runner-up : Voucher 15,000.- จากร้าน F lab จำนวน 2 รางวัล รวมมูลค่า 30,000.- (ชาย 1 รางวัล หญิง 1 รางวัล) - Soul4Street second runner-up : Voucher 5,000.- จากร้าน F lab จำนวน 2 รางวัล รวมมูลค่า 10,000.- (ชาย 1 รางวัล หญิง 1 รางวัล) ตัวแทนจากมหาวิทยาลัยใด จะได้รับรางวัลไป ร่วมส่งแรงเชียร์ได้ง่ายๆ แค่กด like และ share เท่านั้น! Soul4Street Ubeer Uareculture WetnWild Flabcollect Singhalifethailand Seek Bratpack",neutral
อยากรู้อะไรยุ่ในไข่,neutral
"::: เผยเคล็ดลับ ดูแลผู้สูงอายุยุค 4.0 อย่างมั่นใจเต็มร้อย ::: เราจะเตรียมพร้อมดูแลผู้สูงอายุยุคใหม่อย่างมั่นใจเต็มร้อยได้อย่างไรบ้าง? มาร่วมรับฟังเคล็ดลับดี ๆ จากทีมผู้เชี่ยวชาญหลายสาขาในหัวข้อที่น่าสนใจ อาทิเช่น การฝึกสมองชะลอวัย ยาเรื่องเล็กแต่ไม่เล็ก ผู้ป่วยสบาย ผู้ดูแลมีความสุข รวมทั้งภายในงานยังมีบูธให้บริการตรวจวัดมวลกระดูก การทดสอบความจำ และการทรงตัวของผู้สูงอายุ โดยไม่คิดค่าใช้จ่าย พบกันวันเสาร์ที่ 11 พ.ย. 2560 เวลา 08.00-12.30 น. ณ ศูนย์ประชุมชั้น 21 อาคารบำรุงราษฎร์ อินเตอร์เนชั่นแนล คลินิก สนใจสอบถามรายละเอียดเพิ่มเติมได้ที่เบอร์ 02 222 22 ดูรายละเอียดงานเพิ่มเติมได้ที่นี่ ::: Caring for Older Adults with Confidence ::: What are the proper ways to care for older loved ones? Learn the proper ways to care for older adults with a team of specialists from a variety of fields. The topics covered will include proper brain exercises, medications, and how content older adults will allow peace of mind for those around them, to name a few. Bone density tests, memory loss tests, and instruction on how to assist with balance problems will also be available free of charge. Saturday, November 11, 2017 at 08.00 – 12.30 hrs., 21st Floor Conference Room, Bumrungrad International Clinic (BIC) Building. For more information, please contact us at +66 66 66",neutral
แค่บุหรี่ไฟฟ้าทำขนาดนี้ ..ทีอิเปรี้ยวกุเห็นตำรวจถ่ายรูปด้วยอย่างกะเจอดารา..แสรดด,negative
กฏหมายไทยมันเป็นกฏหมายเตะหมูเข้าปากหมา เป็นแบบนี้มานานแล้ว ทำใจเถอะก็เหมือนโต๊ะสนุ๊กเกอร์แหละครับ ไม่มีวันถูกกฏหมายแต่มีทุกจังหวัดแทบทุกอำเภอในไทยและมีโต๊ะไหนบ้างที่ไม่จ่ายส่วย? ไม่มีหรอก,negative
แหมมม ทันสมันอินเทรนด์มากก MK,positive
จับทำไมบุหรี่ไฟฟ้า,neutral
ร่วมลงชื่อด้วยครับ ยังไงบ้างครับ,positive
ได้พอค่า285หงษ์ทองลีโอช้างอ่ะอ้ายต๋อง555,positive
ตอนมาเสิร์ฟก็เซ็งๆ ขี้เกียจเรียก พนง เห็นยุ่งๆ ก็กินตามที่ได้ พอเก็บตัว คุยกะน้อง พนง เอารูปคุยกะทางร้าน ลดราคาให้ 10% ทางร้านตอบว่า เมนูใหม่เพิ่งทำวันแรก ลืมใส่หมูต่างๆมาให้ ฮาา สภาพเหมือนน้ำซุปเหลือ มีเศษหมูสับติดมาในน้ำซุป,negative
สมาชิกปี 20 ไม่ได้เหรอ บัตรสมาชิก ใช่ต่อเนื่องมาตั้งนานและ เป็นสมาชิกมาไม่น้อยกว่า 7 ปี ตามอายุลูกสาวเลย,neutral
พะอัพในโฆษณาการ์นิเย่แม่ง แง,negative
สั่งแบบมีเบคอนแต่ได้แบบธรรมดา 🙄 10 บาทก็เงินนะ 2 ชิ้น ก็ 20 บาท โทรหาพนักงานสาขานั้นได้บอกแค่ว่าจะติดต่อกลับ แล้วเงียบหาย 🙄 McTHAi สาขา Max valu Laksi 🙄,negative
ซื้อ 4 ประตู ดีแมคคันนึง เอา รีโว่อีกคัน ตังยังเหลือเลย,negative
น่ากิน มันจะยืดแบบนั้นป่ะ,positive
"ข้อมูลจากกรมทะเบียนการค้าล่าสุด เดือนตุลาคม 2542 ระบุไว้ว่า มีผู้ถือหุ้นใหญ่ 4 รายคือ สำนักงานทรัพย์สินส่วนพระมหากษัตริย์ 37.5% ไทยพาณิชย์ 25% และแลนด์ แอนด์ เฮ้าส์ 14% และอนันต์ อัศวโภคิน ประมาณ 11% -สำนักงานทรัพย์สิน ซึ่งเปลี่ยนชื่อผู้ถือครองเป็น""วชิราลงกรณ์"" ไปเรียบร้อยแล้ว",neutral
ตังออกวันไหน,neutral
"โรบินสันชวนคุณพบกับสิทธิพิเศษถึง 6 ต่อ* มูลค่ารวมสูงสุด 18,000.-* เมื่อช้อป SK-II Limited Edition Set หรือผลิตภัณฑ์ SK-II ใดๆ วันนี้ - 7 พ.ค. 61 ที่ โรบินสันพิษณุโลก รายละเอียดโปรโมชั่น*: ▪ ต่อที่ 1: ส่วนลด 10% สำหรับสินค้าราคาปกติ ▪ ต่อที่ 2: ส่วนลดเพิ่ม 12.5% (เมื่อใช้คะแนน The 1 Card เท่ายอดช้อป) ▪ ต่อที่ 3: ชุดของขวัญจากแบรนด์ (เมื่อช้อปครบตามเงื่อนไข) - ช้อปครบ 12,000.- รับฟรีชุดของขวัญ Deluxe Set มูลค่า 3,500.- และคะแนน SK-II Crystal Club Points X2 - ช้อปครบ 22,000.- รับฟรีชุดของขวัญ Indulgence Gift set มูลค่า 6,500.- และคะแนน SK-II Crystal Club Points X2 ▪ ต่อที่ 4: บัตรของขวัญจาก SK-II มูลค่าสูงสุด 2,000.- (เมื่อช้อปครบตามเงื่อนไข) - ช้อปครบ 2,800.- รับบัตรของขวัญจาก SK-II มูลค่า 200.- (เฉพาะลูกค้าใหม่ที่ไม่เคยมีประวัติการซื้อจากแบรนด์) - ช้อปครบ 12,000.- รับบัตรของขวัญจาก SK-II มูลค่า 1,000.- - ช้อปครบ 22,000.- รับบัตรของขวัญจาก SK-II มูลค่า 2,000.- ▪ ต่อที่ 5: รับคะแนน The 1 Card สูงสุด 14,000 คะแนน (เมื่อช้อปครบตามเงื่อนไข) - ช้อปครบ 12,000.- รับคะแนน The 1 Card 7,200 คะแนน - ช้อปครบ 22,000.- รับคะแนน The 1 Card 14,000 คะแนน ▪ ต่อที่ 6: สิทธิพิเศษจากบัตรเครดิตที่ร่วมรายการฯ ▪ เฉพาะสาขาที่ร่วมรายการฯ ขอสงวนสิทธิ์ในการเปลี่ยนแปลงโดยมิต้องแจ้งให้ทราบล่วงหน้า โปรดตรวจสอบเพิ่มเติม ณ จุดขาย robinsonphitsanulok SKIIchangedestiny changedestiny promotion cosmetic skincare เอสเคทู โปรโมชั่น เครื่องสำอาง",neutral
อยากซื้อถ้าราคาเท่า พรีอุสหรือเป็นตัวแทนพรีอุสก็ยังดี,neutral
เพื่อนแลหิวมากเลย555,neutral
ไลค์+แชร์เเล้วจ้ะ อิอิ,positive
เอา 33 ไปแดกกก ล้มเลิกรางวัลบาบีก้อนได้แล้ว 55,neutral
สั่งมามอม่ะพน,neutral
:: Toyota Crown Modellista เตรียมเปิดตัวในงาน Tokyo Auto Salon 2018 . Toyota Crown Modellista เตรียมเปิดตัวในงาน Tokyo Auto Salon 2018 Toyota Crown Modellista เป็นรถซีดานที่พัฒนาต่อยอดมาจาก Toyota Crown Concept พร้อมเผยโฉมในงานมหกรรมรถยนต์ในเดือนมกราคม 2018 ประเทศญี่ปุ่น . เพิ่มเติม:,neutral
ทุกวันนี้ผมไม่กล้ากินสัตว์ใหญ่ๆเลยครับ จากกินช้างไปกินเป็นสิงห์แทน,positive
Nissan Navara รุ่นนี้ ดูแล้วสวยมากแข็งแกร่ง ชอบมากค่ะ สีก็สวยด้วย,positive
ทำเกินเหตุนะ แค่บุหรี่ไฟฟ้า,negative
"ขอพรสิ่งศักดิ์สิทธิ์!!! เจ้าแม่ผงชูรส-เจ้าพ่อปลากระป๋องหางนกยุง-เจ้าแม่มะขามหวานเมืองทอง-เจ้าพ่อซีอิ้วดำ-เจ้าแม่น้ำปลาทิพย์รส-เจ้าพ่อขาหมูบางรัก-เจ้าแม่มะนาวปลอมบางเขน-เจ้าพ่อรสดี-เจ้าแม่มาม่าต้มเย็นตาโพ-เจ้าพ่อพริกขี้หมูยะละ-เจ้าแม่น้ำตาลเค้ม-เจ้าพ่อM150-เจ้าแม่กาแฟขี้ชะมด-เจ้าพ่อปลาร้า101-เจ้าแม่กล้อยทอดภูเขาทอง-เจ้าพ่อโรตีอยุธยา-เจ้าแม่ประนอม-เจ้าพ่อโจ๊กสามย่าน-เจ้าแม่ขนมจีนสนามหลวง-เจ้าพ่อปลาเค้มสะพานปลา-เจ้าแม่แคบหมูเชียงใหม่-เจ้าพ่อไกย่าง5ดาว !!! ลูกมาขอพรขอให้ลูกใด้บัตรฟรี""Waterzonic""ด้วยเถอะ... สาธุ!!! เจ้าพ่อเจ้าแม่ ลูกก็ช่วยเจ้าพ่อเจ้าแม่มานานช่วยลูกหน่อยนะชูก้าๆๆ waterzonic Waterzonic2017 ChangMusicConnection",neutral
กินหลายทีก็ไม่หร่อยละอ่ะ,negative
ดูแค่นี้ก็รู้แล้วว่าเบียร์ลีโอ เบลอภาพหาพ่อมึงเหรอ,negative
ผมใช้มอสไซดีไมคับ,neutral
"🔥💦""North Festival 2018 Water War” สงครามสาดน้ำที่ใหญ่และเดือดที่สุดในภาคเหนือ ปีนี้ขนทั้งความเปียก และ ความมันส์ มาสร้างปรากฏการณ์ให้ชาว EDM ต้องจดจำ! นำทัพโดยดีเจระดับโลก อย่าง Kill The Noise, Valentino Khan, UZ, Dirtcaps และทัพดีเจไทยชั้นนำอย่าง Sunzone x Joelung, Roxy June ,Make You Freak และ Animalz Project🔥💦 ถ้าคุณพร้อมเปียกก่อนใครในสงครามน้ำครั้งนี้ สามารถซื้อบัตรได้ที่ 👉🏻Counter Service (All Ticket) ในร้าน 7-Eleven ทุกสาขาทั่วประเทศ 👉🏻Online ทาง ticketmelon.com/event/northfest2018 👉🏻ร้าน Zoe in Yellow เชียงใหม่ **บัตร 1 ใบ สามารถใช้เข้างานได้ทั้ง 2 วัน!!** *** งานนี้อายุ 20 ปีขึ้นไป *** แล้วมาเจอกัน วันที่ 2-3 มีนาคมนี้ ที่ ลานประเสิรฐแลนด์ == 💦🔥“North Festival 2018 Water War” The biggest water war festival in Chiangmai, This year you will get crazy, wild and wet for 2 nights. It will be one of phonemonon of EDM festival that you can not miss. Dance with top international djs such as Kill The Noise, Valentino Khan, UZ, Dirtcaps and top djs from Thailand such as Sunzone x Joelung, Roxy june, Make you freak and Animalz Project.🔥💦 Prepare yourself to get wild and wet at North Festival 2018 Water War Ticket available at 👉🏻Counter Service (All Ticket) at all 7-ELEVEN store in Thailand 👉🏻Online Ticket at ticketmelon.com/event/northfest2018 👉🏻Zoe in Yellow, Chiangmai (Nightclub) ** 1 ticket for 2 days pass ** ***Age must be over 20 years old*** See you on 2-3 March, 2018 at Prasertland, Chiangmai More information: Northfest2018 Waterwar AmazingThailand ท่องเที่ยววิถีไทยเก๋ไก๋อย่างยั่งยืน Chang Airasia sharkenergydrink IconicClubbingStudio TEDentertainment",neutral
"อีซูซุส่งยนตรกรรมไลฟ์สไตล์ ""ใหม่! อีซูซุ เอ็กซ์-ซีรี่ส์"" (New Isuzu X-Series) อ่านต่อคลิกที่รูป",neutral
